Index,Traffic_Received,Traffic_Predicted
0,1,0
1,1,0
2,1,0
3,1,0
4,1,0
5,1,1
6,1,0
7,1,0
8,1,0
9,1,0
10,1,0
11,1,0
12,1,0
13,1,0
14,1,0
15,1,0
16,1,1
17,1,0
18,1,0
19,7,0
20,5,3
21,7,4
22,3,4
23,1,2
24,1,1
25,1,1
26,1,1
27,1,0
28,1,1
29,1,0
30,1,0
31,1,0
32,1,0
33,1,0
34,1,0
35,1,0
36,1,0
37,1,0
38,1,0
39,1,0
40,8,0
41,2,4
42,1,2
43,1,2
44,1,2
45,2,1
46,7,2
47,8,5
48,1,4
49,1,1
50,3,1
51,1,2
52,1,0
53,1,0
54,1,0
55,1,0
56,1,0
57,1,0
58,1,0
59,1,0
60,1,0
61,4,0
62,7,2
63,1,4
64,6,2
65,2,4
66,2,2
67,2,2
68,3,2
69,2,2
70,3,2
71,5,2
72,2,4
73,1,2
74,1,1
75,1,1
76,1,1
77,1,0
78,1,0
79,1,0
80,1,0
81,1,0
82,1,0
83,1,0
84,1,0
85,1,0
86,1,0
87,1,0
88,1,0
89,1,0
90,1,0
91,1,0
92,1,0
93,1,0
94,5,0
95,1,2
96,1,1
97,1,1
98,1,1
99,2,1
100,3,1
101,2,2
102,5,2
103,1,4
104,1,1
105,1,1
106,1,1
107,1,1
108,1,1
109,1,0
110,1,0
111,4,0
112,1,2
113,2,1
114,1,2
115,1,1
116,1,1
117,1,0
118,1,0
119,3,0
120,2,2
121,1,2
122,1,1
123,7,1
124,2,3
125,6,2
126,2,4
127,3,2
128,3,2
129,5,2
130,8,4
131,12,6
132,4,5
133,1,3
134,1,1
135,1,1
136,1,1
137,1,1
138,3,1
139,1,2
140,1,1
141,1,1
142,1,1
143,1,1
144,3,1
145,6,2
146,2,4
147,2,2
148,3,2
149,1,3
150,1,1
151,1,1
152,1,1
153,1,1
154,1,1
155,1,1
156,2,1
157,1,2
158,1,1
159,1,1
160,1,1
161,1,1
162,2,1
163,1,2
164,1,1
165,1,1
166,1,1
167,1,1
168,1,1
169,1,1
170,1,1
171,1,1
172,1,1
173,1,1
174,1,1
175,121,1
176,13,5
177,4,5
178,1,3
179,17,1
180,1,6
181,1,1
182,1,1
183,1,1
184,9,1
185,1,5
186,2,1
187,1,2
188,5,1
189,13,5
190,1,6
191,1,2
192,1,2
193,3,2
194,1,3
195,1,1
196,1,1
197,1,1
198,1,2
199,1,1
200,1,1
201,1,1
202,1,1
203,1,1
204,1,1
205,9,1
206,2,5
207,3,2
208,1,3
209,1,1
210,1,1
211,2,1
212,1,2
213,1,1
214,1,1
215,1,1
216,1,1
217,5,1
218,1,3
219,1,1
220,1,1
221,1,1
222,1,1
223,1,1
224,1,1
225,1,1
226,1,1
227,1,1
228,1,1
229,1,1
230,1,1
231,1,1
232,1,1
233,1,1
234,2,1
235,1,2
236,1,1
237,2,1
238,1,2
239,1,1
240,1,1
241,1,1
242,1,1
243,1,1
244,2,1
245,2,2
246,1,2
247,1,1
248,3,1
249,1,2
250,1,1
251,1,1
252,1,1
253,1,1
254,1,1
255,4,1
256,1,2
257,1,1
258,1,1
259,1,1
260,1,1
261,1,1
262,1,1
263,5,1
264,5,5
265,3,5
266,1,3
267,1,1
268,1,1
269,5,1
270,6,4
271,1,4
272,1,2
273,1,2
274,1,1
275,1,1
276,1,1
277,1,1
278,1,1
279,3,1
280,3,2
281,1,2
282,1,1
283,2,1
284,1,2
285,2,1
286,3,2
287,2,2
288,3,2
289,3,3
290,3,3
291,2,3
292,1,2
293,1,1
294,1,1
295,1,1
296,1,1
297,1,1
298,1,1
299,1,1
300,2,1
301,1,2
302,1,1
303,1,1
304,1,1
305,2,1
306,1,2
307,3,1
308,1,2
309,1,1
310,1,1
311,1,1
312,1,1
313,1,1
314,1,1
315,1,1
316,1,1
317,2,1
318,6,2
319,2,3
320,1,2
321,1,1
322,1,1
323,3,1
324,1,2
325,2,1
326,1,2
327,3,1
328,3,2
329,6,2
330,2,5
331,5,2
332,2,4
333,1,2
334,2,2
335,1,2
336,4,1
337,1,3
338,1,1
339,3,1
340,3,2
341,1,2
342,2,1
343,1,2
344,1,1
345,1,1
346,3,1
347,1,2
348,1,1
349,1,1
350,3,1
351,2,2
352,4,2
353,4,4
354,5,4
355,2,4
356,2,2
357,2,2
358,1,2
359,13,1
360,6,6
361,3,5
362,2,3
363,4,2
364,1,3
365,1,1
366,3,1
367,1,2
368,1,1
369,1,1
370,1,1
371,1,1
372,1,1
373,1,1
374,1,1
375,1,1
376,4,1
377,1,2
378,4,1
379,2,3
380,3,2
381,2,3
382,1,2
383,1,1
384,1,1
385,1,1
386,2,1
387,2,2
388,1,2
389,1,1
390,1,1
391,1,1
392,1,1
393,3,1
394,1,2
395,1,1
396,1,1
397,1,1
398,2,1
399,1,2
400,1,1
401,1,1
402,1,1
403,1,1
404,1,1
405,2,1
406,1,2
407,1,1
408,1,1
409,1,1
410,2,1
411,1,2
412,1,1
413,1,1
414,1,1
415,3,1
416,7,2
417,2,5
418,4,2
419,1,4
420,1,2
421,2,1
422,1,2
423,1,1
424,1,1
425,1,1
426,1,1
427,1,1
428,1,1
429,3,1
430,2,2
431,2,2
432,1,2
433,1,1
434,1,1
435,1,1
436,1,1
437,1,1
438,1,1
439,2,1
440,3,2
441,1,2
442,1,1
443,10,1
444,1,5
445,2,2
446,3,2
447,2,3
448,12,2
449,5,5
450,3,5
451,1,3
452,1,1
453,2,1
454,1,2
455,1,1
456,1,1
457,1,1
458,1,1
459,3,1
460,1,2
461,1,1
462,1,1
463,1,1
464,1,1
465,2,1
466,3,2
467,3,2
468,2,3
469,4,2
470,2,3
471,2,2
472,1,2
473,1,1
474,2,1
475,1,2
476,1,1
477,1,1
478,1,1
479,1,1
480,1,1
481,1,1
482,1,1
483,1,1
484,2,1
485,2,2
486,2,2
487,1,2
488,1,1
489,1,1
490,1,1
491,1,1
492,1,1
493,1,1
494,1,1
495,1,1
496,1,2
497,1,0
498,1,1
499,1,2
500,1,1
501,1,1
502,1,1
503,1,1
504,7,1
505,5,4
506,1,5
507,1,2
508,1,1
509,1,1
510,1,1
511,1,1
512,1,1
513,1,1
514,1,1
515,1,1
516,1,1
517,1,1
518,1,1
519,1,1
520,1,1
521,1,1
522,1,1
523,1,1
524,1,1
525,1,1
526,1,1
527,1,1
528,1,1
529,1,1
530,1,1
531,1,1
532,1,1
533,1,1
534,1,1
535,1,1
536,1,1
537,1,1
538,1,2
539,1,1
540,1,1
541,4,0
542,1,2
543,1,1
544,1,1
545,3,1
546,1,2
547,1,1
548,1,1
549,1,1
550,1,1
551,1,1
552,1,1
553,1,1
554,1,1
555,2,1
556,1,2
557,1,0
558,1,1
559,1,1
560,1,1
561,3,1
562,1,2
563,1,1
564,1,2
565,1,2
566,1,2
567,1,1
568,1,1
569,1,1
570,1,1
571,2,1
572,1,2
573,1,1
574,1,1
575,1,1
576,1,1
577,1,1
578,1,1
579,1,1
580,1,1
581,3,1
582,1,2
583,1,1
584,1,1
585,1,1
586,1,1
587,1,1
588,1,1
589,1,1
590,1,1
591,8,1
592,1,5
593,2,2
594,1,2
595,1,2
596,1,2
597,1,2
598,1,2
599,1,2
600,1,1
601,1,2
602,1,1
603,1,1
604,1,1
605,1,1
606,1,1
607,1,1
608,1,1
609,1,1
610,1,1
611,1,1
612,1,1
613,2,1
614,1,2
615,1,1
616,1,1
617,7,1
618,1,4
619,1,1
620,1,1
621,1,1
622,11,1
623,4,4
624,3,4
625,2,2
626,1,2
627,1,1
628,4,1
629,1,3
630,1,1
631,1,1
632,1,1
633,4,2
634,1,3
635,1,2
636,2,2
637,1,2
638,1,1
639,1,1
640,1,1
641,1,1
642,1,1
643,1,1
644,1,1
645,4,1
646,1,2
647,1,1
648,1,1
649,1,1
650,1,1
651,1,1
652,1,1
653,1,1
654,1,1
655,1,1
656,1,1
657,1,1
658,1,1
659,1,1
660,1,1
661,1,1
662,1,1
663,1,1
664,1,1
665,2,1
666,2,2
667,3,2
668,1,2
669,2,1
670,1,2
671,1,2
672,1,1
673,1,1
674,4,1
675,1,2
676,1,1
677,1,1
678,1,2
679,1,1
680,1,1
681,1,1
682,1,1
683,1,1
684,1,1
685,1,1
686,3,1
687,2,2
688,1,2
689,1,2
690,3,1
691,6,3
692,1,4
693,1,2
694,1,1
695,1,1
696,2,1
697,1,2
698,1,1
699,1,1
700,1,1
701,1,1
702,3,1
703,1,2
704,1,1
705,1,1
706,9,1
707,1,5
708,1,1
709,1,1
710,1,1
711,1,1
712,1,1
713,12,1
714,1,4
715,1,1
716,1,0
717,1,0
718,3,0
719,1,2
720,1,1
721,1,1
722,1,0
723,4,0
724,1,2
725,1,0
726,1,0
727,1,0
728,1,1
729,1,1
730,1,0
731,1,0
732,1,0
733,1,0
734,1,0
735,1,0
736,1,0
737,1,1
738,1,1
739,1,1
740,1,1
741,1,1
742,1,0
743,3,1
744,8,2
745,7,4
746,3,5
747,2,3
748,6,2
749,4,4
750,4,3
751,2,3
752,4,2
753,3,3
754,3,2
755,1,3
756,2,1
757,5,2
758,2,4
759,4,2
760,3,3
761,1,2
762,3,1
763,2,2
764,1,2
765,1,1
766,1,1
767,3,1
768,1,2
769,1,1
770,2,1
771,1,1
772,1,1
773,1,1
774,1,1
775,1,1
776,1,1
777,1,1
778,1,1
779,1,1
780,2,1
781,3,2
782,1,2
783,4,1
784,2,3
785,1,2
786,2,1
787,1,2
788,1,1
789,3,1
790,1,2
791,1,1
792,1,1
793,1,1
794,1,1
795,1,1
796,1,1
797,1,1
798,1,1
799,1,1
800,1,1
801,1,1
802,3,1
803,2,2
804,2,2
805,2,2
806,1,2
807,2,1
808,3,2
809,4,2
810,4,3
811,6,3
812,2,5
813,1,2
814,3,1
815,1,3
816,1,1
817,1,1
818,1,1
819,1,1
820,1,1
821,1,1
822,1,1
823,1,1
824,1,1
825,1,1
826,2,1
827,1,2
828,1,1
829,1,1
830,1,1
831,1,1
832,2,1
833,1,2
834,2,1
835,4,2
836,5,4
837,3,4
838,2,2
839,2,2
840,1,2
841,1,1
842,1,1
843,1,1
844,1,1
845,1,1
846,1,1
847,1,1
848,1,1
849,1,1
850,1,1
851,2,1
852,1,2
853,1,1
854,1,1
855,1,1
856,1,1
857,1,1
858,1,1
859,1,1
860,1,1
861,1,1
862,1,1
863,1,1
864,1,1
865,1,1
866,1,1
867,2,1
868,4,2
869,4,2
870,5,3
871,5,4
872,1,4
873,1,1
874,2,1
875,3,2
876,1,3
877,1,2
878,2,1
879,1,2
880,1,1
881,1,1
882,1,1
883,1,1
884,1,1
885,2,1
886,2,2
887,2,2
888,1,2
889,1,1
890,2,1
891,1,2
892,2,1
893,2,2
894,1,2
895,4,1
896,5,2
897,2,4
898,1,2
899,1,1
900,5,1
901,5,3
902,9,5
903,3,5
904,1,3
905,1,1
906,1,1
907,1,1
908,1,1
909,1,1
910,1,1
911,1,1
912,2,1
913,1,2
914,1,1
915,1,1
916,1,1
917,1,1
918,3,1
919,1,2
920,1,1
921,1,1
922,3,1
923,1,2
924,1,1
925,4,1
926,3,3
927,2,3
928,3,2
929,2,3
930,2,2
931,1,2
932,2,1
933,1,2
934,1,1
935,1,1
936,1,1
937,1,1
938,1,1
939,1,1
940,1,1
941,2,1
942,1,2
943,1,1
944,2,1
945,1,2
946,1,1
947,1,1
948,1,1
949,1,1
950,1,1
951,1,1
952,1,1
953,1,1
954,1,1
955,1,1
956,2,1
957,4,2
958,2,3
959,1,2
960,1,1
961,2,1
962,1,2
963,5,1
964,1,4
965,1,1
966,1,1
967,3,1
968,3,2
969,2,2
970,1,2
971,1,1
972,1,1
973,1,1
974,1,1
975,1,1
976,1,1
977,1,1
978,1,1
979,1,1
980,1,1
981,1,1
982,1,1
983,1,1
984,1,1
985,1,1
986,1,1
987,1,1
988,8,1
989,3,5
990,1,3
991,1,2
992,3,1
993,8,2
994,4,6
995,3,4
996,1,3
997,2,1
998,1,2
999,2,1
1000,2,2
1001,1,2
1002,2,1
1003,1,2
1004,1,1
1005,1,1
1006,6,1
1007,4,4
1008,1,4
1009,2,1
1010,1,2
1011,1,1
1012,1,1
1013,1,1
1014,4,1
1015,2,2
1016,3,2
1017,1,3
1018,1,1
1019,1,1
1020,2,1
1021,1,2
1022,1,1
1023,1,1
1024,1,1
1025,1,1
1026,2,1
1027,1,1
1028,1,1
1029,1,1
1030,1,1
1031,1,1
1032,2,1
1033,1,1
1034,1,1
1035,1,1
1036,1,1
1037,1,1
1038,1,1
1039,1,1
1040,1,1
1041,1,1
1042,1,1
1043,1,1
1044,3,1
1045,1,2
1046,1,1
1047,2,1
1048,1,1
1049,4,1
1050,1,3
1051,2,1
1052,2,2
1053,1,2
1054,1,1
1055,1,1
1056,1,1
1057,1,1
1058,2,1
1059,2,1
1060,1,2
1061,1,1
1062,1,1
1063,1,1
1064,1,1
1065,1,1
1066,1,1
1067,1,1
1068,1,1
1069,3,1
1070,2,2
1071,3,2
1072,5,2
1073,1,4
1074,4,2
1075,5,3
1076,7,4
1077,6,6
1078,3,5
1079,1,3
1080,1,1
1081,1,1
1082,2,1
1083,1,2
1084,2,1
1085,1,2
1086,1,1
1087,1,1
1088,2,1
1089,2,2
1090,2,2
1091,1,2
1092,1,1
1093,1,1
1094,2,1
1095,1,2
1096,1,1
1097,3,1
1098,2,2
1099,4,2
1100,4,3
1101,2,4
1102,1,2
1103,2,1
1104,2,2
1105,2,2
1106,1,2
1107,1,1
1108,1,1
1109,1,1
1110,1,1
1111,1,1
1112,1,1
1113,1,1
1114,1,1
1115,1,1
1116,1,1
1117,1,1
1118,1,1
1119,2,1
1120,1,2
1121,1,1
1122,1,1
1123,1,1
1124,2,1
1125,1,2
1126,3,1
1127,4,2
1128,1,3
1129,3,1
1130,1,2
1131,1,1
1132,1,1
1133,3,1
1134,4,2
1135,5,3
1136,4,5
1137,1,3
1138,1,1
1139,1,1
1140,2,1
1141,1,2
1142,1,1
1143,1,1
1144,1,1
1145,2,1
1146,1,2
1147,1,1
1148,1,1
1149,1,1
1150,1,1
1151,1,1
1152,3,1
1153,3,2
1154,2,2
1155,1,2
1156,6,1
1157,4,4
1158,3,4
1159,1,3
1160,3,1
1161,2,2
1162,5,2
1163,1,5
1164,6,2
1165,2,4
1166,1,2
1167,4,1
1168,1,3
1169,1,1
1170,1,1
1171,1,1
1172,1,1
1173,1,1
1174,3,1
1175,3,2
1176,1,2
1177,1,1
1178,2,1
1179,1,1
1180,1,1
1181,2,1
1182,1,1
1183,1,1
1184,2,1
1185,4,2
1186,3,3
1187,2,3
1188,3,2
1189,2,2
1190,2,2
1191,2,2
1192,1,2
1193,1,1
1194,1,1
1195,5,1
1196,1,3
1197,1,1
1198,1,1
1199,1,1
1200,1,1
1201,1,1
1202,1,1
1203,1,1
1204,1,1
1205,1,1
1206,1,1
1207,1,1
1208,1,1
1209,1,1
1210,1,1
1211,1,1
1212,1,1
1213,1,1
1214,1,1
1215,1,1
1216,1,1
1217,1,1
1218,1,1
1219,1,1
1220,4,1
1221,5,2
1222,4,4
1223,1,4
1224,1,1
1225,2,1
1226,3,2
1227,5,2
1228,7,4
1229,1,5
1230,4,2
1231,1,3
1232,3,1
1233,2,3
1234,1,2
1235,3,1
1236,1,2
1237,1,1
1238,3,1
1239,3,2
1240,1,2
1241,1,1
1242,1,1
1243,1,1
1244,1,1
1245,2,1
1246,1,2
1247,1,1
1248,1,1
1249,1,1
1250,3,1
1251,3,2
1252,2,3
1253,1,2
1254,1,1
1255,1,1
1256,4,1
1257,11,2
1258,3,5
1259,1,3
1260,4,2
1261,2,3
1262,3,2
1263,2,3
1264,3,2
1265,2,2
1266,1,2
1267,1,1
1268,1,1
1269,1,1
1270,1,1
1271,3,1
1272,3,2
1273,1,2
1274,1,1
1275,1,1
1276,1,1
1277,2,1
1278,4,2
1279,1,3
1280,6,1
1281,3,4
1282,1,3
1283,3,1
1284,3,2
1285,1,2
1286,1,1
1287,1,1
1288,1,1
1289,1,1
1290,2,1
1291,1,2
1292,2,1
1293,1,2
1294,1,1
1295,1,1
1296,1,1
1297,2,1
1298,1,2
1299,1,1
1300,1,1
1301,1,1
1302,1,1
1303,1,1
1304,1,1
1305,1,1
1306,1,1
1307,1,1
1308,1,1
1309,1,1
1310,1,1
1311,1,1
1312,1,1
1313,1,1
1314,2,1
1315,1,2
1316,2,1
1317,1,2
1318,1,1
1319,1,1
1320,3,1
1321,4,2
1322,7,3
1323,1,5
1324,1,2
1325,1,1
1326,4,1
1327,1,3
1328,1,2
1329,1,1
1330,1,1
1331,2,1
1332,1,2
1333,1,1
1334,2,1
1335,1,1
1336,1,1
1337,2,1
1338,3,2
1339,11,2
1340,1,5
1341,2,2
1342,1,2
1343,4,1
1344,9,3
1345,2,6
1346,4,2
1347,4,4
1348,1,3
1349,3,1
1350,1,2
1351,1,1
1352,2,1
1353,4,2
1354,1,3
1355,1,1
1356,7,1
1357,1,4
1358,1,1
1359,1,1
1360,1,1
1361,1,1
1362,5,1
1363,1,3
1364,1,1
1365,1,1
1366,1,1
1367,4,2
1368,3,3
1369,1,3
1370,1,1
1371,4,1
1372,1,2
1373,4,1
1374,1,2
1375,1,1
1376,1,1
1377,2,1
1378,1,2
1379,1,1
1380,1,1
1381,1,1
1382,1,1
1383,1,1
1384,1,1
1385,1,1
1386,1,1
1387,1,1
1388,1,1
1389,1,1
1390,1,1
1391,1,1
1392,1,1
1393,1,1
1394,1,1
1395,3,1
1396,3,2
1397,1,2
1398,1,1
1399,1,1
1400,1,1
1401,1,1
1402,1,1
1403,1,1
1404,1,1
1405,2,1
1406,5,2
1407,3,4
1408,2,3
1409,1,2
1410,1,1
1411,5,1
1412,1,4
1413,1,1
1414,1,1
1415,1,1
1416,1,1
1417,1,1
1418,1,1
1419,1,1
1420,1,1
1421,1,1
1422,1,1
1423,1,1
1424,2,1
1425,1,2
1426,1,1
1427,1,1
1428,2,1
1429,1,2
1430,5,1
1431,3,3
1432,3,2
1433,3,2
1434,1,3
1435,3,1
1436,3,2
1437,2,2
1438,3,2
1439,1,2
1440,8,1
1441,2,5
1442,1,2
1443,1,1
1444,1,1
1445,3,1
1446,2,2
1447,3,2
1448,1,2
1449,1,1
1450,1,1
1451,1,1
1452,1,1
1453,1,1
1454,1,1
1455,1,1
1456,1,1
1457,1,1
1458,1,1
1459,2,1
1460,8,2
1461,1,5
1462,2,1
1463,3,2
1464,1,2
1465,1,1
1466,2,1
1467,2,2
1468,1,2
1469,1,1
1470,1,1
1471,1,1
1472,1,1
1473,2,1
1474,1,2
1475,1,1
1476,1,1
1477,1,1
1478,1,1
1479,1,1
1480,1,1
1481,1,1
1482,1,1
1483,1,1
1484,1,1
1485,1,1
1486,1,1
1487,1,1
1488,1,1
1489,1,1
1490,3,1
1491,2,2
1492,1,2
1493,1,1
1494,1,1
1495,1,1
1496,1,1
1497,1,1
1498,1,1
1499,2,1
1500,5,2
1501,1,3
1502,3,1
1503,1,2
1504,1,1
1505,2,1
1506,1,2
1507,2,1
1508,1,2
1509,4,1
1510,1,2
1511,1,1
1512,1,1
1513,1,1
1514,1,1
1515,2,1
1516,1,2
1517,2,1
1518,1,2
1519,2,1
1520,4,2
1521,1,3
1522,1,1
1523,8,1
1524,1,4
1525,2,1
1526,1,2
1527,4,1
1528,6,2
1529,1,5
1530,1,2
1531,1,1
1532,1,2
1533,2,2
1534,1,2
1535,1,1
1536,5,1
1537,1,3
1538,1,1
1539,1,1
1540,1,1
1541,1,1
1542,1,0
1543,4,1
1544,2,2
1545,1,2
1546,1,1
1547,1,1
1548,4,1
1549,1,3
1550,4,1
1551,1,3
1552,1,1
1553,1,1
1554,1,1
1555,6,1
1556,1,3
1557,9,1
1558,3,4
1559,1,3
1560,1,1
1561,3,1
1562,1,2
1563,4,1
1564,1,3
1565,1,2
1566,3,2
1567,1,2
1568,1,1
1569,2,1
1570,1,2
1571,1,1
1572,1,1
1573,1,1
1574,1,1
1575,1,1
1576,1,0
1577,1,0
1578,1,0
1579,1,0
1580,1,0
1581,1,0
1582,1,0
1583,1,0
1584,1,1
1585,1,1
1586,1,1
1587,1,1
1588,1,1
1589,1,1
1590,1,1
1591,1,1
1592,1,1
1593,1,1
1594,2,1
1595,2,2
1596,4,2
1597,8,2
1598,9,5
1599,2,5
1600,2,2
1601,2,2
1602,4,3
1603,1,3
1604,2,2
1605,1,2
1606,2,1
1607,1,2
1608,1,2
1609,1,1
1610,1,1
1611,1,1
1612,1,1
1613,1,1
1614,1,1
1615,1,1
1616,1,1
1617,1,1
1618,4,1
1619,1,2
1620,4,1
1621,1,2
1622,1,1
1623,1,1
1624,1,1
1625,4,1
1626,1,3
1627,3,2
1628,1,3
1629,1,1
1630,1,1
1631,2,1
1632,1,2
1633,1,1
1634,1,1
1635,1,1
1636,1,1
1637,1,1
1638,1,1
1639,1,1
1640,4,1
1641,1,2
1642,1,2
1643,1,2
1644,1,1
1645,1,1
1646,1,1
1647,1,1
1648,1,1
1649,1,0
1650,1,0
1651,1,1
1652,1,1
1653,1,1
1654,1,1
1655,1,1
1656,1,1
1657,1,1
1658,1,1
1659,2,1
1660,1,2
1661,3,2
1662,1,3
1663,1,1
1664,1,1
1665,1,0
1666,2,1
1667,4,2
1668,1,2
1669,1,1
1670,1,0
1671,1,0
1672,1,0
1673,2,0
1674,4,1
1675,3,2
1676,3,2
1677,4,2
1678,5,3
1679,1,4
1680,3,2
1681,3,2
1682,1,2
1683,1,1
1684,1,2
1685,1,1
1686,1,1
1687,1,1
1688,1,1
1689,1,1
1690,1,1
1691,3,1
1692,1,2
1693,2,1
1694,1,2
1695,1,1
1696,3,1
1697,3,2
1698,3,2
1699,4,2
1700,3,3
1701,1,3
1702,1,2
1703,2,1
1704,1,2
1705,1,2
1706,1,1
1707,4,1
1708,4,2
1709,5,2
1710,2,4
1711,1,2
1712,1,1
1713,1,1
1714,1,1
1715,1,1
1716,1,1
1717,1,1
1718,1,1
1719,1,1
1720,4,1
1721,3,2
1722,1,2
1723,2,1
1724,2,1
1725,2,2
1726,1,2
1727,1,1
1728,5,1
1729,3,2
1730,2,2
1731,4,2
1732,1,3
1733,2,1
1734,2,2
1735,1,2
1736,1,1
1737,5,1
1738,1,2
1739,1,1
1740,1,2
1741,1,1
1742,1,1
1743,6,2
1744,1,5
1745,1,1
1746,2,1
1747,1,2
1748,1,1
1749,1,1
1750,4,1
1751,1,2
1752,1,1
1753,1,1
1754,1,1
1755,1,1
1756,1,1
1757,1,1
1758,1,1
1759,4,1
1760,1,2
1761,2,1
1762,6,2
1763,2,3
1764,3,2
1765,2,2
1766,1,2
1767,1,1
1768,1,1
1769,1,1
1770,1,1
1771,1,1
1772,3,1
1773,1,2
1774,1,1
1775,1,1
1776,1,1
1777,2,1
1778,2,2
1779,1,2
1780,1,1
1781,1,1
1782,1,1
1783,1,1
1784,1,1
1785,2,1
1786,3,2
1787,8,3
1788,4,4
1789,1,3
1790,3,1
1791,1,3
1792,1,2
1793,1,2
1794,1,2
1795,3,1
1796,1,3
1797,1,1
1798,1,1
1799,3,1
1800,9,2
1801,2,5
1802,1,2
1803,10,1
1804,5,4
1805,1,3
1806,1,2
1807,1,2
1808,1,1
1809,1,1
1810,1,1
1811,1,1
1812,1,1
1813,1,1
1814,1,1
1815,1,1
1816,1,1
1817,1,1
1818,1,1
1819,1,1
1820,1,1
1821,1,1
1822,1,1
1823,1,1
1824,2,1
1825,1,2
1826,1,1
1827,1,1
1828,1,1
1829,1,1
1830,1,1
1831,1,1
1832,1,1
1833,3,1
1834,3,2
1835,2,2
1836,3,2
1837,1,2
1838,1,1
1839,1,1
1840,4,1
1841,1,2
1842,2,1
1843,1,2
1844,1,1
1845,1,1
1846,1,1
1847,1,1
1848,1,1
1849,1,1
1850,1,1
1851,1,1
1852,1,1
1853,1,1
1854,1,1
1855,2,1
1856,2,1
1857,1,2
1858,3,2
1859,1,3
1860,2,1
1861,1,2
1862,1,1
1863,3,1
1864,6,2
1865,6,4
1866,8,5
1867,1,5
1868,2,2
1869,1,2
1870,1,1
1871,1,1
1872,1,1
1873,1,1
1874,1,1
1875,2,1
1876,1,2
1877,1,1
1878,1,1
1879,1,1
1880,2,1
1881,1,2
1882,6,1
1883,1,3
1884,4,1
1885,4,3
1886,1,3
1887,1,1
1888,1,1
1889,3,1
1890,3,2
1891,1,2
1892,3,2
1893,1,3
1894,2,1
1895,1,2
1896,1,1
1897,1,1
1898,1,1
1899,1,1
1900,1,1
1901,2,1
1902,1,2
1903,1,1
1904,1,1
1905,1,1
1906,2,1
1907,2,2
1908,1,2
1909,4,1
1910,1,2
1911,1,1
1912,1,1
1913,1,1
1914,2,1
1915,1,2
1916,1,1
1917,1,1
1918,1,1
1919,1,1
1920,2,1
1921,3,2
1922,1,2
1923,3,1
1924,6,2
1925,4,5
1926,1,4
1927,1,1
1928,2,1
1929,1,2
1930,1,1
1931,1,1
1932,2,1
1933,4,2
1934,7,2
1935,3,5
1936,3,3
1937,2,3
1938,1,2
1939,2,1
1940,1,2
1941,3,1
1942,2,2
1943,6,2
1944,5,4
1945,3,4
1946,1,3
1947,2,2
1948,2,2
1949,4,2
1950,5,4
1951,4,4
1952,2,3
1953,1,2
1954,1,1
1955,1,1
1956,1,1
1957,3,1
1958,1,2
1959,2,1
1960,2,2
1961,1,2
1962,1,1
1963,1,1
1964,1,1
1965,3,1
1966,3,2
1967,1,3
1968,6,1
1969,4,4
1970,1,3
1971,1,1
1972,9,1
1973,3,5
1974,2,3
1975,3,2
1976,2,2
1977,2,2
1978,1,2
1979,1,1
1980,1,1
1981,1,1
1982,1,1
1983,1,1
1984,1,1
1985,1,1
1986,1,1
1987,1,1
1988,1,1
1989,1,1
1990,1,1
1991,1,1
1992,4,1
1993,3,2
1994,2,2
1995,1,2
1996,4,1
1997,1,2
1998,1,1
1999,5,1
2000,7,3
2001,2,5
2002,3,2
2003,2,2
2004,1,2
2005,1,1
2006,1,1
2007,1,1
2008,2,1
2009,2,2
2010,2,2
2011,1,2
2012,1,1
2013,1,1
2014,4,1
2015,3,2
2016,3,2
2017,1,3
2018,1,1
2019,1,1
2020,8,1
2021,3,5
2022,2,3
2023,2,2
2024,2,2
2025,1,2
2026,1,1
2027,1,1
2028,1,1
2029,1,1
2030,2,1
2031,2,2
2032,3,2
2033,3,2
2034,3,2
2035,3,3
2036,1,3
2037,1,1
2038,1,1
2039,1,1
2040,1,1
2041,2,1
2042,2,2
2043,1,2
2044,4,1
2045,1,2
2046,1,1
2047,1,1
2048,4,1
2049,1,2
2050,3,1
2051,6,2
2052,3,4
2053,3,3
2054,1,3
2055,1,2
2056,6,2
2057,1,4
2058,5,2
2059,1,4
2060,1,1
2061,2,1
2062,4,2
2063,2,3
2064,3,2
2065,2,2
2066,1,2
2067,2,1
2068,1,2
2069,2,1
2070,1,1
2071,1,1
2072,1,1
2073,1,1
2074,1,1
2075,1,1
2076,2,1
2077,3,1
2078,1,2
2079,1,1
2080,1,1
2081,3,1
2082,2,2
2083,1,2
2084,2,1
2085,2,2
2086,1,2
2087,2,1
2088,1,2
2089,1,1
2090,1,1
2091,1,1
2092,1,1
2093,1,2
2094,1,1
2095,4,1
2096,4,2
2097,3,3
2098,1,2
2099,1,2
2100,1,2
2101,1,1
2102,1,1
2103,1,1
2104,1,1
2105,1,1
2106,1,1
2107,1,1
2108,1,1
2109,1,1
2110,1,1
2111,1,1
2112,1,1
2113,1,1
2114,1,1
2115,1,1
2116,1,1
2117,1,1
2118,2,1
2119,1,2
2120,1,1
2121,2,1
2122,1,2
2123,1,2
2124,2,1
2125,2,2
2126,3,2
2127,1,2
2128,6,1
2129,3,4
2130,2,3
2131,2,2
2132,1,2
2133,1,1
2134,2,1
2135,4,2
2136,4,2
2137,2,4
2138,3,2
2139,1,3
2140,1,1
2141,1,1
2142,2,2
2143,1,2
2144,1,1
2145,1,1
2146,1,1
2147,1,1
2148,1,1
2149,1,1
2150,1,1
2151,1,1
2152,1,1
2153,1,1
2154,1,1
2155,1,1
2156,1,1
2157,2,1
2158,2,2
2159,1,2
2160,1,1
2161,1,1
2162,1,1
2163,1,1
2164,1,1
2165,1,1
2166,2,1
2167,2,2
2168,1,2
2169,1,1
2170,3,1
2171,1,2
2172,1,1
2173,4,1
2174,3,2
2175,1,2
2176,2,1
2177,1,2
2178,1,1
2179,1,1
2180,2,1
2181,2,2
2182,1,2
2183,1,1
2184,1,1
2185,6,2
2186,3,4
2187,2,3
2188,1,2
2189,1,1
2190,1,1
2191,3,1
2192,1,3
2193,1,1
2194,1,1
2195,1,1
2196,4,1
2197,1,2
2198,1,1
2199,4,1
2200,1,2
2201,1,1
2202,1,1
2203,1,1
2204,1,1
2205,1,1
2206,1,1
2207,1,1
2208,1,1
2209,1,1
2210,1,1
2211,3,1
2212,1,2
2213,1,1
2214,1,1
2215,1,1
2216,1,1
2217,1,1
2218,3,1
2219,1,2
2220,5,1
2221,1,4
2222,4,2
2223,3,3
2224,2,2
2225,2,2
2226,1,2
2227,1,1
2228,1,1
2229,4,1
2230,1,3
2231,1,1
2232,3,1
2233,1,2
2234,3,1
2235,1,2
2236,1,1
2237,1,1
2238,1,1
2239,1,1
2240,3,1
2241,1,2
2242,1,1
2243,1,1
2244,1,1
2245,1,1
2246,1,1
2247,6,1
2248,3,3
2249,1,3
2250,1,1
2251,2,1
2252,1,2
2253,2,1
2254,1,2
2255,11,1
2256,3,5
2257,11,3
2258,2,5
2259,3,2
2260,3,2
2261,2,2
2262,3,2
2263,1,2
2264,2,1
2265,1,2
2266,2,1
2267,1,2
2268,1,1
2269,2,1
2270,1,2
2271,1,1
2272,5,1
2273,1,2
2274,1,1
2275,1,1
2276,1,1
2277,3,1
2278,2,2
2279,2,2
2280,2,2
2281,4,2
2282,2,3
2283,1,2
2284,1,1
2285,1,2
2286,1,1
2287,4,1
2288,1,3
2289,2,2
2290,2,2
2291,1,2
2292,4,1
2293,2,3
2294,1,2
2295,1,1
2296,1,1
2297,3,1
2298,1,2
2299,1,1
2300,1,1
2301,1,1
2302,1,1
2303,1,1
2304,1,1
2305,5,1
2306,1,3
2307,1,1
2308,1,1
2309,1,1
2310,1,1
2311,1,1
2312,1,1
2313,2,1
2314,1,1
2315,1,1
2316,2,1
2317,3,1
2318,1,2
2319,1,1
2320,1,1
2321,1,1
2322,1,1
2323,2,1
2324,1,2
2325,1,1
2326,1,1
2327,1,1
2328,1,1
2329,1,1
2330,1,1
2331,1,1
2332,1,1
2333,1,1
2334,1,1
2335,2,1
2336,1,2
2337,1,1
2338,3,1
2339,1,2
2340,7,1
2341,4,5
2342,2,3
2343,3,2
2344,4,2
2345,3,3
2346,2,3
2347,1,2
2348,1,1
2349,2,1
2350,2,1
2351,1,2
2352,1,1
2353,1,1
2354,1,1
2355,1,1
2356,1,1
2357,1,1
2358,2,1
2359,3,2
2360,2,2
2361,2,2
2362,2,2
2363,1,2
2364,5,1
2365,4,2
2366,2,3
2367,1,2
2368,2,1
2369,1,2
2370,1,1
2371,2,1
2372,1,2
2373,2,1
2374,4,1
2375,8,2
2376,4,5
2377,1,4
2378,1,2
2379,3,1
2380,1,2
2381,4,1
2382,10,3
2383,2,6
2384,4,2
2385,3,4
2386,1,2
2387,1,1
2388,2,1
2389,1,2
2390,1,1
2391,4,1
2392,1,2
2393,1,1
2394,1,1
2395,1,1
2396,1,1
2397,2,1
2398,2,2
2399,1,2
2400,3,1
2401,1,2
2402,2,1
2403,2,2
2404,1,2
2405,1,1
2406,2,1
2407,6,2
2408,5,4
2409,5,4
2410,4,4
2411,2,4
2412,2,2
2413,1,2
2414,1,1
2415,1,1
2416,1,1
2417,1,1
2418,1,1
2419,1,1
2420,1,1
2421,1,1
2422,1,1
2423,1,1
2424,1,1
2425,1,1
2426,4,1
2427,5,2
2428,4,4
2429,2,4
2430,9,2
2431,1,5
2432,1,1
2433,1,1
2434,3,1
2435,1,2
2436,1,1
2437,5,1
2438,12,2
2439,2,5
2440,4,2
2441,9,3
2442,3,5
2443,3,3
2444,4,3
2445,8,3
2446,4,5
2447,3,4
2448,3,3
2449,2,2
2450,1,2
2451,1,1
2452,1,1
2453,1,1
2454,1,1
2455,1,1
2456,1,1
2457,1,1
2458,1,1
2459,1,1
2460,1,1
2461,1,1
2462,2,1
2463,3,2
2464,2,2
2465,1,2
2466,1,1
2467,3,1
2468,2,2
2469,1,2
2470,1,1
2471,1,1
2472,2,1
2473,1,2
2474,1,1
2475,2,1
2476,3,2
2477,2,2
2478,2,2
2479,5,2
2480,5,4
2481,10,5
2482,4,5
2483,7,3
2484,1,5
2485,1,2
2486,3,2
2487,1,3
2488,1,1
2489,3,1
2490,1,2
2491,1,1
2492,1,1
2493,1,1
2494,1,1
2495,1,1
2496,3,1
2497,3,2
2498,1,2
2499,1,1
2500,1,1
2501,1,1
2502,1,1
2503,1,1
2504,3,1
2505,2,2
2506,4,2
2507,3,4
2508,1,3
2509,3,1
2510,3,2
2511,8,3
2512,6,6
2513,4,5
2514,1,3
2515,1,2
2516,2,1
2517,1,2
2518,1,1
2519,1,1
2520,1,1
2521,1,1
2522,1,1
2523,2,1
2524,2,2
2525,1,2
2526,1,1
2527,3,1
2528,1,2
2529,1,1
2530,1,1
2531,1,1
2532,1,1
2533,3,1
2534,1,2
2535,1,1
2536,1,1
2537,3,1
2538,2,2
2539,4,2
2540,1,3
2541,5,1
2542,5,3
2543,2,5
2544,1,2
2545,2,1
2546,1,2
2547,2,2
2548,2,2
2549,3,2
2550,1,2
2551,1,1
2552,1,1
2553,1,1
2554,1,1
2555,1,1
2556,1,1
2557,1,1
2558,1,1
2559,1,1
2560,1,1
2561,1,1
2562,1,1
2563,1,1
2564,1,1
2565,1,1
2566,1,1
2567,1,1
2568,1,1
2569,1,1
2570,1,1
2571,1,1
2572,1,1
2573,1,1
2574,2,1
2575,2,2
2576,4,2
2577,8,3
2578,1,5
2579,1,2
2580,2,2
2581,1,2
2582,1,1
2583,1,1
2584,1,1
2585,2,1
2586,1,2
2587,1,1
2588,2,1
2589,1,2
2590,1,1
2591,20,1
2592,1,5
2593,5,2
2594,1,4
2595,1,1
2596,1,1
2597,1,1
2598,1,1
2599,4,1
2600,1,2
2601,1,2
2602,1,1
2603,1,1
2604,6,1
2605,3,4
2606,6,3
2607,1,5
2608,1,2
2609,1,1
2610,2,1
2611,2,2
2612,1,2
2613,3,1
2614,4,2
2615,2,3
2616,2,2
2617,1,2
2618,1,1
2619,1,1
2620,1,1
2621,1,1
2622,1,1
2623,1,1
2624,1,1
2625,4,2
2626,2,3
2627,1,2
2628,3,1
2629,1,2
2630,1,1
2631,1,1
2632,1,1
2633,1,1
2634,1,1
2635,1,1
2636,1,1
2637,1,1
2638,1,1
2639,1,1
2640,1,1
2641,1,1
2642,1,1
2643,1,1
2644,1,1
2645,1,1
2646,1,1
2647,1,1
2648,1,1
2649,1,1
2650,1,1
2651,2,1
2652,1,2
2653,1,1
2654,1,1
2655,1,1
2656,1,1
2657,1,1
2658,1,1
2659,1,1
2660,1,1
2661,1,1
2662,1,1
2663,1,1
2664,2,1
2665,1,2
2666,3,1
2667,3,2
2668,1,2
2669,2,1
2670,1,2
2671,1,1
2672,1,1
2673,2,1
2674,4,2
2675,1,3
2676,1,1
2677,1,1
2678,1,1
2679,1,1
2680,1,1
2681,1,1
2682,4,1
2683,6,2
2684,1,5
2685,1,2
2686,3,1
2687,1,2
2688,1,1
2689,10,1
2690,4,6
2691,1,4
2692,1,2
2693,1,1
2694,1,1
2695,3,1
2696,1,3
2697,1,1
2698,1,1
2699,1,1
2700,1,1
2701,1,1
2702,1,1
2703,1,1
2704,27,1
2705,1,5
2706,1,1
2707,1,1
2708,1,1
2709,1,1
2710,1,1
2711,1,1
2712,1,1
2713,1,1
2714,1,1
2715,1,1
2716,1,1
2717,1,1
2718,1,1
2719,1,1
2720,1,1
2721,1,1
2722,1,1
2723,1,1
2724,2,1
2725,1,2
2726,2,1
2727,1,2
2728,1,1
2729,1,1
2730,1,1
2731,1,1
2732,1,1
2733,2,1
2734,2,2
2735,1,2
2736,1,1
2737,1,1
2738,1,1
2739,1,1
2740,1,1
2741,1,1
2742,1,1
2743,1,1
2744,1,1
2745,1,1
2746,1,1
2747,1,1
2748,7,1
2749,1,4
2750,1,1
2751,1,1
2752,1,1
2753,1,1
2754,1,1
2755,1,1
2756,1,1
2757,1,1
2758,6,1
2759,1,3
2760,1,1
2761,1,1
2762,1,1
2763,1,1
2764,1,1
2765,4,1
2766,1,2
2767,1,1
2768,1,1
2769,1,1
2770,1,1
2771,5,1
2772,1,2
2773,1,1
2774,1,1
2775,1,1
2776,1,1
2777,1,1
2778,1,1
2779,1,1
2780,1,1
2781,1,1
2782,1,1
2783,1,1
2784,1,1
2785,1,1
2786,1,1
2787,1,1
2788,1,1
2789,1,1
2790,1,1
2791,1,1
2792,1,1
2793,1,1
2794,1,1
2795,1,1
2796,3,1
2797,1,2
2798,1,1
2799,1,1
2800,1,2
2801,1,1
2802,1,1
2803,21,2
2804,13,6
2805,1,5
2806,1,2
2807,1,2
2808,1,1
2809,1,1
2810,3,1
2811,4,2
2812,1,3
2813,1,1
2814,1,1
2815,1,1
2816,1,1
2817,1,1
2818,1,1
2819,1,1
2820,1,1
2821,1,1
2822,1,1
2823,1,1
2824,1,1
2825,1,1
2826,1,1
2827,1,1
2828,2,1
2829,2,2
2830,2,2
2831,1,2
2832,2,1
2833,1,2
2834,1,1
2835,1,1
2836,1,1
2837,1,1
2838,1,1
2839,1,1
2840,1,1
2841,1,1
2842,1,1
2843,1,1
2844,1,1
2845,1,1
2846,1,1
2847,1,1
2848,1,1
2849,1,1
2850,1,1
2851,1,1
2852,1,1
2853,1,1
2854,1,1
2855,1,1
2856,1,1
2857,1,1
2858,1,1
2859,1,1
2860,1,1
2861,1,1
2862,1,1
2863,1,1
2864,1,1
2865,1,1
2866,1,1
2867,6,1
2868,1,4
2869,2,2
2870,1,2
2871,1,1
2872,1,2
2873,1,1
2874,1,1
2875,1,1
2876,1,1
2877,1,1
2878,1,1
2879,1,1
2880,1,1
2881,1,1
2882,1,1
2883,1,1
2884,1,1
2885,1,1
2886,1,1
2887,2,1
2888,1,2
2889,2,2
2890,1,2
2891,1,2
2892,1,1
2893,1,2
2894,5,2
2895,13,5
2896,5,6
2897,1,4
2898,1,2
2899,1,1
2900,1,1
2901,3,1
2902,9,3
2903,9,5
2904,1,5
2905,1,2
2906,1,2
2907,1,2
2908,1,1
2909,1,1
2910,1,1
2911,1,1
2912,1,1
2913,1,1
2914,1,1
2915,1,1
2916,1,1
2917,1,1
2918,4,1
2919,1,3
2920,1,1
2921,1,1
2922,1,1
2923,1,2
2924,1,2
2925,1,2
2926,1,1
2927,1,1
2928,1,1
2929,1,1
2930,1,1
2931,1,1
2932,1,1
2933,1,1
2934,1,1
2935,1,1
2936,1,1
2937,1,1
2938,1,1
2939,1,1
2940,1,1
2941,9,1
2942,1,5
2943,1,2
2944,2,2
2945,1,2
2946,1,1
2947,1,1
2948,1,1
2949,2,1
2950,1,2
2951,1,1
2952,1,1
2953,1,1
2954,1,1
2955,1,1
2956,1,1
2957,1,1
2958,1,1
2959,1,1
2960,1,2
2961,1,2
2962,1,2
2963,6,1
2964,17,5
2965,1,6
2966,1,2
2967,2,2
2968,1,3
2969,1,1
2970,1,1
2971,1,1
2972,1,1
2973,1,2
2974,1,1
2975,7,1
2976,7,4
2977,2,5
2978,1,3
2979,1,2
2980,2,1
2981,1,3
2982,1,1
2983,1,1
2984,1,1
2985,1,1
2986,1,0
2987,1,1
2988,1,1
2989,1,1
2990,2,1
2991,6,2
2992,1,4
2993,1,2
2994,1,2
2995,1,1
2996,1,1
2997,1,1
2998,3,1
2999,1,2
3000,1,1
3001,1,1
3002,1,1
3003,1,1
3004,1,1
3005,1,1
3006,1,1
3007,1,1
3008,1,1
3009,1,1
3010,1,1
3011,1,2
3012,1,1
3013,1,1
3014,1,1
3015,1,2
3016,1,1
3017,1,0
3018,5,1
3019,5,3
3020,1,4
3021,1,1
3022,1,1
3023,1,1
3024,1,1
3025,1,1
3026,114,1
3027,1,6
3028,1,1
3029,1,0
3030,1,1
3031,5,1
3032,1,3
3033,1,1
3034,4,1
3035,1,3
3036,1,1
3037,1,1
3038,1,1
3039,1,1
3040,1,1
3041,3,1
3042,1,2
3043,1,1
3044,1,1
3045,1,1
3046,1,1
3047,1,1
3048,1,1
3049,1,1
3050,2,1
3051,2,2
3052,1,2
3053,1,1
3054,1,2
3055,1,2
3056,1,1
3057,1,1
3058,1,1
3059,1,1
3060,1,1
3061,1,1
3062,1,1
3063,1,1
3064,1,1
3065,1,1
3066,1,1
3067,1,1
3068,1,1
3069,1,1
3070,7,2
3071,2,5
3072,2,2
3073,1,2
3074,1,1
3075,3,1
3076,2,3
3077,1,3
3078,2,2
3079,3,3
3080,3,3
3081,1,3
3082,1,1
3083,2,1
3084,1,2
3085,1,1
3086,1,1
3087,1,1
3088,1,1
3089,1,1
3090,1,1
3091,1,1
3092,1,1
3093,1,1
3094,1,1
3095,1,1
3096,1,1
3097,1,1
3098,1,1
3099,1,1
3100,1,1
3101,6,1
3102,1,3
3103,3,2
3104,2,3
3105,2,2
3106,3,2
3107,1,3
3108,3,2
3109,1,3
3110,1,1
3111,1,1
3112,1,1
3113,1,1
3114,1,1
3115,1,1
3116,1,1
3117,1,1
3118,1,1
3119,1,1
3120,1,1
3121,1,1
3122,1,1
3123,37,1
3124,4,5
3125,2,3
3126,1,2
3127,1,1
3128,1,1
3129,1,1
3130,12,1
3131,1,5
3132,1,1
3133,1,1
3134,3,1
3135,1,3
3136,1,1
3137,1,1
3138,1,2
3139,1,1
3140,4,1
3141,2,3
3142,1,2
3143,1,1
3144,1,1
3145,1,1
3146,2,1
3147,3,2
3148,11,2
3149,11,5
3150,4,6
3151,1,3
3152,1,2
3153,2,2
3154,1,2
3155,1,1
3156,1,1
3157,1,1
3158,1,1
3159,1,1
3160,1,1
3161,2,1
3162,1,2
3163,3,1
3164,1,2
3165,1,1
3166,1,1
3167,1,1
3168,1,1
3169,1,1
3170,2,1
3171,2,2
3172,3,2
3173,2,3
3174,2,2
3175,1,2
3176,4,1
3177,1,3
3178,2,2
3179,3,2
3180,1,3
3181,1,1
3182,1,1
3183,5,1
3184,1,3
3185,1,1
3186,1,1
3187,1,1
3188,2,1
3189,1,2
3190,1,1
3191,1,1
3192,1,1
3193,2,1
3194,1,2
3195,1,1
3196,1,1
3197,1,1
3198,2,1
3199,2,2
3200,1,2
3201,1,1
3202,1,1
3203,1,1
3204,1,1
3205,1,1
3206,1,1
3207,1,1
3208,3,1
3209,1,2
3210,3,1
3211,6,2
3212,1,5
3213,2,2
3214,1,2
3215,1,1
3216,2,1
3217,2,2
3218,1,2
3219,1,1
3220,1,1
3221,2,1
3222,1,2
3223,2,1
3224,1,2
3225,1,1
3226,1,1
3227,1,1
3228,4,1
3229,1,2
3230,1,1
3231,1,1
3232,3,1
3233,5,2
3234,1,4
3235,1,2
3236,2,2
3237,3,2
3238,6,3
3239,8,6
3240,2,7
3241,5,2
3242,1,3
3243,1,1
3244,1,1
3245,4,1
3246,4,2
3247,1,3
3248,1,1
3249,1,1
3250,1,1
3251,2,1
3252,1,2
3253,1,1
3254,1,1
3255,1,1
3256,1,1
3257,1,1
3258,2,1
3259,1,2
3260,2,1
3261,3,2
3262,7,2
3263,4,5
3264,6,4
3265,3,5
3266,3,3
3267,3,2
3268,2,2
3269,1,2
3270,1,1
3271,1,1
3272,3,1
3273,3,2
3274,1,2
3275,1,1
3276,1,1
3277,1,1
3278,1,1
3279,1,1
3280,1,1
3281,1,1
3282,1,1
3283,1,1
3284,1,1
3285,1,1
3286,1,1
3287,1,1
3288,1,1
3289,1,1
3290,1,1
3291,1,1
3292,1,1
3293,1,1
3294,1,1
3295,1,1
3296,2,1
3297,1,2
3298,9,1
3299,4,5
3300,1,4
3301,1,1
3302,1,1
3303,1,1
3304,1,1
3305,2,1
3306,3,2
3307,12,2
3308,10,5
3309,6,5
3310,5,4
3311,4,4
3312,2,3
3313,1,2
3314,1,1
3315,1,1
3316,7,1
3317,3,4
3318,3,3
3319,1,3
3320,1,1
3321,1,1
3322,1,1
3323,4,1
3324,1,2
3325,1,1
3326,1,1
3327,1,1
3328,1,1
3329,1,1
3330,1,1
3331,1,1
3332,1,1
3333,1,1
3334,1,1
3335,1,1
3336,1,1
3337,1,1
3338,1,1
3339,1,1
3340,2,1
3341,1,2
3342,1,1
3343,5,1
3344,1,3
3345,1,2
3346,1,2
3347,2,1
3348,3,2
3349,2,3
3350,1,2
3351,1,1
3352,1,1
3353,1,1
3354,1,1
3355,1,1
3356,1,1
3357,1,1
3358,1,1
3359,1,1
3360,1,1
3361,1,1
3362,1,1
3363,1,1
3364,1,1
3365,1,1
3366,1,1
3367,1,1
3368,1,1
3369,11,1
3370,1,5
3371,1,2
3372,1,2
3373,1,2
3374,1,1
3375,1,1
3376,1,1
3377,1,1
3378,1,1
3379,1,1
3380,1,1
3381,1,1
3382,1,1
3383,1,1
3384,1,1
3385,1,1
3386,1,1
3387,1,1
3388,1,1
3389,1,1
3390,1,1
3391,1,1
3392,1,1
3393,1,1
3394,1,1
3395,1,1
3396,1,1
3397,11,1
3398,1,5
3399,1,1
3400,1,1
3401,1,1
3402,1,1
3403,1,1
3404,1,1
3405,1,1
3406,1,1
3407,1,1
3408,1,1
3409,1,1
3410,1,1
3411,1,1
3412,1,1
3413,1,1
3414,1,1
3415,1,1
3416,1,1
3417,134,1
3418,1,6
3419,1,1
3420,1,1
3421,1,1
3422,1,1
3423,1,1
3424,1,2
3425,1,2
3426,1,1
3427,1,1
3428,1,1
3429,1,1
3430,1,1
3431,1,1
3432,1,1
3433,12,1
3434,7,5
3435,1,5
3436,1,1
3437,1,1
3438,1,1
3439,1,1
3440,1,1
3441,1,1
3442,1,1
3443,1,1
3444,1,1
3445,1,1
3446,1,1
3447,1,1
3448,1,1
3449,1,1
3450,1,1
3451,1,1
3452,1,1
3453,1,1
3454,73,1
3455,1,6
3456,1,2
3457,1,1
3458,1,1
3459,1,1
3460,1,1
3461,1,1
3462,1,1
3463,8,1
3464,1,5
3465,1,2
3466,10,1
3467,3,5
3468,1,3
3469,1,2
3470,3,1
3471,9,3
3472,1,6
3473,1,2
3474,1,2
3475,1,1
3476,2,1
3477,1,2
3478,1,1
3479,1,1
3480,1,1
3481,1,1
3482,1,1
3483,1,1
3484,1,1
3485,2,1
3486,1,2
3487,5,1
3488,1,3
3489,1,1
3490,18,1
3491,1,6
3492,1,2
3493,1,1
3494,1,1
3495,1,1
3496,1,1
3497,1,1
3498,1,1
3499,1,1
3500,2,1
3501,1,2
3502,1,1
3503,1,1
3504,1,1
3505,1,1
3506,1,1
3507,1,1
3508,2,1
3509,3,2
3510,2,2
3511,1,2
3512,1,1
3513,4,1
3514,2,2
3515,1,2
3516,1,1
3517,2,1
3518,1,2
3519,1,1
3520,1,1
3521,2,1
3522,2,2
3523,2,2
3524,2,2
3525,2,2
3526,1,2
3527,2,2
3528,1,2
3529,1,1
3530,2,1
3531,2,2
3532,1,2
3533,1,1
3534,1,1
3535,2,1
3536,2,2
3537,2,2
3538,1,2
3539,1,1
3540,5,1
3541,1,3
3542,2,2
3543,2,2
3544,2,2
3545,2,2
3546,2,2
3547,1,2
3548,1,1
3549,3,1
3550,2,2
3551,2,2
3552,2,2
3553,3,2
3554,1,3
3555,3,1
3556,6,2
3557,8,5
3558,4,5
3559,2,4
3560,1,2
3561,1,1
3562,1,1
3563,1,1
3564,1,1
3565,1,1
3566,1,1
3567,1,1
3568,2,1
3569,1,2
3570,1,1
3571,1,1
3572,3,1
3573,1,2
3574,3,1
3575,1,2
3576,1,1
3577,2,1
3578,3,2
3579,2,2
3580,2,2
3581,1,2
3582,1,1
3583,1,1
3584,1,1
3585,1,1
3586,2,1
3587,1,2
3588,1,1
3589,3,1
3590,1,2
3591,1,1
3592,2,1
3593,1,2
3594,1,1
3595,1,1
3596,1,1
3597,1,1
3598,1,1
3599,1,1
3600,1,1
3601,1,1
3602,1,1
3603,5,1
3604,1,3
3605,1,1
3606,2,1
3607,1,2
3608,1,1
3609,1,1
3610,1,1
3611,2,1
3612,4,2
3613,9,3
3614,5,6
3615,3,4
3616,2,3
3617,2,2
3618,1,2
3619,2,1
3620,2,2
3621,1,2
3622,2,1
3623,2,2
3624,1,2
3625,1,1
3626,1,1
3627,1,1
3628,2,1
3629,2,2
3630,1,2
3631,1,1
3632,2,1
3633,4,2
3634,3,3
3635,2,3
3636,2,2
3637,2,2
3638,1,2
3639,1,1
3640,1,1
3641,1,1
3642,3,1
3643,3,2
3644,1,2
3645,1,1
3646,1,1
3647,1,1
3648,4,1
3649,1,3
3650,2,1
3651,3,2
3652,3,2
3653,1,3
3654,4,2
3655,7,3
3656,2,5
3657,3,3
3658,2,3
3659,3,2
3660,6,3
3661,4,5
3662,3,4
3663,1,3
3664,1,2
3665,1,1
3666,2,1
3667,1,2
3668,3,1
3669,1,2
3670,1,1
3671,1,1
3672,1,1
3673,1,1
3674,1,1
3675,1,1
3676,2,1
3677,2,2
3678,1,2
3679,1,1
3680,3,1
3681,1,2
3682,1,1
3683,1,1
3684,2,1
3685,1,2
3686,1,1
3687,3,1
3688,2,2
3689,6,2
3690,5,5
3691,2,5
3692,1,2
3693,2,2
3694,2,2
3695,2,2
3696,2,2
3697,1,2
3698,2,1
3699,3,2
3700,1,2
3701,1,1
3702,1,1
3703,3,1
3704,1,2
3705,1,1
3706,1,1
3707,1,1
3708,1,1
3709,1,1
3710,1,1
3711,1,1
3712,1,1
3713,1,1
3714,1,1
3715,5,1
3716,1,3
3717,1,1
3718,1,1
3719,1,1
3720,1,1
3721,1,1
3722,2,1
3723,4,2
3724,4,3
3725,9,4
3726,5,6
3727,1,4
3728,2,1
3729,2,2
3730,1,2
3731,2,1
3732,3,2
3733,2,2
3734,1,2
3735,1,1
3736,1,1
3737,1,1
3738,1,1
3739,1,1
3740,1,1
3741,1,1
3742,1,1
3743,2,1
3744,1,2
3745,2,1
3746,1,2
3747,2,1
3748,2,2
3749,1,2
3750,3,1
3751,1,3
3752,1,1
3753,1,1
3754,1,1
3755,1,1
3756,2,1
3757,1,2
3758,1,1
3759,1,1
3760,3,1
3761,1,3
3762,1,2
3763,2,1
3764,2,2
3765,1,2
3766,2,1
3767,5,2
3768,2,3
3769,1,2
3770,1,1
3771,1,1
3772,2,1
3773,1,2
3774,1,1
3775,1,1
3776,1,1
3777,1,1
3778,1,1
3779,1,1
3780,1,1
3781,1,1
3782,1,1
3783,1,1
3784,3,1
3785,1,2
3786,2,1
3787,3,2
3788,2,3
3789,2,2
3790,2,2
3791,1,2
3792,1,1
3793,1,1
3794,1,1
3795,1,1
3796,3,1
3797,2,2
3798,1,2
3799,2,1
3800,1,2
3801,1,1
3802,1,1
3803,1,1
3804,1,1
3805,1,1
3806,1,1
3807,1,1
3808,1,1
3809,1,1
3810,1,1
3811,1,1
3812,1,1
3813,2,1
3814,1,2
3815,1,1
3816,1,1
3817,1,1
3818,1,1
3819,1,1
3820,1,1
3821,1,1
3822,4,1
3823,3,2
3824,3,3
3825,4,3
3826,1,4
3827,2,1
3828,1,2
3829,4,1
3830,2,2
3831,1,2
3832,1,1
3833,1,1
3834,7,1
3835,5,4
3836,3,4
3837,2,3
3838,2,2
3839,1,2
3840,1,1
3841,3,1
3842,1,2
3843,1,1
3844,1,1
3845,1,1
3846,1,1
3847,2,1
3848,2,2
3849,3,2
3850,2,2
3851,1,2
3852,1,1
3853,3,1
3854,2,2
3855,3,2
3856,5,3
3857,1,4
3858,2,2
3859,3,2
3860,4,2
3861,4,4
3862,3,4
3863,1,3
3864,1,1
3865,1,1
3866,2,1
3867,1,2
3868,3,1
3869,1,2
3870,2,1
3871,1,2
3872,1,1
3873,2,1
3874,1,2
3875,1,1
3876,1,1
3877,1,1
3878,13,1
3879,1,5
3880,2,2
3881,2,2
3882,2,2
3883,1,2
3884,1,1
3885,1,1
3886,2,1
3887,5,2
3888,4,3
3889,2,4
3890,3,2
3891,3,3
3892,3,3
3893,3,3
3894,4,3
3895,2,3
3896,5,2
3897,3,4
3898,3,3
3899,2,3
3900,2,2
3901,2,2
3902,1,2
3903,1,1
3904,1,1
3905,1,1
3906,2,1
3907,1,2
3908,1,1
3909,1,1
3910,2,1
3911,2,2
3912,1,2
3913,1,1
3914,1,1
3915,1,1
3916,1,1
3917,1,1
3918,1,1
3919,1,1
3920,1,1
3921,1,1
3922,1,1
3923,1,1
3924,1,1
3925,1,1
3926,1,1
3927,3,1
3928,1,2
3929,1,1
3930,1,1
3931,1,1
3932,1,1
3933,2,1
3934,2,2
3935,1,2
3936,6,1
3937,2,4
3938,1,2
3939,1,1
3940,2,1
3941,2,2
3942,3,2
3943,1,3
3944,3,1
3945,1,2
3946,1,1
3947,1,1
3948,1,1
3949,1,1
3950,1,1
3951,2,1
3952,1,2
3953,3,1
3954,1,2
3955,1,1
3956,1,1
3957,3,1
3958,3,2
3959,4,2
3960,1,4
3961,1,1
3962,3,1
3963,4,2
3964,10,4
3965,4,6
3966,4,3
3967,1,3
3968,4,1
3969,2,4
3970,1,2
3971,1,1
3972,1,1
3973,2,1
3974,2,2
3975,1,2
3976,1,1
3977,1,1
3978,1,1
3979,1,1
3980,3,1
3981,1,2
3982,2,1
3983,1,2
3984,2,1
3985,1,2
3986,4,1
3987,2,2
3988,2,2
3989,3,2
3990,1,2
3991,1,1
3992,1,1
3993,1,1
3994,1,1
3995,3,1
3996,1,2
3997,1,1
3998,2,1
3999,1,2
4000,2,1
4001,3,2
4002,1,2
4003,10,1
4004,1,5
4005,3,2
4006,1,3
4007,1,2
4008,2,1
4009,3,2
4010,2,2
4011,2,2
4012,2,2
4013,1,2
4014,1,1
4015,3,1
4016,2,2
4017,1,2
4018,1,1
4019,5,1
4020,3,3
4021,2,3
4022,5,2
4023,1,3
4024,1,1
4025,1,1
4026,1,1
4027,1,1
4028,1,1
4029,1,1
4030,1,1
4031,1,1
4032,1,1
4033,1,1
4034,3,1
4035,1,2
4036,1,1
4037,1,1
4038,1,1
4039,1,1
4040,2,1
4041,2,2
4042,1,2
4043,1,1
4044,1,1
4045,1,1
4046,1,1
4047,1,1
4048,2,1
4049,1,2
4050,2,1
4051,1,2
4052,3,1
4053,1,2
4054,1,1
4055,2,1
4056,3,2
4057,4,2
4058,3,3
4059,1,2
4060,1,1
4061,1,1
4062,1,1
4063,3,1
4064,3,2
4065,1,2
4066,1,1
4067,2,1
4068,1,2
4069,1,1
4070,1,1
4071,1,1
4072,1,1
4073,1,1
4074,2,1
4075,1,2
4076,1,1
4077,1,1
4078,1,1
4079,1,1
4080,1,1
4081,1,1
4082,2,1
4083,6,2
4084,4,5
4085,1,4
4086,1,2
4087,1,1
4088,4,1
4089,1,3
4090,1,2
4091,1,2
4092,1,1
4093,2,1
4094,1,2
4095,1,1
4096,1,1
4097,1,1
4098,1,1
4099,1,1
4100,1,1
4101,1,1
4102,1,1
4103,1,1
4104,1,1
4105,1,1
4106,2,1
4107,3,2
4108,1,2
4109,1,1
4110,1,1
4111,1,1
4112,1,1
4113,1,1
4114,1,1
4115,1,1
4116,1,1
4117,1,1
4118,1,1
4119,1,1
4120,1,1
4121,3,1
4122,1,2
4123,1,1
4124,1,1
4125,1,1
4126,1,1
4127,3,1
4128,1,2
4129,1,1
4130,1,1
4131,1,1
4132,3,1
4133,5,2
4134,2,3
4135,6,3
4136,7,5
4137,7,4
4138,7,4
4139,1,5
4140,1,2
4141,1,1
4142,1,1
4143,1,1
4144,1,1
4145,1,1
4146,1,1
4147,2,1
4148,1,2
4149,3,1
4150,1,2
4151,2,1
4152,5,2
4153,1,4
4154,1,1
4155,1,1
4156,1,1
4157,4,1
4158,1,2
4159,3,1
4160,2,2
4161,7,2
4162,5,5
4163,1,4
4164,1,2
4165,1,1
4166,1,1
4167,1,1
4168,2,1
4169,2,2
4170,1,2
4171,1,1
4172,1,1
4173,1,1
4174,3,1
4175,1,2
4176,3,1
4177,3,2
4178,1,2
4179,3,1
4180,2,2
4181,1,2
4182,1,1
4183,1,1
4184,1,1
4185,2,1
4186,7,2
4187,4,5
4188,5,4
4189,1,5
4190,1,1
4191,1,1
4192,1,1
4193,5,1
4194,10,4
4195,7,6
4196,1,4
4197,1,2
4198,1,2
4199,1,1
4200,1,1
4201,1,1
4202,1,1
4203,1,1
4204,1,1
4205,1,1
4206,2,1
4207,3,2
4208,3,2
4209,2,3
4210,3,2
4211,2,3
4212,3,2
4213,4,2
4214,1,3
4215,1,1
4216,1,1
4217,1,1
4218,1,1
4219,1,1
4220,1,1
4221,1,1
4222,3,1
4223,1,2
4224,1,1
4225,1,1
4226,1,1
4227,1,1
4228,1,1
4229,1,1
4230,1,1
4231,1,1
4232,1,1
4233,1,1
4234,1,1
4235,2,1
4236,1,2
4237,1,1
4238,1,1
4239,1,1
4240,3,1
4241,4,2
4242,1,3
4243,1,1
4244,4,1
4245,3,2
4246,8,3
4247,4,5
4248,1,4
4249,6,2
4250,3,4
4251,1,3
4252,2,2
4253,3,2
4254,1,3
4255,1,2
4256,1,1
4257,1,1
4258,2,1
4259,1,2
4260,1,1
4261,1,1
4262,1,1
4263,1,1
4264,1,1
4265,6,1
4266,9,3
4267,2,5
4268,2,2
4269,1,2
4270,1,1
4271,1,1
4272,1,1
4273,1,1
4274,1,1
4275,1,1
4276,2,1
4277,1,2
4278,1,1
4279,1,2
4280,2,1
4281,1,2
4282,8,2
4283,1,5
4284,1,2
4285,1,2
4286,1,1
4287,2,1
4288,1,2
4289,1,1
4290,1,1
4291,3,1
4292,2,2
4293,1,2
4294,1,1
4295,1,1
4296,1,1
4297,1,1
4298,1,1
4299,1,1
4300,4,1
4301,1,2
4302,1,1
4303,1,1
4304,1,1
4305,1,1
4306,3,1
4307,4,2
4308,1,3
4309,7,1
4310,2,5
4311,1,2
4312,1,1
4313,1,1
4314,1,1
4315,1,1
4316,1,1
4317,1,1
4318,1,1
4319,1,1
4320,1,1
4321,2,1
4322,1,2
4323,2,1
4324,1,2
4325,1,1
4326,1,1
4327,1,1
4328,1,1
4329,1,1
4330,1,1
4331,1,1
4332,2,1
4333,2,2
4334,2,2
4335,1,2
4336,1,1
4337,1,1
4338,1,1
4339,1,1
4340,1,1
4341,1,1
4342,1,1
4343,1,1
4344,3,1
4345,1,2
4346,2,1
4347,1,2
4348,1,1
4349,4,1
4350,1,2
4351,1,1
4352,2,1
4353,1,2
4354,1,1
4355,1,1
4356,1,1
4357,2,1
4358,4,2
4359,3,3
4360,1,3
4361,1,1
4362,3,1
4363,1,2
4364,1,1
4365,1,1
4366,1,1
4367,1,1
4368,1,1
4369,3,1
4370,1,2
4371,1,1
4372,1,1
4373,1,1
4374,1,1
4375,2,1
4376,1,2
4377,1,1
4378,1,1
4379,1,1
4380,1,1
4381,1,1
4382,1,1
4383,1,1
4384,1,1
4385,1,1
4386,2,1
4387,1,2
4388,1,1
4389,1,1
4390,1,1
4391,4,1
4392,2,2
4393,2,2
4394,1,2
4395,1,1
4396,4,1
4397,4,3
4398,20,4
4399,1,6
4400,3,2
4401,2,3
4402,1,2
4403,3,1
4404,1,3
4405,1,1
4406,3,1
4407,1,2
4408,1,1
4409,1,1
4410,1,1
4411,1,1
4412,1,1
4413,1,1
4414,1,1
4415,1,1
4416,3,1
4417,3,2
4418,1,2
4419,1,1
4420,2,2
4421,3,2
4422,2,2
4423,1,2
4424,1,1
4425,1,1
4426,2,1
4427,1,2
4428,1,1
4429,1,1
4430,1,1
4431,1,1
4432,1,1
4433,1,1
4434,1,1
4435,1,1
4436,1,1
4437,1,1
4438,1,1
4439,1,1
4440,1,1
4441,1,1
4442,1,1
4443,1,1
4444,1,1
4445,1,1
4446,1,1
4447,1,1
4448,3,1
4449,1,2
4450,1,1
4451,2,1
4452,1,2
4453,1,1
4454,1,1
4455,1,1
4456,5,1
4457,4,3
4458,4,4
4459,1,4
4460,1,2
4461,2,1
4462,1,2
4463,1,1
4464,1,1
4465,1,1
4466,1,1
4467,1,1
4468,1,1
4469,1,1
4470,1,1
4471,1,1
4472,1,1
4473,3,1
4474,1,2
4475,1,1
4476,2,1
4477,4,2
4478,1,3
4479,1,1
4480,13,1
4481,1,5
4482,1,2
4483,1,2
4484,7,1
4485,1,5
4486,4,2
4487,1,3
4488,1,1
4489,2,1
4490,4,2
4491,1,4
4492,3,2
4493,1,2
4494,1,1
4495,1,1
4496,1,1
4497,8,1
4498,12,5
4499,1,5
4500,2,2
4501,1,2
4502,1,1
4503,1,1
4504,1,1
4505,1,1
4506,1,1
4507,1,1
4508,1,1
4509,1,1
4510,1,1
4511,1,1
4512,1,1
4513,1,1
4514,1,1
4515,1,1
4516,1,1
4517,1,1
4518,2,1
4519,4,2
4520,2,3
4521,3,2
4522,7,3
4523,1,6
4524,5,2
4525,5,4
4526,1,4
4527,2,2
4528,1,2
4529,3,1
4530,1,3
4531,1,1
4532,5,1
4533,3,3
4534,1,3
4535,1,1
4536,1,1
4537,1,1
4538,1,1
4539,1,1
4540,1,1
4541,1,1
4542,1,1
4543,1,1
4544,1,1
4545,1,1
4546,1,1
4547,1,1
4548,2,1
4549,1,2
4550,1,1
4551,1,1
4552,1,1
4553,1,1
4554,1,1
4555,1,1
4556,1,1
4557,4,1
4558,1,2
4559,3,1
4560,1,2
4561,1,1
4562,1,1
4563,1,1
4564,1,1
4565,1,1
4566,1,2
4567,1,1
4568,1,1
4569,1,1
4570,1,1
4571,1,1
4572,1,1
4573,1,1
4574,3,1
4575,1,2
4576,1,1
4577,1,1
4578,1,1
4579,1,1
4580,1,1
4581,1,1
4582,5,1
4583,4,3
4584,3,3
4585,2,3
4586,1,2
4587,1,1
4588,3,1
4589,4,3
4590,7,4
4591,2,5
4592,1,2
4593,4,1
4594,1,3
4595,1,1
4596,1,1
4597,3,1
4598,2,2
4599,1,2
4600,1,1
4601,3,1
4602,1,2
4603,1,1
4604,6,1
4605,1,3
4606,1,1
4607,4,1
4608,2,3
4609,1,2
4610,1,1
4611,1,1
4612,1,1
4613,1,1
4614,1,1
4615,4,1
4616,2,2
4617,1,2
4618,1,1
4619,1,1
4620,1,1
4621,1,1
4622,1,1
4623,2,1
4624,1,2
4625,1,1
4626,1,1
4627,1,1
4628,1,1
4629,1,1
4630,8,1
4631,4,4
4632,4,3
4633,1,4
4634,9,2
4635,4,5
4636,2,3
4637,1,2
4638,1,1
4639,1,1
4640,3,1
4641,5,2
4642,1,3
4643,1,1
4644,6,1
4645,3,4
4646,2,3
4647,2,2
4648,1,2
4649,1,1
4650,1,1
4651,2,1
4652,3,2
4653,4,2
4654,3,3
4655,1,3
4656,1,1
4657,3,1
4658,1,2
4659,1,1
4660,3,1
4661,1,2
4662,2,1
4663,2,2
4664,1,2
4665,1,1
4666,3,1
4667,8,2
4668,1,5
4669,1,2
4670,1,2
4671,1,1
4672,1,1
4673,1,1
4674,1,1
4675,1,1
4676,2,1
4677,1,2
4678,1,1
4679,2,1
4680,1,2
4681,1,2
4682,2,2
4683,7,2
4684,1,4
4685,1,2
4686,1,1
4687,1,1
4688,1,1
4689,3,1
4690,1,2
4691,1,1
4692,1,1
4693,1,1
4694,1,1
4695,1,1
4696,2,1
4697,2,2
4698,1,2
4699,1,1
4700,1,1
4701,1,1
4702,1,1
4703,1,1
4704,1,1
4705,1,1
4706,1,1
4707,1,1
4708,3,1
4709,1,2
4710,3,1
4711,1,2
4712,1,1
4713,1,1
4714,1,1
4715,1,1
4716,1,1
4717,1,1
4718,2,1
4719,2,2
4720,3,2
4721,3,2
4722,4,2
4723,4,3
4724,1,3
4725,3,1
4726,2,2
4727,2,2
4728,3,2
4729,1,2
4730,3,1
4731,1,2
4732,2,1
4733,1,2
4734,1,1
4735,1,1
4736,1,1
4737,2,1
4738,2,2
4739,2,2
4740,1,2
4741,2,1
4742,1,2
4743,2,1
4744,3,2
4745,1,2
4746,2,1
4747,1,2
4748,1,1
4749,2,1
4750,1,2
4751,1,1
4752,1,1
4753,1,1
4754,1,1
4755,3,1
4756,2,3
4757,4,2
4758,1,3
4759,2,2
4760,2,2
4761,1,2
4762,1,1
4763,1,1
4764,1,1
4765,1,1
4766,1,1
4767,4,1
4768,1,2
4769,1,1
4770,3,1
4771,1,2
4772,1,1
4773,1,1
4774,1,1
4775,3,1
4776,2,2
4777,1,2
4778,3,1
4779,1,2
4780,1,1
4781,1,1
4782,1,1
4783,5,1
4784,3,2
4785,2,3
4786,1,2
4787,1,1
4788,1,1
4789,1,1
4790,3,1
4791,1,2
4792,3,1
4793,1,2
4794,1,1
4795,2,1
4796,1,2
4797,1,1
4798,1,1
4799,2,1
4800,1,2
4801,1,1
4802,1,1
4803,1,1
4804,6,1
4805,1,3
4806,1,1
4807,1,1
4808,1,2
4809,6,2
4810,1,4
4811,1,1
4812,1,1
4813,1,1
4814,1,1
4815,3,1
4816,10,2
4817,3,5
4818,3,3
4819,2,3
4820,1,2
4821,1,1
4822,1,1
4823,5,2
4824,1,3
4825,4,2
4826,2,3
4827,1,2
4828,2,1
4829,2,2
4830,2,2
4831,1,1
4832,1,1
4833,1,1
4834,1,1
4835,1,1
4836,1,1
4837,1,1
4838,1,1
4839,1,1
4840,1,1
4841,1,1
4842,2,1
4843,2,2
4844,1,2
4845,1,1
4846,1,1
4847,1,1
4848,1,1
4849,1,1
4850,1,1
4851,2,1
4852,5,2
4853,9,3
4854,6,5
4855,3,4
4856,3,3
4857,2,2
4858,4,2
4859,4,3
4860,3,4
4861,1,3
4862,7,1
4863,7,5
4864,5,5
4865,6,3
4866,4,4
4867,1,3
4868,2,1
4869,2,2
4870,5,2
4871,2,4
4872,7,2
4873,3,6
4874,3,3
4875,1,2
4876,2,1
4877,1,2
4878,1,1
4879,1,1
4880,3,1
4881,1,2
4882,2,1
4883,1,2
4884,1,1
4885,1,1
4886,1,1
4887,1,1
4888,1,1
4889,1,1
4890,1,1
4891,1,1
4892,1,1
4893,1,1
4894,1,1
4895,1,1
4896,1,1
4897,3,1
4898,1,2
4899,2,1
4900,3,2
4901,2,2
4902,3,2
4903,3,2
4904,3,2
4905,5,3
4906,1,4
4907,2,2
4908,1,2
4909,1,1
4910,1,1
4911,1,1
4912,1,1
4913,1,1
4914,1,1
4915,1,1
4916,1,1
4917,1,1
4918,1,1
4919,1,1
4920,1,1
4921,3,1
4922,5,2
4923,4,3
4924,5,4
4925,2,4
4926,2,2
4927,1,2
4928,4,1
4929,3,3
4930,5,3
4931,2,4
4932,3,2
4933,2,2
4934,1,2
4935,1,1
4936,1,1
4937,1,1
4938,1,1
4939,1,1
4940,1,1
4941,2,1
4942,1,2
4943,1,1
4944,2,1
4945,1,2
4946,1,1
4947,1,1
4948,1,1
4949,4,1
4950,2,2
4951,4,2
4952,3,3
4953,4,3
4954,1,4
4955,1,2
4956,1,1
4957,1,1
4958,2,1
4959,3,2
4960,3,2
4961,1,2
4962,1,1
4963,1,1
4964,1,1
4965,1,1
4966,5,1
4967,3,3
4968,1,3
4969,1,1
4970,3,1
4971,1,2
4972,1,1
4973,1,1
4974,3,1
4975,2,2
4976,3,2
4977,1,2
4978,1,2
4979,1,2
4980,3,1
4981,1,2
4982,3,2
4983,3,2
4984,3,3
4985,3,3
4986,1,2
4987,2,1
4988,3,2
4989,2,2
4990,1,2
4991,5,1
4992,4,4
4993,5,3
4994,1,4
4995,2,2
4996,3,2
4997,4,3
4998,1,3
4999,2,1
5000,3,2
5001,1,2
5002,1,1
5003,2,1
5004,3,2
5005,1,2
5006,1,1
5007,1,1
5008,1,1
5009,1,1
5010,1,1
5011,1,1
5012,1,1
5013,1,1
5014,1,1
5015,1,1
5016,1,1
5017,1,1
5018,1,1
5019,1,1
5020,4,1
5021,1,2
5022,1,1
5023,1,1
5024,3,1
5025,2,2
5026,1,2
5027,1,1
5028,1,1
5029,1,1
5030,4,1
5031,3,3
5032,4,3
5033,3,3
5034,2,3
5035,1,2
5036,1,1
5037,1,1
5038,1,1
5039,1,1
5040,1,1
5041,1,1
5042,2,1
5043,2,2
5044,1,2
5045,1,1
5046,2,1
5047,1,2
5048,2,1
5049,2,2
5050,1,2
5051,1,1
5052,1,1
5053,1,1
5054,1,1
5055,1,1
5056,2,1
5057,1,2
5058,1,1
5059,1,1
5060,2,1
5061,1,2
5062,1,1
5063,1,1
5064,4,1
5065,7,2
5066,3,5
5067,1,3
5068,1,2
5069,1,2
5070,1,1
5071,1,1
5072,1,1
5073,1,1
5074,1,1
5075,1,1
5076,1,1
5077,5,1
5078,2,3
5079,1,2
5080,5,1
5081,2,3
5082,1,2
5083,1,1
5084,1,1
5085,2,1
5086,4,2
5087,2,2
5088,5,2
5089,1,4
5090,1,2
5091,1,2
5092,1,1
5093,5,1
5094,6,3
5095,6,5
5096,6,5
5097,1,4
5098,2,1
5099,1,2
5100,1,1
5101,2,1
5102,1,2
5103,1,1
5104,1,1
5105,1,1
5106,1,1
5107,1,1
5108,2,1
5109,3,2
5110,5,2
5111,3,4
5112,1,3
5113,1,2
5114,1,1
5115,2,1
5116,1,2
5117,1,1
5118,1,1
5119,2,1
5120,1,2
5121,1,1
5122,2,1
5123,1,2
5124,1,1
5125,1,1
5126,1,1
5127,1,1
5128,1,1
5129,4,1
5130,2,2
5131,1,2
5132,1,1
5133,1,1
5134,1,1
5135,6,1
5136,9,3
5137,2,5
5138,5,2
5139,1,4
5140,2,2
5141,1,2
5142,1,1
5143,2,1
5144,2,2
5145,1,2
5146,1,1
5147,1,1
5148,2,1
5149,4,2
5150,4,3
5151,6,4
5152,4,4
5153,3,3
5154,1,2
5155,2,1
5156,1,2
5157,1,1
5158,1,1
5159,1,1
5160,1,1
5161,1,1
5162,1,1
5163,1,1
5164,2,1
5165,1,2
5166,1,1
5167,1,1
5168,1,1
5169,3,1
5170,2,2
5171,2,2
5172,1,2
5173,1,1
5174,1,1
5175,2,1
5176,3,2
5177,4,2
5178,1,3
5179,2,1
5180,1,2
5181,1,1
5182,2,1
5183,3,2
5184,1,2
5185,1,1
5186,1,1
5187,1,1
5188,1,1
5189,1,1
5190,1,1
5191,3,1
5192,3,2
5193,3,2
5194,3,3
5195,3,3
5196,3,3
5197,1,3
5198,1,1
5199,1,1
5200,1,1
5201,1,1
5202,3,1
5203,2,2
5204,1,2
5205,1,1
5206,1,1
5207,1,1
5208,3,1
5209,7,2
5210,5,5
5211,5,5
5212,2,5
5213,2,2
5214,2,2
5215,2,2
5216,3,2
5217,7,3
5218,1,6
5219,2,2
5220,1,2
5221,3,2
5222,1,3
5223,2,1
5224,1,2
5225,1,1
5226,1,1
5227,1,1
5228,1,1
5229,1,1
5230,1,1
5231,1,1
5232,6,1
5233,2,3
5234,3,2
5235,2,2
5236,1,2
5237,1,1
5238,1,1
5239,1,1
5240,2,1
5241,2,2
5242,1,2
5243,1,1
5244,2,1
5245,1,2
5246,1,1
5247,2,1
5248,1,2
5249,1,1
5250,1,1
5251,1,1
5252,2,1
5253,1,2
5254,2,1
5255,3,2
5256,1,2
5257,1,1
5258,1,1
5259,1,1
5260,1,1
5261,1,1
5262,1,1
5263,1,1
5264,1,1
5265,21,1
5266,1,5
5267,1,2
5268,1,2
5269,1,2
5270,1,1
5271,1,2
5272,1,2
5273,1,2
5274,1,1
5275,1,1
5276,1,1
5277,1,1
5278,1,1
5279,1,1
5280,1,1
5281,1,1
5282,1,1
5283,1,1
5284,1,1
5285,1,1
5286,1,1
5287,1,1
5288,3,1
5289,1,2
5290,1,1
5291,1,1
5292,1,1
5293,1,1
5294,4,1
5295,1,2
5296,1,1
5297,1,1
5298,1,1
5299,1,1
5300,1,1
5301,4,1
5302,1,2
5303,3,1
5304,1,2
5305,1,1
5306,1,1
5307,1,1
5308,1,1
5309,5,1
5310,1,4
5311,1,1
5312,1,2
5313,1,1
5314,1,1
5315,1,1
5316,1,1
5317,1,1
5318,1,1
5319,1,1
5320,1,1
5321,1,1
5322,1,1
5323,4,1
5324,1,2
5325,6,1
5326,1,4
5327,8,1
5328,1,5
5329,1,2
5330,1,2
5331,1,1
5332,2,1
5333,8,2
5334,1,5
5335,1,2
5336,1,2
5337,1,1
5338,5,1
5339,1,2
5340,1,1
5341,1,1
5342,1,1
5343,2,1
5344,1,2
5345,1,1
5346,6,1
5347,1,3
5348,1,1
5349,1,1
5350,3,2
5351,2,2
5352,1,2
5353,1,1
5354,1,1
5355,1,1
5356,1,1
5357,1,1
5358,1,1
5359,1,1
5360,1,1
5361,1,1
5362,1,1
5363,1,1
5364,2,1
5365,1,1
5366,1,1
5367,1,1
5368,1,1
5369,1,1
5370,1,1
5371,2,1
5372,1,2
5373,1,1
5374,1,1
5375,1,1
5376,1,1
5377,1,1
5378,1,1
5379,1,1
5380,1,1
5381,1,1
5382,1,1
5383,1,1
5384,2,1
5385,3,1
5386,3,2
5387,3,2
5388,1,3
5389,1,1
5390,1,1
5391,1,1
5392,1,1
5393,1,1
5394,1,1
5395,1,1
5396,1,1
5397,1,1
5398,1,1
5399,1,1
5400,1,1
5401,6,1
5402,1,4
5403,1,1
5404,1,2
5405,1,1
5406,1,1
5407,10,1
5408,8,5
5409,1,6
5410,1,2
5411,1,1
5412,1,1
5413,1,1
5414,1,1
5415,1,1
5416,1,1
5417,1,1
5418,1,1
5419,1,1
5420,1,1
5421,1,1
5422,1,1
5423,1,2
5424,1,1
5425,1,2
5426,1,1
5427,1,1
5428,1,1
5429,1,1
5430,1,1
5431,1,1
5432,1,1
5433,1,1
5434,1,1
5435,1,1
5436,1,1
5437,1,1
5438,1,1
5439,1,1
5440,1,1
5441,1,1
5442,1,1
5443,1,1
5444,1,1
5445,1,1
5446,1,1
5447,1,1
5448,1,1
5449,1,1
5450,1,1
5451,4,1
5452,1,2
5453,1,1
5454,1,1
5455,1,1
5456,1,1
5457,1,1
5458,1,1
5459,7,1
5460,4,5
5461,1,4
5462,3,1
5463,1,2
5464,1,1
5465,1,1
5466,1,1
5467,1,1
5468,1,1
5469,1,1
5470,1,1
5471,1,1
5472,1,1
5473,1,1
5474,1,1
5475,1,1
5476,1,1
5477,4,1
5478,2,4
5479,1,2
5480,1,1
5481,5,1
5482,11,4
5483,1,5
5484,1,2
5485,1,1
5486,1,1
5487,1,1
5488,1,1
5489,1,1
5490,1,1
5491,1,1
5492,1,1
5493,1,1
5494,1,1
5495,1,1
5496,2,1
5497,1,2
5498,1,1
5499,1,1
5500,1,1
5501,1,1
5502,1,1
5503,1,1
5504,1,1
5505,1,1
5506,1,1
5507,1,1
5508,1,1
5509,1,1
5510,1,1
5511,1,1
5512,1,1
5513,1,1
5514,1,1
5515,1,1
5516,1,1
5517,1,1
5518,1,1
5519,1,1
5520,1,1
5521,1,1
5522,1,1
5523,1,1
5524,1,1
5525,1,1
5526,1,1
5527,1,1
5528,1,1
5529,1,1
5530,1,1
5531,1,1
5532,1,1
5533,2,1
5534,3,2
5535,1,2
5536,1,1
5537,3,1
5538,1,3
5539,1,2
5540,1,2
5541,1,1
5542,1,1
5543,1,1
5544,1,1
5545,1,1
5546,2,1
5547,1,2
5548,1,1
5549,1,1
5550,1,1
5551,1,1
5552,2,1
5553,2,2
5554,1,2
5555,1,1
5556,2,1
5557,7,2
5558,1,5
5559,1,2
5560,1,1
5561,1,1
5562,8,1
5563,3,6
5564,3,3
5565,1,2
5566,1,2
5567,1,1
5568,1,1
5569,1,1
5570,1,1
5571,1,1
5572,1,1
5573,1,1
5574,3,1
5575,1,2
5576,1,1
5577,1,1
5578,1,2
5579,1,1
5580,1,1
5581,1,1
5582,1,1
5583,1,1
5584,1,1
5585,1,1
5586,1,1
5587,1,1
5588,1,1
5589,1,1
5590,1,1
5591,1,1
5592,1,1
5593,1,1
5594,2,1
5595,1,1
5596,2,1
5597,1,2
5598,1,1
5599,1,1
5600,1,1
5601,1,1
5602,1,1
5603,1,1
5604,1,1
5605,1,1
5606,1,1
5607,1,1
5608,1,1
5609,1,1
5610,1,1
5611,1,1
5612,1,1
5613,1,1
5614,1,1
5615,1,1
5616,1,1
5617,1,1
5618,1,1
5619,1,1
5620,1,1
5621,2,1
5622,4,2
5623,2,2
5624,5,2
5625,1,4
5626,3,1
5627,3,2
5628,1,2
5629,2,1
5630,3,2
5631,2,2
5632,2,2
5633,1,2
5634,1,1
5635,1,1
5636,3,1
5637,1,2
5638,1,1
5639,1,1
5640,1,1
5641,1,1
5642,6,1
5643,1,4
5644,3,2
5645,1,2
5646,1,1
5647,1,1
5648,1,1
5649,1,1
5650,1,1
5651,1,1
5652,1,1
5653,1,1
5654,1,1
5655,1,1
5656,1,1
5657,1,1
5658,2,1
5659,1,1
5660,1,1
5661,1,1
5662,2,1
5663,1,1
5664,1,1
5665,1,1
5666,1,1
5667,1,1
5668,1,1
5669,1,1
5670,1,1
5671,1,1
5672,1,1
5673,1,1
5674,2,1
5675,1,1
5676,3,1
5677,3,2
5678,3,2
5679,1,2
5680,1,1
5681,1,1
5682,1,1
5683,1,1
5684,1,1
5685,1,1
5686,1,1
5687,3,1
5688,3,2
5689,3,2
5690,3,2
5691,2,2
5692,1,2
5693,2,1
5694,2,1
5695,2,2
5696,1,2
5697,2,1
5698,2,2
5699,14,2
5700,1,5
5701,2,2
5702,1,2
5703,2,1
5704,1,2
5705,1,1
5706,1,1
5707,1,1
5708,2,1
5709,1,2
5710,1,1
5711,1,1
5712,2,1
5713,1,1
5714,1,1
5715,1,1
5716,1,1
5717,1,1
5718,1,1
5719,1,1
5720,2,1
5721,1,1
5722,1,1
5723,2,1
5724,1,2
5725,2,1
5726,1,1
5727,3,1
5728,4,2
5729,15,4
5730,1,5
5731,1,2
5732,1,1
5733,1,1
5734,1,1
5735,1,1
5736,1,1
5737,1,1
5738,1,1
5739,1,1
5740,1,1
5741,2,1
5742,1,2
5743,1,1
5744,1,1
5745,1,1
5746,1,2
5747,1,2
5748,1,1
5749,6,2
5750,2,5
5751,9,2
5752,1,6
5753,1,1
5754,1,1
5755,1,1
5756,1,1
5757,1,1
5758,1,1
5759,1,1
5760,1,1
5761,1,1
5762,1,1
5763,4,1
5764,1,2
5765,1,1
5766,3,1
5767,2,2
5768,8,2
5769,5,5
5770,1,4
5771,1,2
5772,1,1
5773,1,1
5774,1,1
5775,1,1
5776,1,1
5777,1,1
5778,1,1
5779,1,1
5780,1,1
5781,2,1
5782,1,2
5783,2,1
5784,1,2
5785,1,1
5786,3,1
5787,1,2
5788,1,1
5789,1,1
5790,8,1
5791,3,4
5792,1,3
5793,1,2
5794,4,2
5795,6,3
5796,13,5
5797,1,6
5798,5,2
5799,1,4
5800,5,2
5801,1,4
5802,1,2
5803,1,1
5804,1,1
5805,1,1
5806,1,1
5807,1,1
5808,1,1
5809,2,1
5810,1,2
5811,1,1
5812,3,1
5813,1,2
5814,1,1
5815,1,1
5816,1,1
5817,1,1
5818,2,1
5819,1,2
5820,1,1
5821,1,1
5822,2,1
5823,3,2
5824,3,2
5825,1,2
5826,1,1
5827,1,1
5828,1,1
5829,1,1
5830,2,1
5831,1,2
5832,1,1
5833,1,1
5834,1,1
5835,1,1
5836,1,1
5837,5,1
5838,2,4
5839,2,2
5840,1,2
5841,5,2
5842,1,4
5843,2,1
5844,1,2
5845,1,1
5846,1,1
5847,1,1
5848,1,1
5849,1,1
5850,1,1
5851,2,1
5852,1,2
5853,1,1
5854,1,1
5855,1,1
5856,1,1
5857,1,1
5858,1,1
5859,1,1
5860,1,1
5861,1,1
5862,1,1
5863,1,1
5864,1,1
5865,1,1
5866,1,1
5867,1,1
5868,1,1
5869,1,1
5870,1,2
5871,2,1
5872,3,2
5873,1,3
5874,1,1
5875,1,1
5876,1,1
5877,1,1
5878,1,1
5879,1,1
5880,1,1
5881,7,1
5882,7,4
5883,5,5
5884,2,4
5885,4,2
5886,3,3
5887,7,3
5888,2,6
5889,2,2
5890,1,2
5891,1,1
5892,3,1
5893,2,2
5894,1,2
5895,1,1
5896,5,1
5897,1,3
5898,1,1
5899,1,1
5900,1,1
5901,1,1
5902,1,1
5903,1,1
5904,1,1
5905,1,1
5906,1,1
5907,1,1
5908,1,1
5909,1,1
5910,1,1
5911,1,1
5912,1,1
5913,1,1
5914,3,1
5915,1,2
5916,1,1
5917,3,1
5918,1,2
5919,1,1
5920,1,1
5921,1,1
5922,2,1
5923,1,2
5924,1,1
5925,1,1
5926,1,1
5927,2,1
5928,1,2
5929,1,1
5930,1,1
5931,1,1
5932,1,1
5933,1,1
5934,2,1
5935,1,2
5936,5,1
5937,1,3
5938,2,1
5939,2,2
5940,5,2
5941,2,3
5942,3,2
5943,2,3
5944,2,2
5945,1,2
5946,1,1
5947,1,1
5948,1,1
5949,2,1
5950,2,2
5951,4,2
5952,1,3
5953,2,1
5954,2,2
5955,4,2
5956,2,3
5957,1,2
5958,1,2
5959,2,2
5960,1,2
5961,1,1
5962,1,1
5963,1,1
5964,2,1
5965,4,2
5966,1,2
5967,2,1
5968,2,2
5969,3,2
5970,1,2
5971,2,1
5972,3,2
5973,3,2
5974,2,2
5975,3,2
5976,2,2
5977,2,2
5978,2,2
5979,1,2
5980,1,1
5981,1,1
5982,1,1
5983,1,1
5984,1,1
5985,1,1
5986,1,1
5987,1,1
5988,1,1
5989,1,1
5990,1,1
5991,1,1
5992,3,1
5993,2,2
5994,1,2
5995,1,1
5996,1,1
5997,1,1
5998,1,1
5999,1,1
6000,3,1
6001,3,2
6002,2,2
6003,1,2
6004,2,1
6005,1,2
6006,1,1
6007,1,1
6008,2,1
6009,1,2
6010,1,1
6011,1,1
6012,1,1
6013,2,1
6014,2,2
6015,2,2
6016,3,2
6017,1,2
6018,4,2
6019,1,3
6020,1,1
6021,1,1
6022,2,1
6023,1,2
6024,1,1
6025,1,1
6026,3,1
6027,2,2
6028,4,2
6029,1,3
6030,1,1
6031,1,1
6032,3,1
6033,2,2
6034,4,2
6035,5,3
6036,1,5
6037,1,1
6038,1,1
6039,1,1
6040,6,1
6041,3,3
6042,8,3
6043,4,5
6044,1,3
6045,1,1
6046,1,1
6047,1,1
6048,1,1
6049,1,1
6050,3,1
6051,2,2
6052,2,2
6053,1,2
6054,1,1
6055,2,1
6056,1,2
6057,1,1
6058,2,1
6059,2,2
6060,1,2
6061,1,1
6062,3,1
6063,1,2
6064,2,1
6065,2,2
6066,1,2
6067,5,1
6068,1,3
6069,1,1
6070,1,1
6071,1,1
6072,3,1
6073,4,2
6074,9,3
6075,2,5
6076,2,2
6077,1,2
6078,1,1
6079,2,1
6080,1,2
6081,2,1
6082,1,2
6083,1,1
6084,1,1
6085,3,1
6086,1,2
6087,1,1
6088,1,1
6089,1,1
6090,1,1
6091,1,1
6092,2,1
6093,3,2
6094,1,2
6095,1,1
6096,1,1
6097,1,1
6098,1,1
6099,1,1
6100,1,1
6101,1,1
6102,1,1
6103,1,1
6104,1,1
6105,1,1
6106,1,1
6107,3,1
6108,1,2
6109,2,1
6110,1,2
6111,2,1
6112,1,2
6113,1,1
6114,3,1
6115,1,2
6116,4,1
6117,3,3
6118,1,3
6119,2,1
6120,4,2
6121,4,3
6122,3,4
6123,1,3
6124,1,2
6125,1,1
6126,3,1
6127,3,2
6128,1,2
6129,4,1
6130,1,2
6131,2,1
6132,1,2
6133,1,1
6134,2,1
6135,3,2
6136,3,2
6137,3,2
6138,1,2
6139,1,1
6140,1,1
6141,3,1
6142,5,2
6143,4,3
6144,2,4
6145,2,2
6146,3,2
6147,2,2
6148,1,2
6149,3,1
6150,7,2
6151,4,5
6152,3,4
6153,3,3
6154,5,3
6155,1,3
6156,2,1
6157,1,2
6158,1,1
6159,1,1
6160,1,1
6161,1,1
6162,1,1
6163,1,1
6164,1,1
6165,1,1
6166,1,1
6167,1,1
6168,1,1
6169,1,1
6170,1,1
6171,1,1
6172,3,1
6173,2,2
6174,2,2
6175,3,2
6176,1,3
6177,1,1
6178,1,1
6179,3,1
6180,4,3
6181,4,3
6182,1,4
6183,2,2
6184,1,2
6185,2,2
6186,1,2
6187,1,1
6188,1,1
6189,2,1
6190,1,2
6191,1,1
6192,1,1
6193,1,1
6194,1,1
6195,1,1
6196,1,1
6197,1,1
6198,1,1
6199,1,1
6200,1,1
6201,1,1
6202,2,1
6203,1,2
6204,1,1
6205,1,1
6206,1,1
6207,3,1
6208,4,2
6209,1,3
6210,4,1
6211,1,3
6212,1,2
6213,2,1
6214,1,2
6215,4,1
6216,1,3
6217,1,1
6218,6,1
6219,6,4
6220,5,5
6221,2,4
6222,2,2
6223,1,2
6224,2,1
6225,3,2
6226,1,3
6227,1,1
6228,1,1
6229,1,1
6230,1,1
6231,1,1
6232,1,1
6233,1,1
6234,1,1
6235,1,1
6236,1,1
6237,1,1
6238,1,1
6239,2,1
6240,1,2
6241,1,1
6242,1,1
6243,1,1
6244,1,1
6245,1,1
6246,1,1
6247,1,1
6248,1,1
6249,2,1
6250,2,2
6251,2,2
6252,1,2
6253,1,1
6254,1,1
6255,1,1
6256,1,1
6257,3,1
6258,2,2
6259,3,2
6260,2,2
6261,2,2
6262,1,2
6263,2,1
6264,1,2
6265,4,1
6266,1,2
6267,1,1
6268,2,1
6269,4,2
6270,4,4
6271,1,4
6272,1,2
6273,1,1
6274,2,1
6275,3,2
6276,1,2
6277,1,1
6278,1,1
6279,1,1
6280,1,1
6281,1,1
6282,3,1
6283,4,2
6284,1,3
6285,1,1
6286,3,1
6287,1,2
6288,1,1
6289,4,1
6290,4,2
6291,5,3
6292,1,5
6293,1,2
6294,5,1
6295,1,3
6296,1,1
6297,9,1
6298,10,4
6299,7,5
6300,2,4
6301,2,2
6302,1,2
6303,1,1
6304,1,1
6305,1,1
6306,1,1
6307,2,1
6308,1,2
6309,2,1
6310,1,2
6311,1,1
6312,1,1
6313,1,1
6314,1,1
6315,2,1
6316,2,2
6317,1,2
6318,1,1
6319,1,1
6320,3,1
6321,1,2
6322,1,1
6323,1,1
6324,6,1
6325,1,3
6326,5,2
6327,2,4
6328,4,2
6329,1,3
6330,1,1
6331,1,1
6332,2,1
6333,1,2
6334,1,1
6335,1,1
6336,1,1
6337,1,1
6338,1,1
6339,1,1
6340,2,1
6341,1,2
6342,1,1
6343,1,1
6344,1,1
6345,1,1
6346,2,1
6347,1,2
6348,1,1
6349,1,1
6350,1,1
6351,1,1
6352,1,1
6353,1,1
6354,1,1
6355,1,1
6356,1,1
6357,1,1
6358,1,1
6359,1,1
6360,1,1
6361,1,1
6362,1,1
6363,10,1
6364,1,5
6365,1,1
6366,2,1
6367,7,2
6368,1,4
6369,1,1
6370,1,1
6371,2,1
6372,1,2
6373,1,1
6374,1,1
6375,2,1
6376,4,2
6377,1,4
6378,1,2
6379,1,2
6380,1,1
6381,1,1
6382,1,1
6383,1,1
6384,1,1
6385,1,1
6386,1,1
6387,1,1
6388,1,1
6389,1,1
6390,1,1
6391,1,1
6392,1,1
6393,1,1
6394,1,1
6395,1,1
6396,1,1
6397,1,1
6398,1,1
6399,1,1
6400,1,1
6401,1,1
6402,1,1
6403,1,1
6404,1,1
6405,1,1
6406,1,1
6407,1,1
6408,1,1
6409,1,1
6410,1,1
6411,1,1
6412,1,1
6413,2,1
6414,1,2
6415,4,1
6416,2,2
6417,1,2
6418,1,1
6419,1,1
6420,1,1
6421,1,1
6422,1,1
6423,1,1
6424,1,1
6425,1,1
6426,1,1
6427,2,1
6428,1,2
6429,1,1
6430,1,1
6431,3,1
6432,1,2
6433,10,1
6434,1,5
6435,1,2
6436,1,1
6437,1,1
6438,1,1
6439,1,1
6440,1,1
6441,1,1
6442,1,1
6443,1,1
6444,1,1
6445,1,1
6446,1,1
6447,1,1
6448,1,1
6449,1,1
6450,1,1
6451,1,1
6452,6,1
6453,1,3
6454,4,1
6455,1,3
6456,1,1
6457,1,1
6458,3,1
6459,6,2
6460,1,4
6461,1,1
6462,1,1
6463,1,1
6464,1,1
6465,1,1
6466,3,2
6467,1,2
6468,1,1
6469,1,1
6470,1,1
6471,1,1
6472,1,1
6473,1,1
6474,1,1
6475,1,1
6476,1,1
6477,1,1
6478,1,1
6479,1,1
6480,1,1
6481,1,1
6482,2,1
6483,1,2
6484,1,1
6485,1,2
6486,1,2
6487,1,2
6488,1,1
6489,1,1
6490,1,1
6491,1,1
6492,1,1
6493,1,1
6494,14,1
6495,1,5
6496,1,1
6497,1,1
6498,2,1
6499,1,2
6500,1,1
6501,1,1
6502,1,1
6503,1,1
6504,2,1
6505,2,2
6506,1,2
6507,1,1
6508,11,1
6509,1,5
6510,1,1
6511,1,1
6512,1,1
6513,2,1
6514,1,2
6515,1,1
6516,14,1
6517,1,5
6518,1,1
6519,1,1
6520,1,1
6521,1,1
6522,1,1
6523,1,1
6524,2,1
6525,1,1
6526,1,1
6527,1,1
6528,1,1
6529,1,1
6530,1,1
6531,1,1
6532,1,1
6533,1,1
6534,1,1
6535,1,1
6536,1,1
6537,1,1
6538,1,1
6539,1,1
6540,1,1
6541,1,1
6542,1,1
6543,9,1
6544,1,4
6545,1,1
6546,3,1
6547,1,2
6548,1,1
6549,7,1
6550,1,3
6551,1,2
6552,1,1
6553,1,1
6554,1,2
6555,1,1
6556,1,1
6557,2,1
6558,1,2
6559,1,0
6560,1,0
6561,4,0
6562,1,2
6563,2,0
6564,1,1
6565,1,0
6566,1,0
6567,1,0
6568,1,0
6569,5,1
6570,1,3
6571,1,1
6572,1,0
6573,1,1
6574,1,0
6575,1,0
6576,1,0
6577,1,1
6578,1,1
6579,1,0
6580,1,0
6581,1,0
6582,1,0
6583,1,0
6584,1,0
6585,1,0
6586,22,0
6587,1,4
6588,6,1
6589,1,3
6590,1,1
6591,1,1
6592,9,1
6593,1,5
6594,7,2
6595,1,5
6596,7,1
6597,1,3
6598,1,1
6599,1,0
6600,26,0
6601,13,4
6602,4,4
6603,2,3
6604,4,2
6605,1,3
6606,1,1
6607,1,1
6608,1,1
6609,1,1
6610,1,1
6611,1,1
6612,1,1
6613,1,1
6614,1,1
6615,1,1
6616,1,1
6617,1,1
6618,1,1
6619,1,1
6620,1,1
6621,1,1
6622,1,1
6623,1,1
6624,1,1
6625,1,1
6626,1,1
6627,1,1
6628,1,1
6629,1,1
6630,1,1
6631,1,1
6632,1,1
6633,1,1
6634,1,1
6635,1,1
6636,1,1
6637,27,1
6638,1,5
6639,1,1
6640,1,1
6641,1,1
6642,1,1
6643,1,1
6644,1,1
6645,1,1
6646,1,1
6647,1,1
6648,1,1
6649,1,1
6650,2,1
6651,1,2
6652,2,1
6653,4,2
6654,2,2
6655,4,2
6656,1,3
6657,1,1
6658,3,1
6659,2,2
6660,1,2
6661,1,1
6662,5,1
6663,1,3
6664,1,1
6665,1,1
6666,1,1
6667,2,1
6668,1,2
6669,1,1
6670,1,1
6671,1,1
6672,1,1
6673,1,1
6674,1,1
6675,1,1
6676,1,1
6677,1,1
6678,1,1
6679,1,1
6680,1,1
6681,1,1
6682,1,1
6683,1,1
6684,1,1
6685,1,1
6686,1,1
6687,1,1
6688,1,1
6689,1,1
6690,1,1
6691,1,1
6692,1,1
6693,1,1
6694,1,1
6695,1,1
6696,1,1
6697,2,1
6698,1,2
6699,5,1
6700,1,3
6701,1,1
6702,4,2
6703,1,4
6704,1,1
6705,1,2
6706,1,2
6707,1,1
6708,1,1
6709,1,1
6710,1,1
6711,1,1
6712,14,1
6713,29,4
6714,1,5
6715,1,2
6716,10,3
6717,1,6
6718,3,2
6719,4,2
6720,2,4
6721,1,2
6722,1,1
6723,1,1
6724,1,1
6725,1,1
6726,4,1
6727,1,4
6728,2,2
6729,1,2
6730,1,1
6731,1,1
6732,3,1
6733,1,2
6734,1,1
6735,1,1
6736,1,1
6737,1,1
6738,1,1
6739,1,1
6740,1,1
6741,1,1
6742,4,2
6743,1,4
6744,3,2
6745,5,2
6746,1,4
6747,1,2
6748,1,2
6749,1,1
6750,1,1
6751,1,1
6752,1,1
6753,1,1
6754,1,1
6755,1,1
6756,1,1
6757,2,1
6758,1,2
6759,1,1
6760,1,1
6761,1,1
6762,5,1
6763,3,3
6764,1,2
6765,1,1
6766,8,2
6767,1,5
6768,1,2
6769,1,2
6770,1,1
6771,1,1
6772,1,1
6773,1,1
6774,1,1
6775,4,0
6776,1,2
6777,1,1
6778,1,1
6779,1,1
6780,1,1
6781,1,1
6782,3,1
6783,2,2
6784,1,2
6785,1,1
6786,1,1
6787,1,1
6788,1,1
6789,2,1
6790,1,2
6791,5,2
6792,3,4
6793,2,3
6794,1,2
6795,1,1
6796,1,1
6797,1,1
6798,1,1
6799,1,1
6800,1,1
6801,1,1
6802,1,1
6803,1,1
6804,1,1
6805,1,1
6806,1,1
6807,1,1
6808,9,1
6809,1,5
6810,1,1
6811,1,1
6812,1,1
6813,1,1
6814,1,1
6815,1,1
6816,1,1
6817,1,1
6818,1,2
6819,1,1
6820,7,2
6821,1,5
6822,1,2
6823,1,1
6824,1,1
6825,1,1
6826,1,1
6827,1,1
6828,1,1
6829,1,1
6830,2,1
6831,2,2
6832,1,2
6833,1,1
6834,1,1
6835,1,1
6836,1,1
6837,1,1
6838,1,1
6839,1,1
6840,1,1
6841,1,1
6842,1,1
6843,1,1
6844,1,1
6845,1,1
6846,1,1
6847,1,1
6848,1,1
6849,1,1
6850,1,1
6851,1,1
6852,1,1
6853,1,1
6854,1,1
6855,2,1
6856,3,2
6857,4,2
6858,8,3
6859,1,5
6860,3,2
6861,2,3
6862,1,2
6863,4,1
6864,1,3
6865,1,1
6866,1,1
6867,1,1
6868,1,1
6869,1,1
6870,1,1
6871,2,1
6872,3,2
6873,2,2
6874,7,2
6875,1,4
6876,1,2
6877,4,2
6878,3,3
6879,2,2
6880,1,2
6881,2,1
6882,1,2
6883,2,1
6884,2,2
6885,1,2
6886,2,1
6887,1,2
6888,2,1
6889,1,1
6890,1,1
6891,1,1
6892,1,1
6893,1,1
6894,1,1
6895,1,1
6896,3,1
6897,1,3
6898,15,1
6899,1,4
6900,10,1
6901,1,5
6902,1,1
6903,3,1
6904,2,2
6905,4,2
6906,1,2
6907,1,1
6908,1,1
6909,1,1
6910,4,1
6911,1,2
6912,1,1
6913,1,1
6914,4,1
6915,4,2
6916,6,3
6917,1,5
6918,2,1
6919,1,2
6920,3,1
6921,1,3
6922,1,1
6923,1,1
6924,1,1
6925,5,1
6926,2,2
6927,1,2
6928,1,1
6929,1,1
6930,1,1
6931,1,1
6932,1,1
6933,1,1
6934,1,1
6935,1,1
6936,1,1
6937,1,1
6938,1,1
6939,1,1
6940,1,1
6941,1,1
6942,1,1
6943,1,1
6944,1,1
6945,1,1
6946,1,1
6947,1,1
6948,1,1
6949,1,1
6950,1,1
6951,1,1
6952,1,1
6953,2,1
6954,1,1
6955,1,1
6956,1,1
6957,9,1
6958,1,4
6959,1,1
6960,1,1
6961,1,1
6962,1,1
6963,2,1
6964,2,1
6965,3,2
6966,1,2
6967,5,1
6968,2,3
6969,2,2
6970,3,2
6971,1,2
6972,2,1
6973,1,1
6974,1,1
6975,1,1
6976,1,1
6977,1,1
6978,1,1
6979,1,1
6980,1,1
6981,5,1
6982,6,3
6983,2,4
6984,3,2
6985,1,2
6986,3,1
6987,4,2
6988,1,3
6989,1,1
6990,1,1
6991,1,1
6992,1,1
6993,1,1
6994,1,1
6995,1,1
6996,1,1
6997,3,1
6998,1,2
6999,1,1
7000,1,1
7001,5,1
7002,2,2
7003,1,2
7004,1,1
7005,3,1
7006,1,2
7007,3,2
7008,8,2
7009,1,5
7010,2,1
7011,1,1
7012,1,1
7013,1,1
7014,1,1
7015,4,1
7016,4,2
7017,3,2
7018,1,3
7019,5,1
7020,1,3
7021,10,1
7022,1,4
7023,1,2
7024,1,1
7025,1,1
7026,1,1
7027,2,1
7028,1,2
7029,1,1
7030,1,1
7031,1,1
7032,1,1
7033,2,1
7034,1,2
7035,1,1
7036,1,1
7037,1,1
7038,1,1
7039,1,1
7040,1,1
7041,2,1
7042,1,1
7043,1,1
7044,1,1
7045,1,1
7046,1,1
7047,1,1
7048,1,1
7049,1,1
7050,1,1
7051,8,1
7052,1,4
7053,1,1
7054,1,1
7055,1,1
7056,4,1
7057,1,2
7058,6,1
7059,1,4
7060,7,1
7061,3,4
7062,3,3
7063,2,3
7064,1,2
7065,1,1
7066,1,1
7067,1,1
7068,2,1
7069,2,2
7070,1,2
7071,1,1
7072,1,0
7073,1,0
7074,1,0
7075,1,0
7076,3,0
7077,2,3
7078,1,2
7079,1,1
7080,4,1
7081,6,2
7082,3,4
7083,2,3
7084,3,2
7085,2,2
7086,1,2
7087,2,1
7088,1,2
7089,1,1
7090,2,1
7091,2,1
7092,1,1
7093,1,0
7094,1,0
7095,1,0
7096,3,0
7097,3,2
7098,2,2
7099,1,2
7100,1,1
7101,1,1
7102,1,1
7103,1,1
7104,1,1
7105,1,1
7106,1,1
7107,1,1
7108,2,1
7109,1,1
7110,1,1
7111,1,1
7112,3,1
7113,1,2
7114,1,1
7115,1,1
7116,1,1
7117,2,1
7118,1,1
7119,1,1
7120,1,1
7121,1,1
7122,1,1
7123,18,1
7124,2,5
7125,1,2
7126,3,1
7127,1,2
7128,3,1
7129,3,2
7130,1,3
7131,1,1
7132,1,1
7133,1,1
7134,3,1
7135,5,2
7136,1,3
7137,1,1
7138,1,1
7139,3,1
7140,1,2
7141,1,1
7142,1,1
7143,2,1
7144,2,1
7145,1,2
7146,1,1
7147,1,1
7148,3,1
7149,5,2
7150,1,3
7151,2,1
7152,1,2
7153,1,1
7154,12,1
7155,1,4
7156,2,1
7157,1,2
7158,2,1
7159,2,2
7160,2,2
7161,1,2
7162,1,1
7163,1,1
7164,3,1
7165,2,2
7166,1,2
7167,1,1
7168,1,1
7169,2,1
7170,1,1
7171,1,1
7172,1,1
7173,1,1
7174,2,1
7175,1,1
7176,3,1
7177,2,2
7178,1,2
7179,3,1
7180,3,2
7181,5,2
7182,2,3
7183,1,2
7184,1,1
7185,1,1
7186,1,1
7187,1,1
7188,3,1
7189,10,2
7190,8,5
7191,6,5
7192,3,4
7193,4,2
7194,3,3
7195,6,2
7196,2,6
7197,1,2
7198,1,1
7199,1,1
7200,1,1
7201,1,1
7202,1,1
7203,1,1
7204,1,1
7205,1,1
7206,1,1
7207,1,1
7208,1,1
7209,1,1
7210,1,1
7211,1,1
7212,1,1
7213,1,1
7214,1,1
7215,1,1
7216,1,1
7217,1,1
7218,1,1
7219,1,1
7220,1,1
7221,1,1
7222,1,1
7223,1,1
7224,1,1
7225,2,1
7226,1,2
7227,3,1
7228,2,2
7229,4,2
7230,1,3
7231,1,2
7232,1,1
7233,1,1
7234,1,1
7235,1,1
7236,1,1
7237,1,1
7238,1,1
7239,5,1
7240,1,2
7241,1,1
7242,1,1
7243,1,1
7244,1,1
7245,1,1
7246,3,1
7247,1,2
7248,2,1
7249,1,2
7250,1,1
7251,2,2
7252,6,2
7253,2,4
7254,3,2
7255,1,2
7256,1,1
7257,1,1
7258,3,1
7259,1,2
7260,1,1
7261,1,1
7262,1,1
7263,1,1
7264,1,1
7265,1,1
7266,1,1
7267,1,1
7268,1,1
7269,2,1
7270,1,2
7271,1,1
7272,1,1
7273,1,1
7274,1,1
7275,5,1
7276,1,2
7277,1,1
7278,1,1
7279,1,1
7280,1,1
7281,2,1
7282,1,2
7283,1,1
7284,2,2
7285,1,2
7286,3,1
7287,1,3
7288,1,1
7289,1,1
7290,1,1
7291,1,1
7292,1,1
7293,1,1
7294,1,1
7295,1,1
7296,1,1
7297,1,1
7298,1,1
7299,1,1
7300,1,1
7301,1,1
7302,1,1
7303,1,1
7304,1,1
7305,1,1
7306,1,1
7307,1,1
7308,1,1
7309,1,1
7310,1,1
7311,1,1
7312,1,1
7313,1,1
7314,1,1
7315,1,1
7316,1,1
7317,1,1
7318,1,1
7319,1,1
7320,2,1
7321,3,2
7322,2,2
7323,2,2
7324,9,2
7325,5,5
7326,3,4
7327,1,3
7328,1,1
7329,2,1
7330,1,2
7331,1,1
7332,1,1
7333,1,1
7334,1,1
7335,10,1
7336,20,4
7337,1,5
7338,3,1
7339,4,2
7340,3,3
7341,1,4
7342,2,1
7343,4,2
7344,1,3
7345,1,1
7346,1,1
7347,1,1
7348,2,1
7349,1,2
7350,1,1
7351,1,1
7352,2,1
7353,2,2
7354,2,2
7355,5,2
7356,4,4
7357,1,4
7358,1,2
7359,1,1
7360,1,1
7361,1,1
7362,1,1
7363,1,1
7364,1,1
7365,1,1
7366,4,1
7367,1,3
7368,1,2
7369,1,1
7370,1,1
7371,1,1
7372,1,1
7373,7,1
7374,1,4
7375,1,1
7376,1,1
7377,1,1
7378,1,1
7379,1,1
7380,1,1
7381,1,1
7382,1,1
7383,1,1
7384,1,1
7385,1,1
7386,1,1
7387,1,1
7388,1,2
7389,1,1
7390,1,1
7391,1,1
7392,1,1
7393,1,1
7394,1,1
7395,1,1
7396,1,1
7397,1,1
7398,1,1
7399,1,1
7400,1,1
7401,1,1
7402,1,1
7403,1,1
7404,1,1
7405,1,1
7406,1,1
7407,1,1
7408,1,1
7409,1,1
7410,1,1
7411,1,1
7412,1,1
7413,1,1
7414,1,1
7415,1,1
7416,1,1
7417,1,1
7418,1,1
7419,1,1
7420,1,1
7421,1,1
7422,11,1
7423,1,5
7424,1,2
7425,1,2
7426,1,2
7427,1,1
7428,1,1
7429,1,1
7430,1,1
7431,1,1
7432,4,1
7433,1,2
7434,1,1
7435,1,1
7436,1,1
7437,1,1
7438,3,1
7439,1,2
7440,1,1
7441,1,1
7442,1,1
7443,1,1
7444,1,1
7445,1,1
7446,1,1
7447,1,1
7448,7,1
7449,1,4
7450,1,1
7451,1,1
7452,1,1
7453,1,1
7454,1,1
7455,1,1
7456,1,1
7457,2,1
7458,1,2
7459,1,1
7460,1,1
7461,1,1
7462,1,1
7463,1,1
7464,1,1
7465,1,1
7466,1,1
7467,2,1
7468,1,2
7469,2,1
7470,1,2
7471,1,1
7472,2,1
7473,6,2
7474,1,5
7475,2,2
7476,1,2
7477,1,1
7478,1,1
7479,1,1
7480,1,1
7481,1,1
7482,8,1
7483,1,4
7484,1,1
7485,2,1
7486,1,2
7487,1,1
7488,1,1
7489,1,1
7490,1,1
7491,1,1
7492,3,1
7493,1,2
7494,1,1
7495,1,1
7496,3,1
7497,1,2
7498,1,1
7499,1,1
7500,1,1
7501,1,1
7502,1,1
7503,1,1
7504,1,1
7505,1,1
7506,1,1
7507,1,1
7508,1,1
7509,1,1
7510,1,1
7511,1,1
7512,1,1
7513,1,1
7514,1,1
7515,5,1
7516,4,2
7517,1,3
7518,6,1
7519,4,3
7520,1,3
7521,1,1
7522,3,1
7523,1,2
7524,16,1
7525,1,5
7526,1,1
7527,1,1
7528,4,1
7529,5,3
7530,1,4
7531,1,1
7532,1,1
7533,1,1
7534,1,1
7535,1,1
7536,1,1
7537,1,1
7538,1,1
7539,1,1
7540,1,1
7541,1,1
7542,49,1
7543,1,5
7544,4,1
7545,1,2
7546,1,1
7547,1,1
7548,16,1
7549,1,5
7550,1,1
7551,1,1
7552,1,1
7553,1,1
7554,1,1
7555,1,1
7556,3,1
7557,1,2
7558,1,1
7559,1,1
7560,1,1
7561,1,1
7562,1,1
7563,1,1
7564,1,1
7565,1,1
7566,1,1
7567,1,1
7568,1,1
7569,1,1
7570,1,1
7571,1,1
7572,1,1
7573,1,1
7574,1,1
7575,1,1
7576,1,1
7577,1,1
7578,1,1
7579,1,1
7580,1,1
7581,1,1
7582,1,1
7583,1,1
7584,1,1
7585,1,1
7586,1,0
7587,1,1
7588,1,1
7589,4,1
7590,1,2
7591,1,1
7592,1,1
7593,1,1
7594,1,1
7595,1,1
7596,1,1
7597,1,1
7598,1,1
7599,1,1
7600,1,1
7601,1,1
7602,1,1
7603,1,1
7604,1,1
7605,1,1
7606,1,1
7607,1,1
7608,1,1
7609,1,1
7610,1,1
7611,1,1
7612,1,1
7613,1,1
7614,34,1
7615,1,5
7616,1,1
7617,1,1
7618,1,1
7619,1,0
7620,4,1
7621,1,2
7622,11,1
7623,1,5
7624,1,1
7625,1,1
7626,1,1
7627,1,1
7628,1,1
7629,1,1
7630,1,1
7631,1,1
7632,1,1
7633,1,1
7634,1,1
7635,1,1
7636,1,1
7637,1,1
7638,1,1
7639,1,1
7640,1,1
7641,1,1
7642,1,1
7643,1,1
7644,1,1
7645,1,1
7646,1,1
7647,1,1
7648,1,1
7649,1,1
7650,7,1
7651,1,3
7652,1,1
7653,1,1
7654,1,1
7655,1,2
7656,1,1
7657,1,1
7658,1,1
7659,1,1
7660,1,1
7661,4,1
7662,1,2
7663,1,1
7664,1,1
7665,1,1
7666,3,1
7667,1,2
7668,1,1
7669,1,1
7670,1,1
7671,1,1
7672,1,1
7673,15,1
7674,1,5
7675,1,1
7676,1,1
7677,1,1
7678,1,1
7679,1,1
7680,1,1
7681,7,1
7682,1,4
7683,1,2
7684,1,1
7685,1,1
7686,1,1
7687,1,1
7688,1,1
7689,1,1
7690,14,1
7691,1,4
7692,1,1
7693,5,1
7694,1,3
7695,6,1
7696,2,4
7697,1,2
7698,1,1
7699,1,1
7700,1,1
7701,1,1
7702,1,1
7703,1,1
7704,1,1
7705,1,1
7706,1,1
7707,1,1
7708,1,1
7709,1,1
7710,1,1
7711,1,1
7712,1,1
7713,1,1
7714,1,1
7715,1,1
7716,1,1
7717,1,1
7718,3,1
7719,1,2
7720,3,1
7721,1,2
7722,1,1
7723,1,1
7724,1,1
7725,1,1
7726,1,1
7727,1,1
7728,18,1
7729,1,5
7730,1,1
7731,1,1
7732,1,1
7733,1,1
7734,1,1
7735,1,1
7736,1,1
7737,1,1
7738,1,1
7739,3,2
7740,4,3
7741,3,3
7742,1,2
7743,2,1
7744,5,2
7745,1,4
7746,1,1
7747,1,1
7748,1,1
7749,1,1
7750,1,1
7751,1,1
7752,1,1
7753,1,1
7754,1,1
7755,1,1
7756,1,1
7757,1,1
7758,1,1
7759,1,1
7760,1,1
7761,1,1
7762,1,1
7763,7,1
7764,4,3
7765,1,3
7766,2,1
7767,4,2
7768,2,3
7769,1,2
7770,2,1
7771,1,1
7772,4,1
7773,2,2
7774,1,2
7775,1,1
7776,2,1
7777,1,1
7778,1,1
7779,1,1
7780,1,1
7781,1,1
7782,1,1
7783,1,1
7784,1,1
7785,1,1
7786,1,1
7787,1,1
7788,2,1
7789,1,2
7790,3,1
7791,1,2
7792,5,1
7793,3,3
7794,4,2
7795,4,3
7796,2,3
7797,2,2
7798,1,2
7799,1,1
7800,1,1
7801,1,1
7802,1,1
7803,1,1
7804,1,1
7805,1,1
7806,1,1
7807,1,1
7808,1,1
7809,1,1
7810,1,1
7811,1,1
7812,1,1
7813,1,1
7814,1,1
7815,1,1
7816,5,1
7817,1,2
7818,2,1
7819,1,2
7820,3,1
7821,1,2
7822,1,1
7823,3,1
7824,7,2
7825,1,4
7826,1,1
7827,2,1
7828,1,2
7829,1,1
7830,1,1
7831,1,1
7832,1,1
7833,2,1
7834,1,2
7835,3,1
7836,1,2
7837,4,1
7838,1,2
7839,1,1
7840,6,1
7841,1,3
7842,1,1
7843,4,1
7844,1,2
7845,1,1
7846,8,1
7847,5,4
7848,4,4
7849,1,3
7850,2,2
7851,1,2
7852,1,1
7853,1,1
7854,1,1
7855,1,1
7856,1,1
7857,1,1
7858,1,1
7859,1,1
7860,1,1
7861,2,1
7862,1,1
7863,1,1
7864,1,1
7865,1,1
7866,1,1
7867,2,1
7868,1,1
7869,3,1
7870,5,2
7871,2,3
7872,3,2
7873,1,3
7874,1,1
7875,5,1
7876,1,3
7877,1,1
7878,1,1
7879,1,1
7880,1,1
7881,1,1
7882,1,1
7883,1,1
7884,1,1
7885,1,1
7886,1,1
7887,1,1
7888,1,1
7889,1,1
7890,1,1
7891,1,1
7892,1,1
7893,1,1
7894,2,1
7895,1,1
7896,2,1
7897,1,2
7898,1,1
7899,2,1
7900,1,2
7901,1,1
7902,1,1
7903,1,1
7904,1,1
7905,1,1
7906,1,1
7907,1,1
7908,1,1
7909,1,1
7910,1,1
7911,16,1
7912,1,5
7913,1,1
7914,4,1
7915,1,2
7916,1,1
7917,1,1
7918,1,1
7919,4,1
7920,1,3
7921,1,1
7922,1,1
7923,2,1
7924,3,2
7925,1,2
7926,4,1
7927,2,3
7928,6,2
7929,4,5
7930,2,3
7931,3,2
7932,1,2
7933,1,1
7934,2,1
7935,1,2
7936,1,1
7937,2,1
7938,2,2
7939,1,2
7940,1,1
7941,1,1
7942,1,1
7943,1,1
7944,1,1
7945,1,1
7946,1,1
7947,1,1
7948,1,1
7949,1,1
7950,1,1
7951,1,1
7952,1,1
7953,1,1
7954,1,1
7955,1,1
7956,4,1
7957,1,2
7958,1,1
7959,1,1
7960,1,1
7961,1,1
7962,1,1
7963,2,1
7964,4,1
7965,1,2
7966,1,1
7967,1,1
7968,1,1
7969,1,1
7970,1,1
7971,1,1
7972,1,1
7973,3,1
7974,1,2
7975,1,1
7976,1,1
7977,1,1
7978,1,1
7979,1,1
7980,1,1
7981,3,1
7982,1,2
7983,1,1
7984,1,1
7985,3,1
7986,4,3
7987,3,2
7988,1,2
7989,1,1
7990,1,1
7991,1,1
7992,1,1
7993,1,1
7994,2,1
7995,3,2
7996,3,3
7997,4,3
7998,2,3
7999,2,2
8000,2,2
8001,7,2
8002,6,5
8003,5,4
8004,3,3
8005,3,2
8006,2,2
8007,1,2
8008,2,1
8009,1,2
8010,1,1
8011,1,1
8012,1,1
8013,1,1
8014,4,1
8015,1,2
8016,6,1
8017,1,3
8018,8,1
8019,1,5
8020,4,2
8021,1,3
8022,9,1
8023,1,5
8024,1,2
8025,1,1
8026,1,1
8027,1,1
8028,1,1
8029,2,1
8030,3,2
8031,2,2
8032,1,2
8033,1,1
8034,1,1
8035,1,1
8036,1,1
8037,1,1
8038,1,1
8039,1,1
8040,1,1
8041,1,1
8042,1,1
8043,1,1
8044,1,1
8045,1,1
8046,4,1
8047,1,2
8048,3,1
8049,2,2
8050,6,2
8051,6,4
8052,9,4
8053,8,5
8054,4,4
8055,3,3
8056,1,2
8057,1,2
8058,2,1
8059,1,2
8060,3,1
8061,1,2
8062,1,1
8063,1,1
8064,1,1
8065,1,1
8066,5,1
8067,1,5
8068,1,1
8069,1,1
8070,1,1
8071,1,1
8072,1,1
8073,1,1
8074,3,1
8075,1,2
8076,3,1
8077,2,2
8078,4,2
8079,1,3
8080,1,1
8081,3,1
8082,2,2
8083,5,2
8084,3,4
8085,2,3
8086,4,2
8087,1,3
8088,2,1
8089,2,2
8090,1,2
8091,1,1
8092,3,1
8093,1,2
8094,1,1
8095,1,1
8096,1,1
8097,1,1
8098,1,1
8099,1,1
8100,1,1
8101,2,1
8102,1,2
8103,1,1
8104,1,1
8105,1,1
8106,1,1
8107,1,1
8108,1,1
8109,1,1
8110,2,1
8111,2,2
8112,2,2
8113,1,2
8114,1,1
8115,1,1
8116,1,1
8117,1,1
8118,1,1
8119,5,1
8120,2,3
8121,3,2
8122,3,3
8123,2,3
8124,1,2
8125,2,1
8126,2,2
8127,3,2
8128,1,2
8129,1,1
8130,1,1
8131,3,1
8132,2,2
8133,1,2
8134,1,1
8135,1,1
8136,1,1
8137,1,1
8138,1,1
8139,1,1
8140,2,1
8141,1,2
8142,4,1
8143,1,2
8144,2,1
8145,2,2
8146,1,2
8147,1,1
8148,1,1
8149,1,1
8150,1,1
8151,1,1
8152,3,1
8153,3,2
8154,4,3
8155,1,4
8156,2,1
8157,3,2
8158,2,2
8159,1,2
8160,1,1
8161,1,1
8162,3,1
8163,2,2
8164,1,2
8165,1,1
8166,1,1
8167,1,1
8168,1,1
8169,1,1
8170,1,1
8171,1,1
8172,1,1
8173,1,1
8174,1,1
8175,1,1
8176,1,1
8177,1,1
8178,1,1
8179,1,1
8180,1,1
8181,1,1
8182,1,1
8183,5,1
8184,1,3
8185,1,1
8186,1,1
8187,1,1
8188,2,1
8189,1,2
8190,2,1
8191,3,2
8192,1,2
8193,1,1
8194,1,1
8195,1,1
8196,1,1
8197,1,1
8198,1,1
8199,1,1
8200,1,1
8201,1,1
8202,1,1
8203,1,1
8204,2,1
8205,1,2
8206,1,1
8207,1,1
8208,2,1
8209,3,2
8210,1,2
8211,3,1
8212,1,2
8213,1,1
8214,4,1
8215,4,3
8216,3,4
8217,3,3
8218,3,3
8219,2,2
8220,1,2
8221,1,1
8222,2,1
8223,3,2
8224,2,2
8225,1,2
8226,3,1
8227,1,2
8228,3,1
8229,2,2
8230,1,2
8231,1,1
8232,1,1
8233,1,1
8234,1,1
8235,1,1
8236,1,1
8237,1,1
8238,1,1
8239,1,1
8240,1,1
8241,1,1
8242,1,1
8243,1,1
8244,3,1
8245,2,2
8246,3,2
8247,2,2
8248,1,2
8249,1,1
8250,1,1
8251,1,1
8252,1,1
8253,1,1
8254,1,1
8255,2,1
8256,2,2
8257,3,2
8258,4,2
8259,5,3
8260,1,5
8261,1,2
8262,1,1
8263,2,1
8264,1,2
8265,1,1
8266,2,1
8267,3,2
8268,1,2
8269,2,1
8270,1,2
8271,1,1
8272,3,1
8273,1,2
8274,1,1
8275,3,1
8276,3,2
8277,1,2
8278,1,1
8279,2,1
8280,2,2
8281,1,2
8282,2,1
8283,2,2
8284,14,2
8285,3,5
8286,2,3
8287,1,2
8288,1,1
8289,1,1
8290,7,1
8291,1,3
8292,7,1
8293,5,5
8294,4,4
8295,3,3
8296,5,3
8297,6,3
8298,3,5
8299,1,3
8300,2,1
8301,1,2
8302,9,2
8303,2,6
8304,1,2
8305,1,2
8306,1,1
8307,1,1
8308,6,1
8309,1,3
8310,1,1
8311,1,1
8312,1,1
8313,4,1
8314,1,2
8315,1,1
8316,2,1
8317,5,2
8318,5,3
8319,4,5
8320,2,4
8321,3,2
8322,3,2
8323,1,2
8324,1,1
8325,1,1
8326,1,1
8327,1,1
8328,1,1
8329,1,1
8330,3,1
8331,1,2
8332,1,1
8333,1,1
8334,1,1
8335,1,1
8336,1,1
8337,1,1
8338,1,1
8339,1,1
8340,1,1
8341,1,1
8342,1,1
8343,1,1
8344,1,1
8345,1,1
8346,1,1
8347,1,1
8348,1,1
8349,3,1
8350,4,2
8351,1,3
8352,1,1
8353,1,1
8354,1,1
8355,1,1
8356,1,1
8357,1,1
8358,1,1
8359,1,1
8360,9,1
8361,1,5
8362,1,1
8363,1,1
8364,2,1
8365,1,2
8366,1,1
8367,9,1
8368,1,4
8369,1,1
8370,13,1
8371,1,4
8372,1,1
8373,1,1
8374,1,1
8375,1,1
8376,15,1
8377,1,5
8378,1,1
8379,1,1
8380,1,1
8381,1,1
8382,1,1
8383,1,1
8384,1,1
8385,1,1
8386,1,1
8387,1,1
8388,1,1
8389,1,1
8390,1,1
8391,1,1
8392,1,1
8393,1,1
8394,1,1
8395,1,1
8396,1,1
8397,1,1
8398,1,1
8399,1,1
8400,1,1
8401,1,1
8402,1,1
8403,1,1
8404,1,1
8405,1,1
8406,1,1
8407,1,1
8408,1,1
8409,1,1
8410,1,1
8411,1,1
8412,1,1
8413,1,1
8414,1,1
8415,1,1
8416,1,1
8417,1,1
8418,1,1
8419,1,1
8420,1,1
8421,1,1
8422,1,1
8423,1,1
8424,1,1
8425,1,1
8426,1,1
8427,1,1
8428,1,1
8429,11,1
8430,1,4
8431,2,2
8432,1,2
8433,1,1
8434,1,1
8435,1,1
8436,1,1
8437,1,1
8438,1,1
8439,1,1
8440,1,1
8441,1,1
8442,1,1
8443,1,1
8444,1,1
8445,1,1
8446,1,1
8447,1,1
8448,7,1
8449,1,3
8450,1,1
8451,1,1
8452,21,1
8453,7,5
8454,1,4
8455,1,1
8456,1,1
8457,1,1
8458,1,1
8459,1,1
8460,1,1
8461,3,1
8462,1,2
8463,1,1
8464,1,1
8465,1,1
8466,1,1
8467,1,2
8468,1,1
8469,1,1
8470,1,1
8471,1,1
8472,1,1
8473,2,1
8474,1,2
8475,1,1
8476,1,1
8477,1,1
8478,1,1
8479,1,1
8480,1,1
8481,1,1
8482,1,1
8483,1,1
8484,1,1
8485,1,1
8486,1,1
8487,1,1
8488,1,1
8489,1,1
8490,1,1
8491,1,1
8492,1,1
8493,1,1
8494,1,1
8495,1,1
8496,1,1
8497,1,1
8498,1,1
8499,1,1
8500,1,2
8501,1,1
8502,17,1
8503,1,5
8504,1,1
8505,1,1
8506,1,1
8507,1,1
8508,1,1
8509,1,1
8510,1,1
8511,1,1
8512,1,1
8513,2,1
8514,1,2
8515,1,1
8516,6,1
8517,1,4
8518,1,2
8519,1,1
8520,1,1
8521,1,1
8522,1,1
8523,1,1
8524,1,1
8525,1,1
8526,1,1
8527,1,1
8528,1,0
8529,1,1
8530,3,1
8531,1,2
8532,1,1
8533,2,1
8534,1,2
8535,1,1
8536,1,1
8537,1,1
8538,1,1
8539,1,1
8540,1,1
8541,1,1
8542,1,1
8543,1,1
8544,2,1
8545,6,2
8546,2,3
8547,4,2
8548,1,3
8549,1,1
8550,1,1
8551,1,1
8552,1,1
8553,1,1
8554,1,1
8555,1,1
8556,6,1
8557,1,3
8558,1,1
8559,1,1
8560,1,1
8561,1,1
8562,1,1
8563,1,1
8564,1,1
8565,1,1
8566,1,1
8567,1,1
8568,1,1
8569,1,1
8570,1,1
8571,1,1
8572,2,1
8573,1,2
8574,1,1
8575,1,1
8576,1,1
8577,1,1
8578,1,1
8579,1,1
8580,1,1
8581,9,1
8582,1,4
8583,1,1
8584,1,1
8585,1,1
8586,1,1
8587,1,1
8588,1,1
8589,1,1
8590,1,1
8591,1,1
8592,1,1
8593,1,1
8594,1,1
8595,1,1
8596,1,1
8597,1,1
8598,1,1
8599,1,1
8600,1,1
8601,5,1
8602,1,3
8603,11,1
8604,1,4
8605,1,2
8606,1,1
8607,1,1
8608,1,1
8609,1,1
8610,1,1
8611,1,1
8612,1,1
8613,4,1
8614,1,2
8615,1,1
8616,1,1
8617,17,2
8618,3,5
8619,4,2
8620,1,3
8621,1,1
8622,1,1
8623,1,1
8624,1,1
8625,1,1
8626,8,1
8627,1,4
8628,1,1
8629,1,1
8630,1,1
8631,1,1
8632,1,1
8633,1,1
8634,3,1
8635,1,2
8636,1,1
8637,5,1
8638,1,3
8639,1,1
8640,1,1
8641,1,1
8642,1,1
8643,1,1
8644,1,1
8645,1,1
8646,1,1
8647,1,1
8648,1,1
8649,1,1
8650,1,1
8651,1,1
8652,1,1
8653,1,1
8654,1,1
8655,1,1
8656,2,1
8657,1,2
8658,1,1
8659,1,1
8660,1,1
8661,1,1
8662,1,1
8663,5,1
8664,1,2
8665,2,1
8666,1,2
8667,1,1
8668,1,1
8669,1,1
8670,1,1
8671,1,1
8672,8,1
8673,1,4
8674,1,1
8675,2,1
8676,1,2
8677,1,1
8678,1,1
8679,1,1
8680,1,1
8681,1,1
8682,2,1
8683,2,1
8684,2,2
8685,1,2
8686,1,1
8687,1,1
8688,1,1
8689,1,1
8690,1,1
8691,3,1
8692,2,2
8693,5,2
8694,3,3
8695,3,3
8696,4,3
8697,6,3
8698,3,4
8699,1,2
8700,1,1
8701,4,1
8702,1,3
8703,1,2
8704,2,1
8705,3,2
8706,3,2
8707,1,2
8708,1,1
8709,1,1
8710,1,1
8711,1,1
8712,1,1
8713,1,1
8714,1,1
8715,1,1
8716,1,1
8717,1,1
8718,1,1
8719,1,1
8720,1,1
8721,1,1
8722,1,1
8723,1,1
8724,1,1
8725,1,1
8726,1,1
8727,1,1
8728,1,1
8729,1,1
8730,1,1
8731,1,1
8732,1,1
8733,1,1
8734,1,1
8735,1,1
8736,1,1
8737,1,1
8738,1,1
8739,1,1
8740,1,1
8741,1,1
8742,1,1
8743,2,1
8744,1,2
8745,1,1
8746,1,1
8747,1,1
8748,1,1
8749,1,1
8750,1,1
8751,1,1
8752,4,1
8753,1,2
8754,1,1
8755,1,1
8756,3,1
8757,3,2
8758,3,2
8759,2,2
8760,2,2
8761,5,2
8762,3,4
8763,2,3
8764,2,2
8765,1,2
8766,2,1
8767,2,2
8768,1,2
8769,1,1
8770,1,1
8771,1,1
8772,2,1
8773,1,2
8774,1,1
8775,1,1
8776,2,1
8777,1,2
8778,2,1
8779,5,2
8780,2,3
8781,1,2
8782,1,1
8783,1,1
8784,2,1
8785,1,2
8786,1,1
8787,2,1
8788,3,2
8789,3,2
8790,5,3
8791,5,4
8792,1,4
8793,1,2
8794,2,1
8795,3,2
8796,1,2
8797,1,1
8798,2,1
8799,2,2
8800,1,2
8801,1,1
8802,1,1
8803,1,1
8804,1,1
8805,3,1
8806,1,2
8807,3,1
8808,1,2
8809,1,1
8810,1,1
8811,1,1
8812,1,1
8813,1,1
8814,1,1
8815,1,1
8816,1,1
8817,1,1
8818,1,1
8819,1,1
8820,1,1
8821,1,1
8822,1,1
8823,1,1
8824,3,1
8825,1,2
8826,1,1
8827,1,1
8828,1,1
8829,3,1
8830,2,2
8831,5,2
8832,10,4
8833,4,5
8834,5,3
8835,1,4
8836,1,2
8837,1,1
8838,1,1
8839,2,1
8840,1,2
8841,1,1
8842,1,1
8843,3,1
8844,2,2
8845,1,2
8846,1,1
8847,3,1
8848,1,2
8849,1,1
8850,1,1
8851,6,1
8852,4,3
8853,1,4
8854,1,1
8855,3,1
8856,3,3
8857,2,3
8858,1,2
8859,1,1
8860,1,1
8861,1,1
8862,1,1
8863,2,1
8864,1,2
8865,2,1
8866,2,2
8867,1,2
8868,1,1
8869,1,1
8870,2,1
8871,3,2
8872,1,2
8873,2,1
8874,1,2
8875,1,1
8876,4,1
8877,1,2
8878,1,2
8879,2,1
8880,2,2
8881,1,2
8882,1,1
8883,1,1
8884,1,1
8885,1,1
8886,1,1
8887,1,1
8888,1,1
8889,2,1
8890,8,2
8891,5,5
8892,6,4
8893,1,5
8894,1,1
8895,1,1
8896,1,1
8897,4,1
8898,1,2
8899,1,1
8900,1,1
8901,1,1
8902,2,1
8903,1,2
8904,1,1
8905,1,1
8906,1,1
8907,1,1
8908,2,1
8909,1,2
8910,1,1
8911,1,1
8912,2,1
8913,1,2
8914,2,1
8915,1,2
8916,1,1
8917,5,1
8918,1,3
8919,1,1
8920,3,1
8921,2,2
8922,1,2
8923,2,1
8924,1,2
8925,2,1
8926,1,2
8927,4,1
8928,2,3
8929,2,2
8930,1,2
8931,1,1
8932,1,1
8933,1,1
8934,1,1
8935,1,1
8936,1,1
8937,1,1
8938,1,1
8939,1,1
8940,1,1
8941,1,1
8942,2,1
8943,1,2
8944,3,1
8945,1,2
8946,1,1
8947,1,1
8948,1,1
8949,8,1
8950,1,4
8951,4,1
8952,4,3
8953,2,3
8954,1,2
8955,1,1
8956,1,1
8957,2,1
8958,5,2
8959,6,3
8960,3,5
8961,2,3
8962,2,2
8963,1,2
8964,2,1
8965,1,2
8966,1,1
8967,1,1
8968,2,1
8969,2,2
8970,2,2
8971,1,2
8972,1,1
8973,3,1
8974,4,2
8975,2,2
8976,1,2
8977,1,1
8978,1,1
8979,1,1
8980,1,1
8981,3,1
8982,2,2
8983,2,2
8984,1,2
8985,1,1
8986,1,1
8987,1,1
8988,1,1
8989,1,1
8990,1,1
8991,6,1
8992,1,3
8993,5,1
8994,1,3
8995,2,1
8996,1,2
8997,1,1
8998,1,1
8999,2,1
9000,2,2
9001,2,2
9002,1,2
9003,1,1
9004,1,1
9005,1,1
9006,1,1
9007,2,1
9008,3,2
9009,1,2
9010,10,1
9011,1,5
9012,2,2
9013,3,2
9014,5,3
9015,5,6
9016,1,5
9017,1,2
9018,1,1
9019,1,1
9020,2,1
9021,4,2
9022,7,2
9023,5,5
9024,4,4
9025,2,4
9026,1,2
9027,1,1
9028,2,1
9029,1,2
9030,1,1
9031,1,1
9032,1,1
9033,1,1
9034,1,1
9035,1,1
9036,2,1
9037,2,2
9038,1,2
9039,1,1
9040,1,1
9041,1,1
9042,1,1
9043,1,1
9044,1,1
9045,1,1
9046,2,1
9047,3,2
9048,10,2
9049,1,5
9050,2,1
9051,1,2
9052,2,1
9053,1,2
9054,1,1
9055,2,1
9056,1,2
9057,2,1
9058,1,2
9059,3,1
9060,3,2
9061,3,2
9062,3,2
9063,4,3
9064,1,4
9065,1,1
9066,2,1
9067,1,2
9068,1,1
9069,1,1
9070,3,1
9071,1,2
9072,1,1
9073,1,1
9074,1,1
9075,1,1
9076,1,1
9077,2,1
9078,1,2
9079,1,1
9080,1,1
9081,1,1
9082,1,1
9083,1,1
9084,1,1
9085,1,1
9086,1,1
9087,1,1
9088,1,1
9089,1,1
9090,1,1
9091,1,1
9092,1,1
9093,2,1
9094,1,2
9095,1,1
9096,1,1
9097,1,1
9098,1,1
9099,2,1
9100,1,2
9101,2,1
9102,1,2
9103,1,1
9104,1,1
9105,2,1
9106,1,2
9107,1,1
9108,1,1
9109,1,1
9110,1,1
9111,1,1
9112,1,1
9113,6,1
9114,5,3
9115,6,5
9116,4,5
9117,2,3
9118,1,2
9119,3,1
9120,2,3
9121,1,2
9122,2,1
9123,1,2
9124,1,1
9125,1,1
9126,1,1
9127,1,1
9128,7,1
9129,11,4
9130,6,5
9131,5,4
9132,3,3
9133,1,3
9134,7,1
9135,1,5
9136,2,2
9137,3,2
9138,4,2
9139,8,3
9140,1,5
9141,2,2
9142,1,2
9143,3,2
9144,1,3
9145,1,1
9146,2,1
9147,1,2
9148,1,1
9149,1,1
9150,1,1
9151,1,1
9152,1,1
9153,1,1
9154,1,1
9155,1,1
9156,1,1
9157,1,1
9158,1,1
9159,1,1
9160,1,1
9161,1,1
9162,2,1
9163,1,2
9164,1,1
9165,1,1
9166,1,1
9167,1,1
9168,6,1
9169,1,3
9170,1,1
9171,2,1
9172,1,2
9173,2,1
9174,2,2
9175,5,2
9176,3,3
9177,5,3
9178,1,4
9179,1,2
9180,3,2
9181,1,2
9182,2,1
9183,1,2
9184,1,1
9185,1,1
9186,1,1
9187,1,1
9188,1,1
9189,3,1
9190,2,2
9191,1,2
9192,2,1
9193,2,2
9194,1,2
9195,1,1
9196,3,1
9197,1,3
9198,1,1
9199,1,1
9200,2,1
9201,2,2
9202,1,2
9203,1,1
9204,2,1
9205,5,2
9206,1,3
9207,1,1
9208,1,1
9209,1,1
9210,1,1
9211,1,1
9212,1,1
9213,1,1
9214,1,1
9215,1,1
9216,1,1
9217,1,1
9218,1,1
9219,1,1
9220,1,1
9221,1,1
9222,1,1
9223,5,1
9224,1,3
9225,1,1
9226,1,1
9227,1,1
9228,1,1
9229,1,1
9230,3,1
9231,5,2
9232,4,3
9233,4,4
9234,5,4
9235,6,4
9236,1,4
9237,2,2
9238,1,2
9239,3,1
9240,2,3
9241,1,2
9242,2,1
9243,1,2
9244,1,1
9245,1,1
9246,1,1
9247,2,1
9248,1,2
9249,2,1
9250,2,2
9251,1,2
9252,2,1
9253,1,2
9254,3,1
9255,1,2
9256,1,1
9257,4,1
9258,4,3
9259,1,4
9260,2,1
9261,3,2
9262,11,2
9263,1,5
9264,1,2
9265,1,2
9266,2,2
9267,4,2
9268,6,4
9269,1,6
9270,1,1
9271,2,1
9272,1,2
9273,1,1
9274,1,1
9275,2,1
9276,1,2
9277,1,1
9278,1,1
9279,1,1
9280,1,1
9281,1,1
9282,1,1
9283,1,1
9284,1,1
9285,1,1
9286,2,1
9287,5,2
9288,1,3
9289,3,1
9290,2,3
9291,1,2
9292,3,1
9293,4,3
9294,4,4
9295,3,4
9296,1,3
9297,1,1
9298,1,1
9299,1,1
9300,1,1
9301,1,1
9302,3,1
9303,1,2
9304,1,1
9305,1,1
9306,1,1
9307,1,1
9308,2,1
9309,4,2
9310,1,2
9311,1,1
9312,2,1
9313,1,2
9314,2,1
9315,3,2
9316,7,3
9317,18,5
9318,6,5
9319,1,4
9320,1,2
9321,2,1
9322,1,2
9323,3,1
9324,4,2
9325,4,3
9326,4,4
9327,4,5
9328,1,4
9329,2,2
9330,4,2
9331,1,4
9332,3,2
9333,1,3
9334,1,1
9335,1,1
9336,1,1
9337,1,1
9338,1,1
9339,1,1
9340,1,1
9341,1,1
9342,2,1
9343,3,2
9344,1,2
9345,1,1
9346,1,1
9347,1,1
9348,1,1
9349,1,1
9350,2,1
9351,1,2
9352,1,1
9353,1,1
9354,1,1
9355,1,1
9356,1,1
9357,1,1
9358,1,1
9359,1,1
9360,1,1
9361,1,1
9362,1,2
9363,2,2
9364,2,2
9365,1,2
9366,1,1
9367,3,1
9368,1,2
9369,1,1
9370,1,1
9371,1,1
9372,1,1
9373,3,1
9374,1,2
9375,2,1
9376,6,2
9377,4,5
9378,3,4
9379,1,3
9380,1,2
9381,1,1
9382,1,1
9383,1,1
9384,1,1
9385,1,1
9386,1,1
9387,1,1
9388,1,1
9389,1,1
9390,1,1
9391,1,1
9392,3,1
9393,3,2
9394,1,2
9395,1,1
9396,1,1
9397,1,1
9398,1,1
9399,1,1
9400,1,1
9401,1,1
9402,3,1
9403,1,2
9404,1,1
9405,1,1
9406,1,1
9407,1,1
9408,1,1
9409,1,1
9410,1,1
9411,1,1
9412,1,1
9413,1,1
9414,1,1
9415,1,1
9416,1,1
9417,1,1
9418,7,1
9419,1,5
9420,7,2
9421,1,5
9422,1,2
9423,1,1
9424,1,2
9425,1,1
9426,4,1
9427,1,2
9428,2,1
9429,1,2
9430,1,1
9431,1,1
9432,1,1
9433,1,1
9434,1,1
9435,1,1
9436,1,1
9437,1,1
9438,1,1
9439,1,1
9440,2,1
9441,1,2
9442,1,1
9443,2,1
9444,1,2
9445,1,1
9446,1,1
9447,1,1
9448,2,1
9449,1,2
9450,3,1
9451,1,2
9452,1,1
9453,10,1
9454,3,5
9455,1,3
9456,4,1
9457,2,3
9458,2,2
9459,1,2
9460,3,1
9461,1,2
9462,1,1
9463,1,1
9464,1,1
9465,1,1
9466,1,1
9467,1,1
9468,1,1
9469,1,1
9470,4,1
9471,1,2
9472,1,1
9473,3,1
9474,1,3
9475,1,2
9476,6,2
9477,2,5
9478,1,2
9479,3,2
9480,4,3
9481,1,3
9482,1,1
9483,1,1
9484,1,1
9485,1,1
9486,1,1
9487,1,1
9488,1,1
9489,5,1
9490,9,3
9491,1,5
9492,1,1
9493,2,1
9494,1,2
9495,2,1
9496,1,2
9497,1,1
9498,1,1
9499,1,1
9500,1,1
9501,1,1
9502,1,1
9503,1,1
9504,1,1
9505,1,1
9506,1,1
9507,1,1
9508,1,1
9509,1,1
9510,2,1
9511,1,2
9512,1,1
9513,1,1
9514,1,1
9515,1,1
9516,1,1
9517,1,1
9518,1,1
9519,1,1
9520,1,1
9521,1,1
9522,1,1
9523,1,1
9524,1,1
9525,1,1
9526,1,1
9527,1,1
9528,1,1
9529,1,1
9530,1,1
9531,1,1
9532,1,1
9533,1,1
9534,1,1
9535,1,1
9536,1,1
9537,1,1
9538,1,1
9539,1,1
9540,1,1
9541,1,1
9542,1,1
9543,1,1
9544,1,1
9545,3,1
9546,7,2
9547,3,5
9548,1,3
9549,1,2
9550,1,2
9551,1,2
9552,1,1
9553,1,1
9554,1,1
9555,1,1
9556,1,1
9557,1,1
9558,1,1
9559,1,1
9560,1,1
9561,1,1
9562,2,1
9563,1,2
9564,5,1
9565,3,3
9566,1,3
9567,3,1
9568,1,2
9569,1,1
9570,1,1
9571,3,1
9572,1,2
9573,1,1
9574,2,1
9575,1,2
9576,1,1
9577,1,1
9578,1,1
9579,1,1
9580,1,1
9581,1,1
9582,1,1
9583,1,1
9584,1,1
9585,1,1
9586,1,1
9587,1,1
9588,1,1
9589,1,1
9590,1,1
9591,3,1
9592,1,2
9593,1,1
9594,1,1
9595,1,1
9596,1,1
9597,1,1
9598,1,1
9599,1,1
9600,3,1
9601,3,2
9602,4,2
9603,1,3
9604,1,1
9605,1,1
9606,2,1
9607,3,2
9608,3,2
9609,1,2
9610,1,1
9611,1,1
9612,1,1
9613,1,1
9614,1,1
9615,1,1
9616,1,1
9617,1,1
9618,3,1
9619,3,2
9620,1,2
9621,2,2
9622,1,2
9623,10,1
9624,1,5
9625,1,2
9626,1,1
9627,1,1
9628,1,1
9629,1,1
9630,1,1
9631,1,1
9632,1,1
9633,1,1
9634,1,1
9635,1,1
9636,1,1
9637,1,1
9638,1,1
9639,1,1
9640,1,1
9641,1,1
9642,1,1
9643,1,1
9644,1,1
9645,1,1
9646,1,1
9647,1,1
9648,1,1
9649,1,1
9650,1,1
9651,1,1
9652,1,1
9653,3,1
9654,1,2
9655,1,1
9656,1,1
9657,1,1
9658,2,1
9659,1,2
9660,7,1
9661,3,4
9662,1,3
9663,1,2
9664,1,1
9665,1,1
9666,1,1
9667,1,1
9668,1,1
9669,1,1
9670,1,1
9671,3,1
9672,1,2
9673,1,1
9674,1,1
9675,1,1
9676,1,1
9677,1,1
9678,1,1
9679,1,1
9680,1,1
9681,1,1
9682,1,1
9683,2,1
9684,1,2
9685,1,1
9686,1,1
9687,1,1
9688,1,1
9689,1,1
9690,1,1
9691,19,2
9692,1,5
9693,1,2
9694,1,1
9695,1,1
9696,1,1
9697,1,1
9698,1,1
9699,1,1
9700,1,1
9701,1,1
9702,1,1
9703,1,1
9704,1,1
9705,1,1
9706,1,1
9707,1,1
9708,1,1
9709,1,1
9710,6,1
9711,3,3
9712,5,3
9713,1,4
9714,2,2
9715,1,2
9716,1,1
9717,1,1
9718,1,1
9719,1,1
9720,1,1
9721,1,1
9722,1,1
9723,1,1
9724,2,1
9725,1,2
9726,1,1
9727,4,1
9728,1,2
9729,1,1
9730,1,1
9731,1,1
9732,1,1
9733,1,1
9734,1,1
9735,1,1
9736,1,1
9737,2,1
9738,1,2
9739,1,1
9740,3,1
9741,1,2
9742,16,1
9743,3,5
9744,1,3
9745,1,2
9746,10,1
9747,2,5
9748,1,3
9749,1,1
9750,1,1
9751,1,1
9752,1,1
9753,1,1
9754,1,1
9755,1,1
9756,18,1
9757,1,5
9758,1,1
9759,1,1
9760,1,1
9761,1,1
9762,1,1
9763,1,1
9764,1,1
9765,1,1
9766,1,1
9767,1,1
9768,1,1
9769,1,1
9770,1,1
9771,1,1
9772,1,1
9773,2,1
9774,1,1
9775,7,1
9776,1,4
9777,1,2
9778,1,2
9779,1,2
9780,1,1
9781,1,1
9782,1,1
9783,2,1
9784,1,1
9785,1,1
9786,1,1
9787,1,1
9788,1,1
9789,1,1
9790,4,1
9791,4,2
9792,2,3
9793,1,2
9794,1,1
9795,1,1
9796,1,1
9797,5,1
9798,1,3
9799,1,1
9800,1,1
9801,2,1
9802,2,2
9803,1,2
9804,1,1
9805,3,1
9806,2,2
9807,1,2
9808,1,1
9809,1,1
9810,1,1
9811,2,1
9812,2,1
9813,2,1
9814,1,1
9815,1,1
9816,1,1
9817,1,1
9818,1,1
9819,2,1
9820,1,1
9821,1,1
9822,2,1
9823,1,2
9824,1,1
9825,1,1
9826,1,1
9827,1,1
9828,1,1
9829,3,1
9830,4,2
9831,2,2
9832,1,2
9833,1,1
9834,2,1
9835,1,2
9836,1,1
9837,1,1
9838,1,1
9839,1,1
9840,1,1
9841,1,1
9842,2,1
9843,3,1
9844,1,2
9845,1,1
9846,2,1
9847,1,2
9848,2,1
9849,2,1
9850,6,2
9851,3,4
9852,2,3
9853,1,2
9854,4,1
9855,1,3
9856,2,1
9857,1,1
9858,1,1
9859,3,1
9860,1,2
9861,1,1
9862,2,1
9863,1,2
9864,1,1
9865,1,1
9866,1,1
9867,1,1
9868,1,1
9869,2,1
9870,1,1
9871,3,1
9872,1,2
9873,1,1
9874,1,1
9875,1,1
9876,1,1
9877,1,1
9878,1,1
9879,1,1
9880,1,1
9881,1,1
9882,1,1
9883,1,1
9884,1,1
9885,1,1
9886,3,1
9887,9,2
9888,1,5
9889,1,2
9890,1,1
9891,1,1
9892,5,1
9893,2,4
9894,5,2
9895,2,4
9896,1,2
9897,5,2
9898,5,3
9899,4,3
9900,3,3
9901,3,2
9902,1,2
9903,1,1
9904,1,1
9905,1,1
9906,1,1
9907,1,1
9908,1,1
9909,3,1
9910,1,2
9911,1,1
9912,3,1
9913,4,2
9914,2,2
9915,3,2
9916,1,2
9917,2,2
9918,1,2
9919,1,2
9920,1,1
9921,2,1
9922,2,2
9923,1,2
9924,1,1
9925,2,1
9926,3,1
9927,5,2
9928,3,3
9929,4,3
9930,5,4
9931,2,4
9932,2,2
9933,1,2
9934,5,1
9935,1,4
9936,1,1
9937,1,1
9938,1,1
9939,2,1
9940,1,2
9941,1,1
9942,1,1
9943,1,1
9944,1,1
9945,1,1
9946,2,1
9947,1,1
9948,1,1
9949,5,1
9950,1,2
9951,1,1
9952,1,1
9953,1,1
9954,1,1
9955,1,1
9956,1,1
9957,1,1
9958,4,1
9959,3,2
9960,2,2
9961,2,2
9962,4,2
9963,3,3
9964,3,3
9965,1,3
9966,1,1
9967,1,1
9968,1,1
9969,1,1
9970,1,1
9971,1,1
9972,1,1
9973,1,1
9974,2,1
9975,1,2
9976,1,1
9977,1,1
9978,1,1
9979,1,1
9980,2,1
9981,2,2
9982,1,2
9983,1,1
9984,4,1
9985,2,2
9986,1,2
9987,3,1
9988,2,2
9989,3,2
9990,2,2
9991,1,2
9992,2,1
9993,1,2
9994,1,1
9995,1,1
9996,1,1
9997,1,1
9998,5,1
9999,2,2
10000,2,2
10001,1,2
10002,1,1
10003,1,1
10004,1,1
10005,2,1
10006,1,2
10007,2,1
10008,2,2
10009,1,2
10010,1,1
10011,1,2
10012,1,2
10013,1,1
10014,1,1
10015,1,1
10016,3,1
10017,1,2
10018,4,1
10019,3,2
10020,3,2
10021,1,3
10022,1,1
10023,2,1
10024,3,1
10025,3,2
10026,2,2
10027,2,2
10028,1,2
10029,1,1
10030,4,1
10031,3,2
10032,1,2
10033,1,1
10034,2,1
10035,1,2
10036,1,1
10037,1,1
10038,1,1
10039,1,1
10040,1,1
10041,1,1
10042,1,1
10043,1,1
10044,1,1
10045,1,1
10046,1,1
10047,1,1
10048,1,1
10049,1,1
10050,1,1
10051,1,1
10052,1,1
10053,2,1
10054,1,2
10055,1,1
10056,1,1
10057,1,2
10058,2,1
10059,3,2
10060,1,3
10061,1,1
10062,1,1
10063,1,1
10064,3,1
10065,1,2
10066,2,1
10067,1,2
10068,1,1
10069,1,1
10070,3,1
10071,3,2
10072,4,3
10073,1,4
10074,2,1
10075,3,2
10076,4,3
10077,2,4
10078,10,2
10079,4,6
10080,1,3
10081,1,1
10082,4,1
10083,1,4
10084,1,1
10085,1,1
10086,1,1
10087,1,1
10088,1,1
10089,1,1
10090,1,1
10091,1,1
10092,3,1
10093,3,2
10094,1,2
10095,1,1
10096,1,1
10097,1,1
10098,1,1
10099,1,1
10100,1,1
10101,1,1
10102,3,1
10103,2,2
10104,1,2
10105,2,1
10106,1,2
10107,1,1
10108,2,1
10109,3,2
10110,1,2
10111,1,1
10112,1,1
10113,4,2
10114,1,3
10115,2,2
10116,1,2
10117,1,1
10118,5,1
10119,2,3
10120,1,2
10121,1,1
10122,1,1
10123,1,1
10124,1,1
10125,1,1
10126,1,1
10127,1,1
10128,1,1
10129,1,1
10130,1,1
10131,1,1
10132,1,1
10133,1,1
10134,1,1
10135,2,1
10136,1,2
10137,1,1
10138,6,1
10139,1,3
10140,1,1
10141,1,1
10142,1,1
10143,3,1
10144,3,2
10145,1,2
10146,3,1
10147,7,2
10148,5,5
10149,2,4
10150,4,2
10151,2,3
10152,2,2
10153,3,2
10154,3,3
10155,1,3
10156,2,1
10157,3,2
10158,1,2
10159,1,2
10160,1,1
10161,4,1
10162,2,2
10163,1,2
10164,1,1
10165,1,1
10166,5,1
10167,3,3
10168,2,3
10169,4,2
10170,1,3
10171,1,2
10172,5,1
10173,1,4
10174,1,1
10175,1,1
10176,1,1
10177,1,1
10178,1,1
10179,1,1
10180,1,1
10181,1,1
10182,1,1
10183,1,1
10184,1,1
10185,1,1
10186,1,1
10187,4,1
10188,5,2
10189,1,4
10190,1,1
10191,1,1
10192,5,1
10193,2,2
10194,3,2
10195,1,2
10196,1,1
10197,2,1
10198,1,2
10199,12,1
10200,1,5
10201,1,1
10202,1,1
10203,1,1
10204,1,1
10205,1,1
10206,1,1
10207,4,1
10208,2,2
10209,1,2
10210,2,1
10211,2,2
10212,1,2
10213,1,1
10214,1,1
10215,1,1
10216,2,1
10217,3,1
10218,2,2
10219,2,2
10220,2,2
10221,3,2
10222,1,2
10223,2,1
10224,1,2
10225,5,1
10226,1,3
10227,4,1
10228,1,2
10229,1,1
10230,1,1
10231,1,1
10232,1,1
10233,1,2
10234,1,1
10235,1,1
10236,2,1
10237,3,2
10238,1,2
10239,1,1
10240,2,1
10241,1,2
10242,2,1
10243,1,1
10244,3,1
10245,1,2
10246,1,1
10247,1,1
10248,1,1
10249,4,1
10250,3,2
10251,1,2
10252,1,1
10253,1,1
10254,2,1
10255,2,2
10256,2,2
10257,4,2
10258,3,3
10259,2,3
10260,2,2
10261,3,2
10262,2,2
10263,1,2
10264,1,1
10265,1,1
10266,1,1
10267,1,1
10268,1,1
10269,1,1
10270,1,1
10271,1,1
10272,1,1
10273,1,1
10274,1,1
10275,1,1
10276,1,1
10277,1,1
10278,1,1
10279,1,1
10280,1,1
10281,1,1
10282,1,1
10283,1,1
10284,1,1
10285,1,1
10286,1,1
10287,1,1
10288,1,1
10289,1,1
10290,1,1
10291,1,1
10292,2,1
10293,3,2
10294,1,2
10295,2,1
10296,3,2
10297,1,2
10298,2,1
10299,4,2
10300,1,2
10301,1,1
10302,1,1
10303,1,1
10304,5,1
10305,1,3
10306,1,1
10307,1,1
10308,1,1
10309,2,1
10310,1,1
10311,1,1
10312,1,1
10313,1,2
10314,1,1
10315,4,1
10316,1,3
10317,1,1
10318,1,1
10319,1,1
10320,5,1
10321,2,2
10322,2,2
10323,2,2
10324,1,2
10325,3,1
10326,2,2
10327,1,2
10328,1,1
10329,2,1
10330,1,2
10331,1,1
10332,1,1
10333,1,1
10334,1,1
10335,1,1
10336,1,1
10337,1,1
10338,1,1
10339,2,1
10340,1,2
10341,1,1
10342,1,1
10343,1,1
10344,1,1
10345,3,1
10346,1,2
10347,1,1
10348,1,1
10349,1,1
10350,1,1
10351,1,1
10352,1,1
10353,6,1
10354,1,4
10355,2,2
10356,1,2
10357,1,1
10358,3,1
10359,6,3
10360,1,5
10361,1,1
10362,1,1
10363,1,1
10364,1,1
10365,1,1
10366,1,1
10367,1,1
10368,2,1
10369,5,2
10370,1,4
10371,1,2
10372,2,1
10373,2,2
10374,1,2
10375,1,1
10376,1,1
10377,1,1
10378,1,1
10379,1,1
10380,1,1
10381,1,1
10382,1,1
10383,1,1
10384,1,1
10385,2,1
10386,1,2
10387,1,1
10388,1,1
10389,1,1
10390,1,1
10391,1,1
10392,1,1
10393,1,1
10394,1,1
10395,1,1
10396,1,1
10397,1,1
10398,1,1
10399,1,1
10400,1,1
10401,1,1
10402,1,1
10403,1,1
10404,1,1
10405,1,1
10406,1,1
10407,1,1
10408,4,1
10409,1,2
10410,1,1
10411,1,1
10412,2,1
10413,1,1
10414,1,1
10415,6,1
10416,3,3
10417,1,3
10418,1,1
10419,1,1
10420,1,1
10421,1,1
10422,1,1
10423,1,1
10424,2,1
10425,1,1
10426,1,1
10427,1,1
10428,1,1
10429,1,1
10430,1,1
10431,3,1
10432,1,2
10433,1,1
10434,1,1
10435,1,1
10436,3,1
10437,1,2
10438,3,2
10439,2,3
10440,1,2
10441,1,1
10442,1,1
10443,1,1
10444,1,1
10445,1,1
10446,4,1
10447,1,2
10448,1,1
10449,1,1
10450,1,1
10451,1,1
10452,4,1
10453,1,2
10454,2,1
10455,1,2
10456,2,1
10457,1,2
10458,1,1
10459,1,1
10460,2,1
10461,1,1
10462,1,1
10463,1,1
10464,1,1
10465,1,1
10466,1,1
10467,1,1
10468,4,1
10469,1,2
10470,1,1
10471,1,1
10472,1,1
10473,1,1
10474,1,1
10475,1,1
10476,4,1
10477,1,2
10478,6,1
10479,1,4
10480,2,2
10481,1,2
10482,1,1
10483,1,1
10484,1,1
10485,1,1
10486,1,1
10487,1,1
10488,1,1
10489,1,1
10490,1,1
10491,1,1
10492,4,1
10493,1,2
10494,4,1
10495,1,2
10496,3,1
10497,1,2
10498,2,1
10499,2,2
10500,3,2
10501,3,2
10502,1,2
10503,1,1
10504,1,1
10505,1,1
10506,7,1
10507,9,4
10508,1,5
10509,1,2
10510,2,2
10511,1,2
10512,1,1
10513,1,1
10514,1,1
10515,1,1
10516,1,1
10517,1,1
10518,1,1
10519,1,1
10520,1,1
10521,1,1
10522,1,1
10523,3,1
10524,1,2
10525,1,1
10526,1,1
10527,2,1
10528,5,2
10529,3,3
10530,3,3
10531,1,3
10532,1,1
10533,3,1
10534,3,2
10535,1,2
10536,1,1
10537,1,1
10538,1,1
10539,1,1
10540,1,1
10541,3,1
10542,1,2
10543,1,1
10544,1,1
10545,1,1
10546,1,1
10547,1,1
10548,1,1
10549,2,1
10550,1,2
10551,1,1
10552,1,1
10553,1,1
10554,1,1
10555,1,1
10556,2,1
10557,3,1
10558,1,2
10559,1,1
10560,1,1
10561,1,1
10562,1,1
10563,1,1
10564,1,1
10565,1,1
10566,1,1
10567,1,1
10568,3,1
10569,6,2
10570,4,4
10571,1,4
10572,1,1
10573,1,1
10574,1,1
10575,1,1
10576,1,1
10577,1,1
10578,1,1
10579,2,1
10580,4,2
10581,1,2
10582,1,1
10583,1,1
10584,1,1
10585,1,1
10586,1,1
10587,1,1
10588,5,1
10589,1,2
10590,1,1
10591,1,1
10592,1,1
10593,1,1
10594,1,1
10595,1,1
10596,1,1
10597,5,1
10598,1,3
10599,1,1
10600,4,1
10601,2,3
10602,1,2
10603,1,1
10604,1,1
10605,1,1
10606,1,1
10607,1,1
10608,1,1
10609,2,1
10610,1,1
10611,7,1
10612,1,3
10613,4,1
10614,1,3
10615,1,1
10616,4,1
10617,3,2
10618,2,3
10619,1,2
10620,2,1
10621,1,2
10622,1,1
10623,1,1
10624,1,1
10625,1,1
10626,1,1
10627,1,1
10628,35,1
10629,1,5
10630,9,1
10631,1,4
10632,1,1
10633,1,1
10634,1,1
10635,4,1
10636,1,3
10637,1,2
10638,1,1
10639,1,1
10640,1,1
10641,1,1
10642,1,1
10643,1,1
10644,1,1
10645,1,1
10646,1,1
10647,1,1
10648,1,1
10649,1,1
10650,1,1
10651,1,1
10652,1,1
10653,1,1
10654,1,1
10655,1,1
10656,1,1
10657,1,1
10658,1,1
10659,2,1
10660,1,2
10661,2,1
10662,1,2
10663,3,1
10664,1,2
10665,3,1
10666,1,2
10667,1,1
10668,1,1
10669,1,1
10670,1,1
10671,1,1
10672,1,1
10673,10,1
10674,1,5
10675,1,2
10676,1,1
10677,1,1
10678,1,1
10679,1,1
10680,1,1
10681,1,1
10682,1,1
10683,1,1
10684,3,1
10685,1,2
10686,1,1
10687,1,1
10688,3,1
10689,5,2
10690,4,3
10691,1,4
10692,1,1
10693,1,1
10694,1,1
10695,1,1
10696,1,1
10697,1,1
10698,1,1
10699,1,1
10700,1,1
10701,1,1
10702,1,1
10703,1,1
10704,1,1
10705,1,1
10706,1,1
10707,1,1
10708,6,1
10709,1,3
10710,1,1
10711,2,2
10712,1,2
10713,6,1
10714,1,4
10715,1,2
10716,4,1
10717,1,4
10718,7,1
10719,1,4
10720,1,1
10721,2,1
10722,1,2
10723,1,1
10724,7,1
10725,1,3
10726,1,1
10727,1,1
10728,1,1
10729,2,1
10730,1,2
10731,1,1
10732,1,1
10733,1,1
10734,1,1
10735,2,1
10736,1,2
10737,1,1
10738,3,1
10739,1,2
10740,1,1
10741,1,1
10742,1,1
10743,1,1
10744,1,1
10745,1,0
10746,1,0
10747,1,1
10748,1,0
10749,1,0
10750,1,1
10751,1,0
10752,1,0
10753,1,0
10754,1,0
10755,1,0
10756,1,0
10757,1,0
10758,1,0
10759,1,0
10760,1,0
10761,1,0
10762,1,0
10763,1,0
10764,1,0
10765,1,0
10766,1,0
10767,1,0
10768,1,0
10769,1,0
10770,1,0
10771,1,0
10772,1,0
10773,1,0
10774,4,0
10775,3,2
10776,1,2
10777,2,1
10778,3,1
10779,1,2
10780,1,1
10781,1,1
10782,1,1
10783,1,1
10784,1,1
10785,2,0
10786,2,2
10787,5,2
10788,1,3
10789,3,1
10790,1,2
10791,1,1
10792,2,1
10793,1,1
10794,1,1
10795,1,0
10796,1,0
10797,1,1
10798,1,0
10799,1,0
10800,1,0
10801,1,0
10802,2,1
10803,1,2
10804,1,1
10805,1,2
10806,4,2
10807,2,3
10808,1,2
10809,2,1
10810,1,2
10811,1,1
10812,7,2
10813,1,4
10814,1,2
10815,1,1
10816,2,1
10817,1,1
10818,2,0
10819,1,1
10820,1,1
10821,1,1
10822,1,1
10823,1,1
10824,1,0
10825,3,1
10826,1,2
10827,4,1
10828,1,3
10829,1,2
10830,1,1
10831,1,1
10832,1,1
10833,1,0
10834,1,1
10835,1,1
10836,1,1
10837,1,1
10838,1,0
10839,1,0
10840,1,0
10841,1,0
10842,1,0
10843,5,0
10844,1,3
10845,1,1
10846,2,1
10847,2,1
10848,3,2
10849,1,2
10850,1,1
10851,1,1
10852,1,1
10853,3,1
10854,1,2
10855,1,1
10856,5,1
10857,10,3
10858,4,5
10859,2,3
10860,1,2
10861,1,1
10862,1,1
10863,6,1
10864,3,3
10865,3,2
10866,5,3
10867,2,4
10868,1,2
10869,2,1
10870,2,2
10871,1,2
10872,2,1
10873,1,2
10874,1,1
10875,1,1
10876,1,1
10877,1,1
10878,1,1
10879,1,1
10880,1,1
10881,2,1
10882,1,2
10883,1,1
10884,1,1
10885,1,1
10886,1,1
10887,1,1
10888,1,1
10889,1,1
10890,1,1
10891,2,1
10892,1,1
10893,1,1
10894,1,1
10895,2,1
10896,1,1
10897,1,1
10898,2,1
10899,1,1
10900,1,1
10901,1,1
10902,1,1
10903,1,1
10904,2,1
10905,1,1
10906,2,1
10907,2,2
10908,1,2
10909,1,1
10910,1,1
10911,1,1
10912,1,1
10913,2,1
10914,3,1
10915,4,2
10916,1,2
10917,1,1
10918,1,1
10919,1,1
10920,1,1
10921,1,1
10922,1,1
10923,2,1
10924,3,1
10925,1,2
10926,1,1
10927,3,1
10928,1,2
10929,1,1
10930,1,1
10931,1,1
10932,4,1
10933,2,2
10934,2,2
10935,1,2
10936,1,1
10937,1,1
10938,1,1
10939,1,1
10940,1,1
10941,1,1
10942,1,1
10943,1,1
10944,1,1
10945,1,1
10946,1,1
10947,3,1
10948,1,2
10949,1,1
10950,1,1
10951,1,1
10952,1,1
10953,1,1
10954,1,1
10955,1,1
10956,1,1
10957,1,1
10958,1,1
10959,1,1
10960,1,1
10961,1,1
10962,1,1
10963,5,1
10964,1,2
10965,1,1
10966,2,1
10967,3,1
10968,3,2
10969,2,2
10970,1,2
10971,1,1
10972,1,1
10973,1,1
10974,3,1
10975,1,2
10976,1,1
10977,1,1
10978,2,1
10979,2,2
10980,3,2
10981,2,2
10982,2,2
10983,6,2
10984,2,4
10985,1,2
10986,1,1
10987,1,1
10988,7,1
10989,1,3
10990,2,1
10991,1,1
10992,1,1
10993,1,1
10994,3,1
10995,2,2
10996,6,2
10997,4,5
10998,1,3
10999,1,1
11000,1,1
11001,2,1
11002,3,2
11003,1,2
11004,2,1
11005,1,1
11006,1,1
11007,1,1
11008,1,1
11009,1,1
11010,1,1
11011,1,1
11012,1,1
11013,1,1
11014,1,1
11015,1,1
11016,1,1
11017,1,1
11018,1,1
11019,1,1
11020,2,1
11021,4,1
11022,7,3
11023,2,5
11024,4,2
11025,1,3
11026,2,1
11027,4,2
11028,7,3
11029,3,6
11030,2,2
11031,3,2
11032,3,2
11033,1,2
11034,4,1
11035,7,3
11036,3,5
11037,3,3
11038,3,3
11039,2,2
11040,5,2
11041,3,4
11042,2,3
11043,2,2
11044,2,2
11045,1,2
11046,2,1
11047,1,2
11048,1,1
11049,1,1
11050,1,1
11051,1,1
11052,1,1
11053,1,1
11054,1,1
11055,1,1
11056,1,1
11057,1,1
11058,3,1
11059,2,2
11060,1,2
11061,1,1
11062,1,1
11063,1,1
11064,1,1
11065,1,1
11066,1,1
11067,2,1
11068,1,2
11069,1,1
11070,1,1
11071,1,1
11072,1,1
11073,1,1
11074,1,1
11075,1,1
11076,1,1
11077,1,1
11078,3,1
11079,1,2
11080,4,1
11081,4,2
11082,1,3
11083,1,1
11084,1,1
11085,1,1
11086,2,1
11087,1,2
11088,1,1
11089,1,1
11090,1,1
11091,1,1
11092,1,1
11093,1,1
11094,1,1
11095,1,1
11096,1,1
11097,1,1
11098,2,1
11099,2,1
11100,2,2
11101,1,2
11102,1,1
11103,1,1
11104,1,1
11105,2,1
11106,1,2
11107,3,1
11108,1,2
11109,4,1
11110,1,2
11111,3,1
11112,3,2
11113,4,2
11114,4,3
11115,2,3
11116,1,2
11117,2,1
11118,1,2
11119,1,1
11120,3,1
11121,3,2
11122,5,2
11123,1,4
11124,2,2
11125,4,2
11126,1,3
11127,3,1
11128,1,3
11129,2,1
11130,1,1
11131,1,1
11132,3,1
11133,1,2
11134,2,1
11135,1,2
11136,4,1
11137,1,2
11138,3,1
11139,2,2
11140,2,2
11141,4,2
11142,2,2
11143,1,2
11144,1,1
11145,1,1
11146,2,1
11147,6,2
11148,5,5
11149,3,4
11150,2,3
11151,1,2
11152,2,1
11153,2,2
11154,3,2
11155,1,2
11156,1,1
11157,1,1
11158,1,1
11159,2,1
11160,1,2
11161,2,1
11162,1,2
11163,1,1
11164,1,1
11165,1,1
11166,2,1
11167,1,2
11168,2,1
11169,1,2
11170,1,1
11171,1,1
11172,2,1
11173,2,2
11174,1,2
11175,1,1
11176,1,1
11177,1,1
11178,1,1
11179,3,1
11180,1,2
11181,2,1
11182,1,2
11183,1,1
11184,1,1
11185,4,1
11186,2,2
11187,1,2
11188,1,1
11189,3,1
11190,3,2
11191,6,2
11192,1,5
11193,1,1
11194,1,1
11195,1,1
11196,1,1
11197,1,1
11198,1,1
11199,1,1
11200,1,1
11201,5,1
11202,2,2
11203,1,2
11204,1,1
11205,2,1
11206,4,2
11207,2,3
11208,1,2
11209,1,1
11210,1,1
11211,2,1
11212,2,2
11213,1,2
11214,2,1
11215,4,2
11216,1,3
11217,2,1
11218,1,2
11219,2,1
11220,1,2
11221,3,1
11222,2,2
11223,3,2
11224,2,2
11225,2,2
11226,1,2
11227,1,1
11228,1,1
11229,2,1
11230,1,1
11231,1,1
11232,1,1
11233,1,1
11234,2,1
11235,1,2
11236,1,1
11237,1,1
11238,1,1
11239,1,1
11240,1,1
11241,3,1
11242,1,2
11243,2,1
11244,1,2
11245,1,1
11246,1,1
11247,1,1
11248,1,1
11249,2,1
11250,2,2
11251,1,2
11252,1,1
11253,1,1
11254,1,1
11255,1,1
11256,1,1
11257,1,1
11258,1,1
11259,1,1
11260,2,1
11261,3,2
11262,1,2
11263,1,1
11264,1,1
11265,1,1
11266,1,1
11267,1,1
11268,3,1
11269,1,2
11270,1,1
11271,1,1
11272,3,1
11273,4,2
11274,1,2
11275,1,1
11276,1,1
11277,4,1
11278,4,2
11279,8,3
11280,1,5
11281,2,2
11282,5,2
11283,1,3
11284,1,1
11285,1,1
11286,2,1
11287,3,2
11288,2,2
11289,1,2
11290,1,1
11291,3,1
11292,1,2
11293,3,1
11294,1,2
11295,1,1
11296,3,1
11297,1,2
11298,1,1
11299,1,1
11300,1,1
11301,1,1
11302,4,1
11303,1,3
11304,1,1
11305,1,1
11306,1,1
11307,1,1
11308,1,1
11309,3,1
11310,1,2
11311,1,1
11312,1,1
11313,2,1
11314,4,2
11315,1,2
11316,1,1
11317,7,1
11318,13,4
11319,2,5
11320,1,2
11321,1,2
11322,1,1
11323,1,1
11324,2,1
11325,1,2
11326,1,1
11327,1,1
11328,1,1
11329,1,1
11330,3,1
11331,1,2
11332,1,1
11333,2,1
11334,1,2
11335,3,1
11336,1,2
11337,3,1
11338,3,2
11339,3,3
11340,2,3
11341,2,2
11342,1,2
11343,1,1
11344,2,1
11345,2,2
11346,4,2
11347,1,3
11348,1,1
11349,1,1
11350,1,1
11351,1,1
11352,1,1
11353,1,1
11354,1,1
11355,1,1
11356,1,1
11357,1,1
11358,2,1
11359,2,2
11360,2,2
11361,1,2
11362,1,1
11363,1,1
11364,1,1
11365,2,1
11366,1,2
11367,1,1
11368,1,1
11369,1,1
11370,1,1
11371,3,1
11372,1,2
11373,1,1
11374,1,1
11375,1,1
11376,1,1
11377,1,1
11378,2,1
11379,2,2
11380,2,2
11381,4,2
11382,4,3
11383,3,4
11384,1,3
11385,2,1
11386,1,2
11387,1,1
11388,1,1
11389,1,1
11390,1,1
11391,1,1
11392,1,1
11393,1,1
11394,1,1
11395,1,1
11396,2,1
11397,2,2
11398,3,2
11399,3,2
11400,1,2
11401,1,1
11402,2,1
11403,1,2
11404,1,1
11405,1,1
11406,3,1
11407,2,2
11408,1,2
11409,3,1
11410,2,2
11411,2,2
11412,2,2
11413,1,2
11414,1,1
11415,1,1
11416,1,1
11417,1,1
11418,1,1
11419,2,1
11420,1,2
11421,1,1
11422,1,1
11423,1,1
11424,1,1
11425,2,1
11426,5,2
11427,1,3
11428,1,1
11429,1,1
11430,1,1
11431,2,1
11432,1,2
11433,3,1
11434,1,2
11435,1,1
11436,1,1
11437,1,1
11438,1,1
11439,3,1
11440,3,2
11441,1,2
11442,2,1
11443,1,2
11444,1,1
11445,5,1
11446,1,3
11447,1,1
11448,1,1
11449,1,1
11450,1,1
11451,1,1
11452,3,1
11453,1,2
11454,6,1
11455,5,4
11456,6,5
11457,3,5
11458,1,3
11459,1,1
11460,1,1
11461,1,1
11462,1,1
11463,1,1
11464,2,1
11465,1,2
11466,1,1
11467,1,1
11468,3,1
11469,1,2
11470,8,1
11471,4,5
11472,2,4
11473,1,2
11474,1,2
11475,1,1
11476,1,1
11477,1,1
11478,2,1
11479,1,2
11480,1,1
11481,1,1
11482,1,1
11483,1,1
11484,1,1
11485,1,1
11486,1,1
11487,1,1
11488,1,1
11489,1,1
11490,2,1
11491,1,2
11492,3,1
11493,2,2
11494,1,2
11495,4,1
11496,4,2
11497,1,3
11498,1,1
11499,1,1
11500,1,1
11501,1,1
11502,1,1
11503,1,1
11504,1,1
11505,1,1
11506,1,1
11507,6,1
11508,1,4
11509,3,1
11510,1,3
11511,1,1
11512,1,1
11513,1,1
11514,1,1
11515,1,2
11516,1,2
11517,1,1
11518,1,1
11519,1,1
11520,1,1
11521,1,1
11522,1,1
11523,1,1
11524,1,1
11525,1,1
11526,1,1
11527,1,1
11528,1,1
11529,1,1
11530,1,1
11531,1,1
11532,1,1
11533,2,1
11534,1,2
11535,1,1
11536,1,1
11537,1,1
11538,1,1
11539,1,1
11540,1,1
11541,1,1
11542,1,1
11543,1,1
11544,1,1
11545,1,1
11546,1,1
11547,1,1
11548,1,1
11549,1,1
11550,1,1
11551,1,1
11552,1,1
11553,1,1
11554,1,1
11555,1,1
11556,1,1
11557,1,1
11558,1,1
11559,1,1
11560,1,1
11561,6,1
11562,7,5
11563,1,6
11564,1,1
11565,1,1
11566,1,1
11567,7,1
11568,2,4
11569,1,2
11570,3,1
11571,1,2
11572,4,1
11573,1,3
11574,1,1
11575,1,1
11576,19,1
11577,1,5
11578,1,1
11579,3,1
11580,1,2
11581,1,1
11582,1,1
11583,1,1
11584,1,1
11585,1,1
11586,4,1
11587,1,2
11588,1,1
11589,1,1
11590,1,1
11591,1,1
11592,1,1
11593,1,1
11594,9,1
11595,1,4
11596,1,1
11597,1,1
11598,1,1
11599,1,1
11600,2,1
11601,1,2
11602,1,1
11603,1,0
11604,1,1
11605,2,1
11606,1,2
11607,1,1
11608,1,1
11609,1,1
