Index,Traffic_Received,Traffic_Predicted
0,1,0
1,1,0
2,2,0
3,3,1
4,3,3
5,4,2
6,2,2
7,4,2
8,3,2
9,3,3
10,3,2
11,4,2
12,4,3
13,3,3
14,1,2
15,5,2
16,4,3
17,2,3
18,3,2
19,7,2
20,1,4
21,4,3
22,3,2
23,3,3
24,1,2
25,3,2
26,1,2
27,1,2
28,1,1
29,1,1
30,1,1
31,1,0
32,2,1
33,2,2
34,1,2
35,1,1
36,1,2
37,1,1
38,2,1
39,5,1
40,7,3
41,3,3
42,4,4
43,1,2
44,1,2
45,1,3
46,1,3
47,5,3
48,2,3
49,3,3
50,2,3
51,3,2
52,5,3
53,3,3
54,4,3
55,6,4
56,6,5
57,5,4
58,4,4
59,8,4
60,6,4
61,11,4
62,5,9
63,7,5
64,7,6
65,7,5
66,6,7
67,5,7
68,5,7
69,8,6
70,4,5
71,7,4
72,5,5
73,5,5
74,4,4
75,5,5
76,4,5
77,2,4
78,6,3
79,6,3
80,9,4
81,4,6
82,2,5
83,5,4
84,1,4
85,1,4
86,3,5
87,2,3
88,8,5
89,4,4
90,4,4
91,7,4
92,5,4
93,4,4
94,3,4
95,5,4
96,3,4
97,3,3
98,5,3
99,4,2
100,5,4
101,4,4
102,4,4
103,4,4
104,2,4
105,4,3
106,3,4
107,4,3
108,6,3
109,4,4
110,4,4
111,6,4
112,2,5
113,7,4
114,1,4
115,5,4
116,3,2
117,3,4
118,3,3
119,3,3
120,3,3
121,4,3
122,1,3
123,3,3
124,4,3
125,4,3
126,2,3
127,1,3
128,2,2
129,1,1
130,1,1
131,2,1
132,3,2
133,3,2
134,1,2
135,1,1
136,3,1
137,2,2
138,2,2
139,1,1
140,1,2
141,1,3
142,2,2
143,1,2
144,1,2
145,1,1
146,1,1
147,1,0
148,1,0
149,1,0
150,1,0
151,1,1
152,1,2
153,1,3
154,1,3
155,1,3
156,1,4
157,1,4
158,1,5
159,1,4
160,1,4
161,5,3
162,1,2
163,1,3
164,1,4
165,1,4
166,5,2
167,3,1
168,1,2
169,1,2
170,1,1
171,1,1
172,1,1
173,1,1
174,1,0
175,1,0
176,1,0
177,1,0
178,1,0
179,1,1
180,1,1
181,1,1
182,1,1
183,2,2
184,1,1
185,1,1
186,2,1
187,2,2
188,4,2
189,5,2
190,7,2
191,1,2
192,1,3
193,2,3
194,1,4
195,1,3
196,1,4
197,10,4
198,7,4
199,1,3
200,1,3
201,1,5
202,11,5
203,10,5
204,1,6
205,1,3
206,1,4
207,1,3
208,2,3
209,1,3
210,1,3
211,1,4
212,3,3
213,1,3
214,1,3
215,1,3
216,1,2
217,1,3
218,1,2
219,8,4
220,1,2
221,4,4
222,5,2
223,1,2
224,9,3
225,6,8
226,1,4
227,1,4
228,7,4
229,7,1
230,1,3
231,1,3
232,1,3
233,1,3
234,1,3
235,5,3
236,7,1
237,1,2
238,1,3
239,1,3
240,1,3
241,1,3
242,8,2
243,1,2
244,8,3
245,3,2
246,1,4
247,1,1
248,1,1
249,1,1
250,1,0
251,1,0
252,1,0
253,1,0
254,1,0
255,1,1
256,1,1
257,1,1
258,1,3
259,1,2
260,2,1
261,1,1
262,1,0
263,2,0
264,1,1
265,1,0
266,1,1
267,1,1
268,1,1
269,1,1
270,1,1
271,1,1
272,1,2
273,1,2
274,1,2
275,1,2
276,1,2
277,1,2
278,1,2
279,1,1
280,3,1
281,2,1
282,1,1
283,2,1
284,1,1
285,1,1
286,1,1
287,1,2
288,1,2
289,1,3
290,1,2
291,1,3
292,1,1
293,1,1
294,2,0
295,1,1
296,1,0
297,1,0
298,1,0
299,37,0
300,1,10
301,1,0
302,1,0
303,1,0
304,1,4
305,1,1
306,1,1
307,1,0
308,4,0
309,1,1
310,1,1
311,1,2
312,4,2
313,1,1
314,1,1
315,1,0
316,1,0
317,1,0
318,1,0
319,1,0
320,1,0
321,164,0
322,1,5
323,1,2
324,1,0
325,1,0
326,1,0
327,1,0
328,1,0
329,1,0
330,1,0
331,1,0
332,1,0
333,1,0
334,1,0
335,1,0
336,1,0
337,1,2
338,1,1
339,1,0
340,1,0
341,1,0
342,7,0
343,3,1
344,1,1
345,11,1
346,1,1
347,1,1
348,1,1
349,1,0
350,1,0
351,1,0
352,1,0
353,7,3
354,1,3
355,1,0
356,1,2
357,1,2
358,1,1
359,1,1
360,6,1
361,4,1
362,4,1
363,1,1
364,5,1
365,1,1
366,1,1
367,1,1
368,22,1
369,1,10
370,6,1
371,1,0
372,1,1
373,7,1
374,1,1
375,1,1
376,6,1
377,1,1
378,1,1
379,1,1
380,10,1
381,6,2
382,8,2
383,2,2
384,8,2
385,8,2
386,7,2
387,1,2
388,1,3
389,1,2
390,1,2
391,1,2
392,8,2
393,1,2
394,1,2
395,6,2
396,1,2
397,1,2
398,1,2
399,1,2
400,1,2
401,1,2
402,1,2
403,10,2
404,1,2
405,9,2
406,1,2
407,1,3
408,1,2
409,7,2
410,3,2
411,3,2
412,2,2
413,6,2
414,6,2
415,4,2
416,1,2
417,1,2
418,1,3
419,8,2
420,1,2
421,1,2
422,6,2
423,1,1
424,7,2
425,5,2
426,4,2
427,1,2
428,6,2
429,7,2
430,1,2
431,1,2
432,1,3
433,1,2
434,1,1
435,1,2
436,3,1
437,1,1
438,2,2
439,5,1
440,1,1
441,1,2
442,1,1
443,1,1
444,3,1
445,1,2
446,1,1
447,1,2
448,1,1
449,1,1
450,3,1
451,1,1
452,1,1
453,1,1
454,2,1
455,3,1
456,2,1
457,1,2
458,1,1
459,1,1
460,1,1
461,1,1
462,1,1
463,3,1
464,4,1
465,1,2
466,1,2
467,6,2
468,1,2
469,2,3
470,4,2
471,1,2
472,1,2
473,1,3
474,7,2
475,3,2
476,3,2
477,2,1
478,2,2
479,1,1
480,1,1
481,2,1
482,1,1
483,1,1
484,1,1
485,1,1
486,1,1
487,1,2
488,2,1
489,2,1
490,4,1
491,1,2
492,4,2
493,3,2
494,1,2
495,3,1
496,3,2
497,3,1
498,7,2
499,1,3
500,1,2
501,1,3
502,1,2
503,1,2
504,11,3
505,7,4
506,1,3
507,1,3
508,8,4
509,1,3
510,8,3
511,11,3
512,6,6
513,1,4
514,1,4
515,1,5
516,11,4
517,9,5
518,6,4
519,2,5
520,1,3
521,1,4
522,7,5
523,5,3
524,1,3
525,4,4
526,3,2
527,1,2
528,1,3
529,1,3
530,11,2
531,6,11
532,4,3
533,6,3
534,3,3
535,1,2
536,8,4
537,7,3
538,1,5
539,1,3
540,1,2
541,1,3
542,1,4
543,1,2
544,2,4
545,1,2
546,1,3
547,1,3
548,1,3
549,1,3
550,2,2
551,1,3
552,1,2
553,1,0
554,1,0
555,1,0
556,1,0
557,1,0
558,1,0
559,1,7
560,1,0
561,1,0
562,1,0
563,1,0
564,1,0
565,1,0
566,1,0
567,1,0
568,1,6
569,25,0
570,1,9
571,1,1
572,1,0
573,1,1
574,1,0
575,1,0
576,1,0
577,1,0
578,1,0
579,84,0
580,1,5
581,1,1
582,1,0
583,1,0
584,1,0
585,1,0
586,1,0
587,1,0
588,1,0
589,1,0
590,1,0
591,1,2
592,1,0
593,1,0
594,47,0
595,1,3
596,1,1
597,1,1
598,10,1
599,10,2
600,1,3
601,1,1
602,1,2
603,6,1
604,1,1
605,1,1
606,1,1
607,1,1
608,1,1
609,1,1
610,4,1
611,1,1
612,5,1
613,1,1
614,1,1
615,1,2
616,1,1
617,1,1
618,1,1
619,1,2
620,1,2
621,1,2
622,1,1
623,1,1
624,1,1
625,1,1
626,1,0
627,1,1
628,1,1
629,1,0
630,1,0
631,2,1
632,1,0
633,1,0
634,1,0
635,1,0
636,4,1
637,1,1
638,1,1
639,1,0
640,1,0
641,1,0
642,1,0
643,2,0
644,1,1
645,1,0
646,1,0
647,1,0
648,1,0
649,2,0
650,1,0
651,1,0
652,1,0
653,1,0
654,1,0
655,2,0
656,1,1
657,1,0
658,1,0
659,1,0
660,4,0
661,3,1
662,1,1
663,1,1
664,1,1
665,1,1
666,1,1
667,1,2
668,10,2
669,1,2
670,1,1
671,1,2
672,5,2
673,1,1
674,1,2
675,1,2
676,1,1
677,1,2
678,1,2
679,1,1
680,3,1
681,2,1
682,1,1
683,1,1
684,1,1
685,1,0
686,1,0
687,1,0
688,8,1
689,1,3
690,1,1
691,2,2
692,3,1
693,1,1
694,1,2
695,1,1
696,1,2
697,1,1
698,1,1
699,1,2
700,1,1
701,1,2
702,1,1
703,1,2
704,1,2
705,7,2
706,8,1
707,4,2
708,1,2
709,4,2
710,1,1
711,1,2
712,1,2
713,1,2
714,1,2
715,9,2
716,6,2
717,5,2
718,8,2
719,1,3
720,15,3
721,8,10
722,10,3
723,1,3
724,11,4
725,1,8
726,1,2
727,1,3
728,1,2
729,1,2
730,6,3
731,1,2
732,1,2
733,1,3
734,7,3
735,5,2
736,1,2
737,1,2
738,1,3
739,1,2
740,1,1
741,1,3
742,1,3
743,8,3
744,10,2
745,4,4
746,6,3
747,2,2
748,1,2
749,9,3
750,3,4
751,1,3
752,9,3
753,2,3
754,1,4
755,7,4
756,9,2
757,1,3
758,1,3
759,9,4
760,3,3
761,1,3
762,1,2
763,1,3
764,1,3
765,1,4
766,1,2
767,1,3
768,1,2
769,1,2
770,1,2
771,1,2
772,1,2
773,3,2
774,1,1
775,1,1
776,3,1
777,1,2
778,1,1
779,1,0
780,1,0
781,1,0
782,1,0
783,1,1
784,1,1
785,1,0
786,3,0
787,1,3
788,5,0
789,1,5
790,1,1
791,1,1
792,1,1
793,1,0
794,1,1
795,1,0
796,2,0
797,1,1
798,2,0
799,3,1
800,1,2
801,2,1
802,1,1
803,3,1
804,1,1
805,1,2
806,5,2
807,3,1
808,4,2
809,4,1
810,5,1
811,5,2
812,4,2
813,4,2
814,1,2
815,2,1
816,2,1
817,2,1
818,4,1
819,1,2
820,4,1
821,1,2
822,1,1
823,1,1
824,1,1
825,1,1
826,1,0
827,1,0
828,1,0
829,1,0
830,2,0
831,2,1
832,3,1
833,1,1
834,3,1
835,3,1
836,2,1
837,3,1
838,1,1
839,4,1
840,1,2
841,2,1
842,3,1
843,1,2
844,2,2
845,1,1
846,1,1
847,2,1
848,3,1
849,5,1
850,6,2
851,3,3
852,1,2
853,1,1
854,1,1
855,1,1
856,1,1
857,5,1
858,2,2
859,1,1
860,5,1
861,1,2
862,1,2
863,1,2
864,1,2
865,4,2
866,2,2
867,2,3
868,1,2
869,1,2
870,3,1
871,2,1
872,4,1
873,1,3
874,1,2
875,1,1
876,3,1
877,1,2
878,1,1
879,2,0
880,5,1
881,3,2
882,3,2
883,1,2
884,2,2
885,2,1
886,3,2
887,6,2
888,2,4
889,4,3
890,2,2
891,4,2
892,2,2
893,1,2
894,1,2
895,1,1
896,1,1
897,1,1
898,3,1
899,1,2
900,3,1
901,1,1
902,1,1
903,2,1
904,2,1
905,1,1
906,2,1
907,1,1
908,2,1
909,1,1
910,1,2
911,1,2
912,5,2
913,2,2
914,2,2
915,5,2
916,3,2
917,1,2
918,7,1
919,1,4
920,1,2
921,2,3
922,3,2
923,3,2
924,1,1
925,1,2
926,1,3
927,6,2
928,3,2
929,3,2
930,3,2
931,4,2
932,1,2
933,1,1
934,1,1
935,1,1
936,2,1
937,2,2
938,1,2
939,1,1
940,1,0
941,2,0
942,2,1
943,3,1
944,1,2
945,2,1
946,3,1
947,2,2
948,1,1
949,2,2
950,1,1
951,4,1
952,3,2
953,1,2
954,1,2
955,1,2
956,3,2
957,3,2
958,1,2
959,4,1
960,4,2
961,3,2
962,4,2
963,4,3
964,4,3
965,3,3
966,1,3
967,2,3
968,1,2
969,1,2
970,1,1
971,1,2
972,1,1
973,2,1
974,1,1
975,1,1
976,2,0
977,2,2
978,1,1
979,1,1
980,1,1
981,3,1
982,2,2
983,3,2
984,2,2
985,4,2
986,4,3
987,4,3
988,4,3
989,1,3
990,4,3
991,3,2
992,1,2
993,1,2
994,1,1
995,1,2
996,1,1
997,1,1
998,3,1
999,1,4
1000,1,1
1001,1,1
1002,1,2
1003,1,2
1004,1,2
1005,1,2
1006,1,2
1007,2,3
1008,1,2
1009,3,1
1010,1,2
1011,1,2
1012,1,1
1013,1,1
1014,2,1
1015,2,1
1016,6,1
1017,9,4
1018,10,7
1019,1,7
1020,5,1
1021,2,6
1022,1,1
1023,1,1
1024,1,0
1025,1,1
1026,1,2
1027,5,2
1028,1,3
1029,1,2
1030,1,1
1031,3,1
1032,3,2
1033,2,2
1034,1,2
1035,1,1
1036,3,1
1037,1,1
1038,4,2
1039,1,2
1040,1,1
1041,8,2
1042,1,3
1043,4,3
1044,1,2
1045,1,2
1046,1,2
1047,4,2
1048,4,2
1049,1,3
1050,1,2
1051,1,2
1052,1,2
1053,1,2
1054,3,1
1055,2,2
1056,2,1
1057,3,1
1058,1,2
1059,4,3
1060,2,2
1061,2,2
1062,4,2
1063,3,2
1064,3,2
1065,1,2
1066,4,3
1067,1,2
1068,6,2
1069,1,3
1070,3,2
1071,6,2
1072,5,3
1073,1,2
1074,3,3
1075,3,2
1076,1,2
1077,3,3
1078,3,1
1079,1,2
1080,1,2
1081,1,2
1082,1,1
1083,2,2
1084,3,1
1085,2,2
1086,4,2
1087,1,2
1088,6,1
1089,8,4
1090,3,3
1091,4,3
1092,4,3
1093,3,3
1094,6,4
1095,9,4
1096,5,5
1097,7,5
1098,7,5
1099,6,5
1100,3,5
1101,7,5
1102,4,4
1103,5,4
1104,5,5
1105,6,4
1106,5,4
1107,4,4
1108,3,3
1109,5,4
1110,4,4
1111,7,4
1112,1,4
1113,2,4
1114,6,4
1115,1,5
1116,2,4
1117,8,2
1118,6,5
1119,6,4
1120,6,5
1121,6,6
1122,3,4
1123,4,6
1124,5,4
1125,1,5
1126,7,4
1127,3,4
1128,4,5
1129,3,4
1130,5,3
1131,3,4
1132,5,3
1133,6,4
1134,6,4
1135,3,5
1136,1,5
1137,5,4
1138,1,3
1139,1,4
1140,9,4
1141,8,5
1142,6,6
1143,6,4
1144,4,5
1145,3,4
1146,1,4
1147,1,3
1148,1,5
1149,1,4
1150,9,4
1151,5,4
1152,5,3
1153,4,2
1154,2,3
1155,5,1
1156,4,3
1157,1,3
1158,1,4
1159,1,2
1160,3,1
1161,3,1
1162,1,2
1163,1,2
1164,1,0
1165,3,1
1166,2,2
1167,3,2
1168,2,2
1169,2,2
1170,1,2
1171,4,1
1172,4,3
1173,4,3
1174,4,3
1175,5,3
1176,3,3
1177,3,3
1178,1,3
1179,1,2
1180,1,1
1181,1,1
1182,9,1
1183,3,15
1184,1,2
1185,1,0
1186,1,0
1187,1,0
1188,2,0
1189,5,1
1190,1,2
1191,4,2
1192,5,2
1193,4,2
1194,5,2
1195,3,3
1196,3,2
1197,3,2
1198,2,2
1199,4,2
1200,2,2
1201,5,2
1202,5,2
1203,3,3
1204,3,2
1205,4,2
1206,2,2
1207,1,2
1208,1,1
1209,1,1
1210,2,0
1211,3,2
1212,1,2
1213,2,0
1214,2,2
1215,1,1
1216,2,1
1217,3,1
1218,1,2
1219,1,2
1220,5,2
1221,2,3
1222,4,2
1223,1,2
1224,8,2
1225,7,4
1226,1,3
1227,1,2
1228,1,1
1229,1,0
1230,1,1
1231,1,0
1232,2,0
1233,3,1
1234,3,2
1235,4,2
1236,4,2
1237,5,3
1238,3,4
1239,1,3
1240,5,2
1241,7,2
1242,7,3
1243,1,3
1244,4,3
1245,4,3
1246,2,2
1247,2,3
1248,1,2
1249,8,3
1250,3,3
1251,2,3
1252,2,3
1253,1,2
1254,1,1
1255,1,3
1256,2,2
1257,2,2
1258,4,1
1259,1,3
1260,8,2
1261,1,5
1262,6,3
1263,4,2
1264,3,4
1265,2,3
1266,3,3
1267,8,2
1268,6,5
1269,6,5
1270,6,4
1271,1,3
1272,1,3
1273,3,2
1274,1,2
1275,3,2
1276,1,2
1277,1,2
1278,4,1
1279,2,2
1280,1,2
1281,2,1
1282,1,1
1283,1,0
1284,1,0
1285,1,2
1286,1,2
1287,4,2
1288,3,3
1289,3,2
1290,1,2
1291,1,2
1292,2,3
1293,3,2
1294,3,2
1295,2,2
1296,5,2
1297,2,3
1298,3,3
1299,5,2
1300,1,2
1301,1,3
1302,1,3
1303,5,3
1304,3,2
1305,1,2
1306,1,2
1307,5,2
1308,4,3
1309,1,3
1310,1,3
1311,10,2
1312,9,9
1313,5,4
1314,5,4
1315,8,4
1316,1,3
1317,3,4
1318,1,3
1319,1,4
1320,1,5
1321,9,3
1322,6,4
1323,1,4
1324,5,3
1325,1,5
1326,1,3
1327,7,4
1328,6,3
1329,6,3
1330,2,4
1331,3,3
1332,5,3
1333,1,4
1334,1,2
1335,1,3
1336,10,4
1337,7,5
1338,7,5
1339,4,3
1340,5,4
1341,2,4
1342,2,2
1343,1,3
1344,8,4
1345,15,4
1346,1,16
1347,11,4
1348,6,4
1349,6,5
1350,4,3
1351,7,5
1352,6,5
1353,7,5
1354,2,5
1355,7,4
1356,2,4
1357,8,5
1358,5,3
1359,3,4
1360,5,4
1361,7,3
1362,1,4
1363,1,4
1364,8,4
1365,6,3
1366,3,3
1367,5,4
1368,1,5
1369,1,4
1370,1,3
1371,4,3
1372,6,2
1373,6,3
1374,2,4
1375,2,3
1376,1,3
1377,1,3
1378,5,3
1379,1,4
1380,4,3
1381,5,2
1382,1,3
1383,1,3
1384,1,4
1385,2,3
1386,2,2
1387,1,2
1388,2,1
1389,2,1
1390,1,1
1391,1,1
1392,1,0
1393,1,0
1394,1,0
1395,2,0
1396,1,1
1397,2,0
1398,2,1
1399,2,2
1400,2,1
1401,3,1
1402,3,2
1403,7,2
1404,2,3
1405,4,3
1406,5,3
1407,1,3
1408,3,3
1409,3,2
1410,1,2
1411,2,2
1412,1,1
1413,1,1
1414,1,1
1415,2,1
1416,2,1
1417,3,1
1418,1,2
1419,1,1
1420,1,1
1421,1,1
1422,1,2
1423,5,2
1424,1,2
1425,1,2
1426,1,2
1427,1,2
1428,1,3
1429,5,2
1430,1,3
1431,2,2
1432,2,1
1433,1,1
1434,1,1
1435,1,2
1436,1,2
1437,1,1
1438,2,1
1439,1,1
1440,2,1
1441,3,1
1442,2,2
1443,1,2
1444,2,1
1445,3,1
1446,2,2
1447,1,2
1448,1,1
1449,2,1
1450,1,1
1451,2,1
1452,1,2
1453,1,1
1454,2,1
1455,2,1
1456,1,1
1457,3,1
1458,2,4
1459,2,1
1460,3,2
1461,4,2
1462,3,3
1463,2,2
1464,3,2
1465,2,2
1466,3,2
1467,1,2
1468,5,2
1469,4,3
1470,5,3
1471,6,4
1472,3,3
1473,6,3
1474,6,4
1475,4,4
1476,4,4
1477,3,3
1478,1,4
1479,3,4
1480,2,4
1481,6,4
1482,8,4
1483,6,6
1484,8,4
1485,4,6
1486,4,6
1487,1,4
1488,4,4
1489,1,3
1490,1,3
1491,4,3
1492,2,3
1493,4,4
1494,3,3
1495,2,2
1496,5,2
1497,5,3
1498,2,3
1499,3,4
1500,4,3
1501,1,3
1502,4,2
1503,1,3
1504,1,1
1505,1,1
1506,7,1
1507,3,7
1508,8,2
1509,6,4
1510,5,4
1511,7,3
1512,2,5
1513,4,5
1514,2,3
1515,2,3
1516,1,4
1517,7,3
1518,6,3
1519,3,4
1520,6,4
1521,10,4
1522,4,7
1523,4,5
1524,8,4
1525,3,5
1526,6,5
1527,4,4
1528,1,4
1529,1,4
1530,1,2
1531,1,3
1532,1,3
1533,6,3
1534,7,2
1535,3,4
1536,4,2
1537,1,3
1538,1,3
1539,5,2
1540,1,3
1541,1,3
1542,3,4
1543,1,2
1544,2,3
1545,2,2
1546,5,2
1547,5,2
1548,4,1
1549,1,3
1550,1,2
1551,2,2
1552,3,1
1553,3,2
1554,3,2
1555,1,2
1556,4,1
1557,1,3
1558,1,1
1559,1,1
1560,1,0
1561,1,0
1562,1,1
1563,1,0
1564,4,1
1565,3,3
1566,3,2
1567,3,2
1568,1,2
1569,1,1
1570,1,1
1571,1,1
1572,1,1
1573,1,1
1574,1,2
1575,1,1
1576,1,2
1577,9,3
1578,2,3
1579,2,3
1580,4,3
1581,1,2
1582,1,2
1583,4,1
1584,3,2
1585,1,2
1586,1,1
1587,1,2
1588,1,3
1589,8,2
1590,5,3
1591,2,2
1592,1,4
1593,2,0
1594,1,1
1595,1,1
1596,1,1
1597,1,1
1598,1,1
1599,2,2
1600,1,1
1601,1,1
1602,5,1
1603,3,3
1604,1,2
1605,6,2
1606,3,2
1607,1,3
1608,1,2
1609,1,1
1610,1,1
1611,1,1
1612,3,2
1613,6,2
1614,8,3
1615,4,5
1616,2,2
1617,1,3
1618,1,2
1619,1,2
1620,5,2
1621,3,3
1622,1,3
1623,2,2
1624,1,2
1625,5,2
1626,3,2
1627,4,3
1628,3,3
1629,2,3
1630,2,2
1631,3,2
1632,3,2
1633,2,3
1634,6,2
1635,6,3
1636,2,3
1637,3,4
1638,2,3
1639,7,3
1640,5,3
1641,6,4
1642,7,5
1643,9,4
1644,6,7
1645,4,5
1646,5,4
1647,5,5
1648,5,4
1649,7,6
1650,7,6
1651,5,5
1652,6,5
1653,6,5
1654,3,5
1655,4,5
1656,4,5
1657,3,4
1658,3,3
1659,5,2
1660,10,4
1661,2,7
1662,3,4
1663,1,5
1664,1,2
1665,4,2
1666,4,3
1667,3,3
1668,5,3
1669,6,4
1670,6,3
1671,6,5
1672,5,6
1673,6,4
1674,5,5
1675,5,5
1676,6,4
1677,5,5
1678,6,5
1679,6,5
1680,5,6
1681,7,5
1682,5,6
1683,7,5
1684,5,6
1685,4,5
1686,10,5
1687,2,12
1688,6,4
1689,3,3
1690,2,5
1691,6,3
1692,3,2
1693,4,3
1694,2,2
1695,2,4
1696,1,3
1697,4,3
1698,6,3
1699,1,4
1700,4,4
1701,5,3
1702,3,3
1703,2,3
1704,1,2
1705,1,3
1706,1,2
1707,1,2
1708,1,2
1709,2,1
1710,2,1
1711,1,1
1712,1,0
1713,1,1
1714,1,0
1715,1,1
1716,1,0
1717,1,0
1718,1,0
1719,1,0
1720,1,0
1721,2,0
1722,2,1
1723,3,1
1724,1,2
1725,3,1
1726,1,3
1727,9,2
1728,1,9
1729,1,2
1730,1,1
1731,1,1
1732,1,0
1733,2,0
1734,1,2
1735,1,1
1736,1,0
1737,1,1
1738,4,2
1739,3,2
1740,5,2
1741,2,3
1742,1,2
1743,1,3
1744,1,3
1745,1,4
1746,1,2
1747,4,2
1748,2,2
1749,1,2
1750,1,2
1751,5,2
1752,1,1
1753,3,1
1754,1,1
1755,1,1
1756,1,1
1757,1,1
1758,1,1
1759,1,0
1760,1,2
1761,4,1
1762,1,2
1763,1,2
1764,3,2
1765,2,2
1766,2,2
1767,2,1
1768,5,1
1769,3,3
1770,3,2
1771,1,2
1772,1,3
1773,1,2
1774,4,2
1775,5,2
1776,2,2
1777,5,3
1778,5,4
1779,6,3
1780,3,4
1781,5,3
1782,5,3
1783,2,3
1784,5,3
1785,5,3
1786,3,3
1787,4,4
1788,5,4
1789,4,4
1790,5,4
1791,5,4
1792,7,4
1793,4,4
1794,8,4
1795,1,5
1796,1,3
1797,7,4
1798,5,4
1799,6,5
1800,5,5
1801,4,5
1802,1,3
1803,1,2
1804,8,3
1805,5,3
1806,2,4
1807,1,4
1808,8,3
1809,6,4
1810,1,3
1811,4,2
1812,1,4
1813,1,4
1814,9,4
1815,6,4
1816,3,3
1817,6,3
1818,1,3
1819,6,4
1820,9,5
1821,3,6
1822,4,4
1823,9,3
1824,4,7
1825,7,5
1826,7,5
1827,5,4
1828,5,5
1829,6,5
1830,5,4
1831,5,4
1832,6,4
1833,3,5
1834,7,4
1835,5,5
1836,5,5
1837,4,4
1838,3,4
1839,1,3
1840,1,2
1841,1,5
1842,6,4
1843,5,2
1844,1,2
1845,4,4
1846,5,2
1847,1,2
1848,4,2
1849,1,3
1850,1,2
1851,2,2
1852,1,1
1853,2,1
1854,1,2
1855,1,2
1856,1,2
1857,1,1
1858,2,1
1859,1,1
1860,1,1
1861,2,1
1862,2,2
1863,2,1
1864,6,1
1865,2,4
1866,1,2
1867,1,1
1868,3,1
1869,1,2
1870,1,1
1871,2,1
1872,1,1
1873,1,1
1874,1,1
1875,3,1
1876,1,4
1877,3,1
1878,1,3
1879,1,3
1880,3,3
1881,4,1
1882,2,2
1883,1,2
1884,1,2
1885,1,2
1886,1,3
1887,1,3
1888,3,2
1889,2,2
1890,1,2
1891,1,1
1892,1,1
1893,1,1
1894,1,2
1895,2,2
1896,4,1
1897,1,3
1898,1,2
1899,1,1
1900,5,2
1901,9,2
1902,8,4
1903,4,7
1904,2,4
1905,1,3
1906,9,2
1907,3,4
1908,1,4
1909,4,3
1910,5,3
1911,5,3
1912,3,2
1913,2,2
1914,5,4
1915,8,2
1916,1,5
1917,1,3
1918,1,3
1919,1,4
1920,8,4
1921,5,3
1922,5,3
1923,1,3
1924,4,4
1925,7,5
1926,7,4
1927,5,5
1928,7,4
1929,5,5
1930,4,4
1931,3,3
1932,4,3
1933,3,3
1934,7,3
1935,1,5
1936,4,3
1937,7,3
1938,5,4
1939,1,3
1940,5,3
1941,4,3
1942,5,4
1943,1,3
1944,6,4
1945,1,3
1946,1,4
1947,3,4
1948,1,4
1949,2,2
1950,1,1
1951,1,2
1952,1,2
1953,11,3
1954,8,12
1955,2,4
1956,1,3
1957,1,4
1958,11,5
1959,1,6
1960,1,3
1961,1,3
1962,7,4
1963,1,2
1964,1,3
1965,7,4
1966,7,3
1967,1,3
1968,1,3
1969,1,4
1970,5,4
1971,1,2
1972,1,4
1973,1,4
1974,1,2
1975,1,2
1976,1,4
1977,1,4
1978,3,2
1979,2,2
1980,1,2
1981,4,1
1982,1,2
1983,4,2
1984,1,2
1985,1,2
1986,1,2
1987,1,1
1988,1,1
1989,1,0
1990,2,0
1991,1,1
1992,1,0
1993,2,0
1994,1,1
1995,1,0
1996,1,1
1997,1,1
1998,2,1
1999,1,1
2000,1,1
2001,1,1
2002,2,2
2003,1,2
2004,1,2
2005,2,1
2006,2,1
2007,1,1
2008,5,1
2009,1,4
2010,1,2
2011,1,2
2012,1,3
2013,1,3
2014,1,2
2015,3,3
2016,1,2
2017,1,2
2018,1,2
2019,5,1
2020,1,2
2021,1,2
2022,1,2
2023,1,3
2024,1,3
2025,1,1
2026,1,1
2027,1,0
2028,2,0
2029,1,1
2030,1,0
2031,1,0
2032,1,0
2033,1,1
2034,1,1
2035,1,1
2036,1,0
2037,1,1
2038,1,0
2039,1,1
2040,1,1
2041,5,2
2042,1,2
2043,1,2
2044,1,2
2045,1,2
2046,1,3
2047,1,3
2048,7,2
2049,4,1
2050,5,2
2051,1,2
2052,1,3
2053,4,3
2054,6,2
2055,1,3
2056,1,3
2057,1,2
2058,2,3
2059,1,3
2060,1,2
2061,8,2
2062,1,4
2063,7,3
2064,5,2
2065,1,2
2066,1,3
2067,8,3
2068,1,3
2069,1,3
2070,1,3
2071,1,3
2072,4,2
2073,1,1
2074,1,2
2075,1,1
2076,1,1
2077,1,1
2078,1,1
2079,1,1
2080,1,0
2081,3,1
2082,1,2
2083,1,1
2084,4,1
2085,1,2
2086,1,1
2087,4,2
2088,1,1
2089,1,2
2090,1,3
2091,1,2
2092,8,2
2093,5,2
2094,6,2
2095,1,2
2096,8,4
2097,1,2
2098,6,3
2099,1,2
2100,6,4
2101,8,2
2102,1,3
2103,1,3
2104,28,3
2105,1,16
2106,1,5
2107,11,4
2108,1,5
2109,1,1
2110,1,2
2111,1,1
2112,1,1
2113,1,1
2114,1,2
2115,1,2
2116,1,1
2117,1,0
2118,1,0
2119,1,1
2120,2,1
2121,1,1
2122,2,2
2123,1,1
2124,1,0
2125,1,1
2126,1,1
2127,1,1
2128,5,1
2129,1,1
2130,1,1
2131,1,0
2132,1,1
2133,2,1
2134,1,1
2135,5,1
2136,4,2
2137,4,1
2138,1,1
2139,4,2
2140,4,1
2141,5,1
2142,3,1
2143,1,1
2144,4,2
2145,1,1
2146,1,2
2147,4,2
2148,1,2
2149,1,2
2150,1,1
2151,1,2
2152,2,1
2153,1,1
2154,1,1
2155,1,0
2156,4,0
2157,1,3
2158,1,0
2159,1,0
2160,1,0
2161,1,0
2162,1,0
2163,1,0
2164,1,1
2165,1,0
2166,1,0
2167,1,0
2168,1,1
2169,1,1
2170,1,1
2171,1,2
2172,1,2
2173,1,3
2174,1,1
2175,1,3
2176,1,2
2177,1,2
2178,10,2
2179,1,5
2180,7,2
2181,5,1
2182,1,3
2183,2,2
2184,1,3
2185,1,3
2186,1,2
2187,1,2
2188,1,2
2189,11,3
2190,1,4
2191,1,3
2192,1,2
2193,1,3
2194,1,3
2195,1,2
2196,1,2
2197,1,2
2198,1,2
2199,7,1
2200,1,2
2201,2,2
2202,3,1
2203,1,1
2204,1,1
2205,8,2
2206,9,2
2207,1,3
2208,2,2
2209,4,3
2210,1,1
2211,1,2
2212,1,2
2213,1,2
2214,1,2
2215,1,2
2216,1,2
2217,1,2
2218,1,2
2219,1,2
2220,1,2
2221,4,2
2222,1,1
2223,1,2
2224,1,2
2225,6,2
2226,1,2
2227,1,2
2228,6,2
2229,1,1
2230,1,2
2231,1,2
2232,1,1
2233,1,2
2234,1,2
2235,1,1
2236,4,1
2237,2,1
2238,1,1
2239,2,1
2240,1,1
2241,1,1
2242,1,1
2243,1,1
2244,2,0
2245,3,1
2246,1,1
2247,1,0
2248,1,1
2249,3,1
2250,1,1
2251,1,1
2252,1,1
2253,1,1
2254,1,1
2255,1,2
2256,1,1
2257,1,2
2258,1,2
2259,1,2
2260,1,2
2261,1,2
2262,1,2
2263,6,2
2264,5,1
2265,1,1
2266,2,2
2267,1,1
2268,1,2
2269,4,1
2270,5,1
2271,4,2
2272,2,2
2273,1,1
2274,1,1
2275,1,1
2276,5,1
2277,1,3
2278,1,1
2279,1,0
2280,3,0
2281,3,2
2282,1,1
2283,4,1
2284,1,1
2285,1,1
2286,2,2
2287,3,1
2288,10,1
2289,1,4
2290,8,2
2291,6,3
2292,1,3
2293,1,3
2294,1,3
2295,1,2
2296,5,3
2297,1,1
2298,1,2
2299,10,3
2300,9,8
2301,5,2
2302,1,3
2303,1,3
2304,1,3
2305,1,3
2306,1,4
2307,1,2
2308,1,2
2309,6,3
2310,1,2
2311,1,2
2312,1,3
2313,1,2
2314,1,2
2315,1,2
2316,4,3
2317,1,2
2318,1,1
2319,9,1
2320,6,5
2321,1,3
2322,6,3
2323,12,2
2324,4,4
2325,1,4
2326,8,2
2327,1,2
2328,1,2
2329,8,3
2330,6,3
2331,1,3
2332,1,3
2333,1,3
2334,2,1
2335,1,4
2336,6,2
2337,4,1
2338,4,1
2339,3,1
2340,1,1
2341,1,2
2342,1,2
2343,2,3
2344,1,1
2345,1,3
2346,1,3
2347,1,2
2348,1,1
2349,1,1
2350,2,0
2351,2,1
2352,1,1
2353,1,1
2354,1,0
2355,1,1
2356,1,1
2357,2,1
2358,1,1
2359,2,1
2360,3,1
2361,1,2
2362,4,1
2363,1,2
2364,2,1
2365,1,1
2366,1,1
2367,1,1
2368,1,1
2369,1,1
2370,2,0
2371,1,1
2372,5,1
2373,5,2
2374,1,2
2375,1,3
2376,7,3
2377,1,3
2378,1,3
2379,1,3
2380,1,3
2381,1,2
2382,1,2
2383,5,3
2384,1,2
2385,5,2
2386,1,2
2387,1,2
2388,1,2
2389,1,1
2390,1,1
2391,1,1
2392,1,1
2393,1,1
2394,1,1
2395,1,1
2396,1,1
2397,1,0
2398,1,0
2399,1,0
2400,1,1
2401,1,0
2402,1,1
2403,1,2
2404,5,2
2405,3,1
2406,4,1
2407,5,1
2408,9,2
2409,3,4
2410,6,2
2411,3,2
2412,1,2
2413,3,3
2414,7,2
2415,5,3
2416,6,2
2417,1,2
2418,4,4
2419,6,2
2420,7,2
2421,1,3
2422,1,3
2423,5,3
2424,9,3
2425,1,4
2426,9,3
2427,11,4
2428,2,4
2429,1,4
2430,1,5
2431,1,5
2432,1,4
2433,1,3
2434,1,3
2435,8,3
2436,6,3
2437,5,4
2438,1,3
2439,2,4
2440,1,4
2441,2,3
2442,4,1
2443,1,2
2444,2,3
2445,1,3
2446,1,2
2447,1,2
2448,1,3
2449,1,3
2450,1,3
2451,2,3
2452,8,3
2453,6,3
2454,1,3
2455,1,3
2456,1,4
2457,7,3
2458,6,2
2459,1,2
2460,1,3
2461,1,4
2462,1,3
2463,1,3
2464,1,3
2465,1,3
2466,1,3
2467,1,2
2468,1,2
2469,1,2
2470,6,2
2471,1,2
2472,1,2
2473,1,2
2474,3,2
2475,1,1
2476,1,1
2477,4,1
2478,1,2
2479,1,1
2480,1,1
2481,1,1
2482,1,1
2483,1,0
2484,1,1
2485,1,1
2486,1,0
2487,1,0
2488,1,0
2489,1,1
2490,1,0
2491,1,0
2492,1,0
2493,2,0
2494,1,1
2495,3,1
2496,1,1
2497,1,1
2498,4,1
2499,2,4
2500,2,1
2501,1,1
2502,1,1
2503,1,1
2504,1,1
2505,1,1
2506,1,0
2507,1,1
2508,1,1
2509,1,0
2510,1,0
2511,8,0
2512,1,4
2513,1,1
2514,1,2
2515,1,2
2516,1,2
2517,1,2
2518,1,1
2519,1,1
2520,1,1
2521,1,1
2522,1,1
2523,2,1
2524,1,1
2525,1,1
2526,1,1
2527,1,2
2528,4,2
2529,1,1
2530,1,1
2531,4,1
2532,1,1
2533,1,1
2534,1,1
2535,1,1
2536,1,1
2537,1,1
2538,2,0
2539,1,1
2540,1,0
2541,1,0
2542,1,1
2543,1,1
2544,10,1
2545,2,7
2546,4,2
2547,1,1
2548,1,1
2549,1,1
2550,1,1
2551,9,1
2552,1,6
2553,1,2
2554,1,1
2555,2,1
2556,1,1
2557,1,1
2558,1,2
2559,2,1
2560,1,1
2561,1,0
2562,2,1
2563,1,1
2564,4,1
2565,1,1
2566,8,2
2567,1,2
2568,3,2
2569,4,1
2570,1,1
2571,4,2
2572,1,1
2573,1,3
2574,1,2
2575,2,2
2576,1,1
2577,1,1
2578,1,1
2579,1,0
2580,1,1
2581,1,0
2582,1,0
2583,1,0
2584,1,1
2585,3,1
2586,3,1
2587,1,1
2588,2,1
2589,4,1
2590,7,2
2591,5,2
2592,1,2
2593,1,2
2594,1,2
2595,1,1
2596,1,2
2597,1,2
2598,1,1
2599,1,1
2600,1,1
2601,1,2
2602,1,1
2603,2,1
2604,1,1
2605,1,1
2606,1,1
2607,2,1
2608,3,1
2609,1,1
2610,2,1
2611,5,2
2612,1,2
2613,4,2
2614,1,2
2615,1,3
2616,1,2
2617,4,2
2618,3,1
2619,1,1
2620,1,2
2621,1,2
2622,7,2
2623,4,2
2624,4,2
2625,1,2
2626,1,3
2627,1,3
2628,1,3
2629,1,2
2630,1,2
2631,1,1
2632,1,2
2633,1,2
2634,1,2
2635,1,1
2636,1,2
2637,1,2
2638,1,1
2639,1,1
2640,1,1
2641,1,1
2642,1,1
2643,2,1
2644,1,1
2645,1,1
2646,1,2
2647,1,1
2648,1,1
2649,1,1
2650,1,1
2651,1,0
2652,1,1
2653,1,1
2654,1,1
2655,1,1
2656,1,2
2657,1,1
2658,1,2
2659,4,3
2660,1,1
2661,6,2
2662,4,2
2663,1,1
2664,1,2
2665,1,2
2666,1,2
2667,1,1
2668,1,2
2669,1,1
2670,1,2
2671,1,2
2672,1,2
2673,1,2
2674,1,1
2675,2,2
2676,1,2
2677,7,2
2678,1,2
2679,1,2
2680,7,1
2681,7,2
2682,7,3
2683,1,4
2684,1,2
2685,1,2
2686,12,2
2687,4,10
2688,1,2
2689,2,2
2690,5,2
2691,7,1
2692,10,2
2693,7,4
2694,7,3
2695,5,3
2696,8,4
2697,13,3
2698,5,8
2699,9,5
2700,8,4
2701,6,5
2702,6,4
2703,4,5
2704,2,4
2705,1,2
2706,1,4
2707,8,3
2708,8,4
2709,6,5
2710,2,4
2711,7,4
2712,6,3
2713,1,4
2714,7,4
2715,1,3
2716,3,3
2717,1,4
2718,4,3
2719,1,2
2720,2,4
2721,2,3
2722,3,3
2723,2,3
2724,4,2
2725,5,2
2726,1,2
2727,5,3
2728,3,3
2729,4,3
2730,3,3
2731,1,2
2732,1,2
2733,3,1
2734,2,2
2735,2,1
2736,2,1
2737,2,1
2738,2,1
2739,3,1
2740,4,2
2741,7,3
2742,2,3
2743,2,3
2744,1,2
2745,3,2
2746,2,2
2747,1,1
2748,10,1
2749,5,6
2750,2,2
2751,2,2
2752,1,1
2753,1,1
2754,2,0
2755,1,2
2756,2,0
2757,1,2
2758,1,0
2759,3,0
2760,2,3
2761,1,1
2762,1,1
2763,1,2
2764,6,2
2765,5,2
2766,1,3
2767,1,3
2768,1,2
2769,2,1
2770,2,1
2771,1,1
2772,2,1
2773,1,2
2774,1,1
2775,1,1
2776,2,1
2777,2,1
2778,3,2
2779,1,2
2780,3,2
2781,1,2
2782,4,1
2783,4,2
2784,3,2
2785,2,3
2786,2,2
2787,4,2
2788,1,3
2789,4,2
2790,1,2
2791,1,2
2792,1,3
2793,5,2
2794,1,3
2795,2,2
2796,6,2
2797,2,3
2798,1,2
2799,1,2
2800,1,1
2801,1,1
2802,1,1
2803,3,2
2804,1,2
2805,1,1
2806,1,1
2807,2,1
2808,1,1
2809,1,0
2810,2,0
2811,2,1
2812,2,1
2813,2,1
2814,2,1
2815,2,1
2816,1,1
2817,1,1
2818,2,1
2819,2,2
2820,1,1
2821,2,1
2822,2,2
2823,1,1
2824,1,1
2825,4,1
2826,6,6
2827,3,3
2828,4,2
2829,5,2
2830,1,2
2831,1,2
2832,2,3
2833,1,2
2834,1,2
2835,2,1
2836,1,1
2837,1,1
2838,1,1
2839,1,2
2840,1,3
2841,6,3
2842,3,4
2843,5,3
2844,1,4
2845,5,2
2846,5,3
2847,6,3
2848,1,4
2849,1,4
2850,1,4
2851,6,4
2852,5,3
2853,5,3
2854,7,4
2855,8,4
2856,5,4
2857,7,5
2858,8,5
2859,6,5
2860,5,6
2861,8,6
2862,3,6
2863,4,6
2864,7,4
2865,6,5
2866,5,5
2867,3,4
2868,3,4
2869,4,3
2870,6,3
2871,2,4
2872,3,2
2873,6,2
2874,7,4
2875,4,5
2876,5,4
2877,4,4
2878,4,4
2879,3,4
2880,2,3
2881,9,3
2882,9,6
2883,4,8
2884,6,5
2885,3,5
2886,4,4
2887,3,5
2888,7,4
2889,6,4
2890,2,6
2891,6,4
2892,6,5
2893,5,4
2894,2,5
2895,3,3
2896,3,4
2897,1,3
2898,2,2
2899,3,4
2900,1,3
2901,2,3
2902,3,2
2903,1,2
2904,1,3
2905,8,3
2906,1,4
2907,4,3
2908,4,2
2909,3,2
2910,2,1
2911,1,2
2912,1,2
2913,2,2
2914,2,2
2915,1,2
2916,4,1
2917,1,3
2918,1,1
2919,2,0
2920,2,2
2921,3,1
2922,5,3
2923,2,3
2924,2,2
2925,1,2
2926,2,1
2927,3,1
2928,1,2
2929,1,2
2930,2,1
2931,2,1
2932,1,1
2933,6,2
2934,1,4
2935,1,2
2936,2,3
2937,1,2
2938,2,2
2939,3,2
2940,4,2
2941,3,3
2942,1,3
2943,1,2
2944,1,2
2945,1,2
2946,4,2
2947,3,2
2948,3,3
2949,3,2
2950,6,2
2951,3,4
2952,2,3
2953,2,3
2954,1,2
2955,1,1
2956,1,2
2957,1,1
2958,1,1
2959,2,1
2960,4,1
2961,3,3
2962,1,2
2963,1,3
2964,1,2
2965,5,3
2966,4,3
2967,9,2
2968,1,6
2969,1,4
2970,1,3
2971,5,4
2972,3,5
2973,6,4
2974,1,5
2975,2,4
2976,8,2
2977,6,5
2978,5,4
2979,7,4
2980,8,4
2981,2,5
2982,1,4
2983,8,4
2984,6,4
2985,8,4
2986,4,6
2987,5,5
2988,5,4
2989,7,4
2990,5,5
2991,6,4
2992,3,5
2993,5,5
2994,9,4
2995,4,6
2996,13,6
2997,5,13
2998,4,5
2999,6,4
3000,8,3
3001,4,5
3002,7,5
3003,3,6
3004,6,4
3005,4,4
3006,4,4
3007,8,5
3008,3,5
3009,6,4
3010,6,4
3011,2,4
3012,9,3
3013,5,7
3014,5,4
3015,2,3
3016,3,4
3017,1,2
3018,2,3
3019,1,4
3020,1,3
3021,1,3
3022,9,1
3023,4,11
3024,5,2
3025,1,3
3026,3,1
3027,4,1
3028,2,2
3029,1,2
3030,2,1
3031,1,1
3032,1,1
3033,1,1
3034,5,1
3035,1,3
3036,2,2
3037,3,1
3038,4,2
3039,4,3
3040,2,2
3041,2,2
3042,1,1
3043,2,1
3044,1,1
3045,2,1
3046,4,1
3047,5,2
3048,1,3
3049,1,1
3050,1,1
3051,1,0
3052,2,1
3053,1,2
3054,1,0
3055,2,0
3056,1,2
3057,2,1
3058,1,2
3059,1,1
3060,2,1
3061,4,1
3062,3,2
3063,2,2
3064,4,3
3065,6,3
3066,5,3
3067,1,4
3068,3,3
3069,3,2
3070,2,2
3071,1,2
3072,1,2
3073,1,1
3074,1,2
3075,4,2
3076,3,2
3077,1,2
3078,1,1
3079,1,2
3080,2,2
3081,3,1
3082,2,2
3083,1,1
3084,4,1
3085,3,2
3086,3,2
3087,2,2
3088,1,2
3089,2,1
3090,3,1
3091,4,2
3092,8,3
3093,8,4
3094,6,5
3095,3,5
3096,3,4
3097,2,3
3098,1,4
3099,10,4
3100,5,5
3101,3,6
3102,1,4
3103,5,2
3104,4,3
3105,1,3
3106,3,3
3107,4,2
3108,2,2
3109,1,2
3110,1,1
3111,1,0
3112,3,0
3113,2,4
3114,2,1
3115,2,1
3116,2,2
3117,5,2
3118,3,3
3119,7,3
3120,1,5
3121,4,3
3122,1,3
3123,7,3
3124,3,3
3125,8,3
3126,9,5
3127,2,6
3128,5,5
3129,3,3
3130,2,4
3131,3,3
3132,5,2
3133,3,3
3134,1,2
3135,4,2
3136,2,3
3137,1,2
3138,1,1
3139,3,1
3140,3,2
3141,4,2
3142,3,3
3143,2,3
3144,1,2
3145,6,2
3146,6,3
3147,5,4
3148,2,4
3149,5,4
3150,18,4
3151,19,23
3152,17,22
3153,17,16
3154,1,7
3155,2,2
3156,2,2
3157,1,2
3158,4,2
3159,3,2
3160,2,1
3161,1,1
3162,1,1
3163,2,1
3164,1,1
3165,2,1
3166,1,1
3167,3,1
3168,1,2
3169,2,1
3170,1,1
3171,1,1
3172,4,0
3173,2,2
3174,1,2
3175,1,1
3176,1,0
3177,1,0
3178,2,1
3179,7,1
3180,2,4
3181,2,3
3182,2,1
3183,2,1
3184,1,1
3185,1,1
3186,1,2
3187,2,2
3188,2,2
3189,4,2
3190,1,2
3191,1,2
3192,4,2
3193,6,2
3194,1,3
3195,1,2
3196,1,2
3197,1,1
3198,1,1
3199,1,1
3200,1,1
3201,1,0
3202,1,0
3203,1,0
3204,11,0
3205,1,11
3206,1,1
3207,1,4
3208,2,3
3209,3,1
3210,1,1
3211,1,0
3212,1,0
3213,1,0
3214,1,0
3215,1,0
3216,1,0
3217,3,0
3218,1,2
3219,4,0
3220,1,1
3221,1,1
3222,1,1
3223,2,0
3224,2,1
3225,1,1
3226,1,0
3227,5,1
3228,6,1
3229,1,2
3230,5,1
3231,1,2
3232,1,2
3233,1,1
3234,1,0
3235,1,0
3236,1,1
3237,1,1
3238,1,0
3239,9,0
3240,2,7
3241,2,2
3242,4,1
3243,1,1
3244,1,1
3245,4,2
3246,1,1
3247,1,1
3248,2,1
3249,1,1
3250,1,1
3251,2,0
3252,5,1
3253,3,2
3254,2,1
3255,4,1
3256,1,1
3257,1,1
3258,1,1
3259,2,1
3260,4,1
3261,3,1
3262,1,1
3263,2,1
3264,1,1
3265,1,1
3266,2,1
3267,3,2
3268,1,1
3269,1,0
3270,2,0
3271,2,1
3272,2,1
3273,1,1
3274,1,0
3275,1,0
3276,3,0
3277,4,2
3278,3,1
3279,3,1
3280,1,1
3281,7,1
3282,1,5
3283,3,1
3284,1,1
3285,1,1
3286,1,0
3287,1,0
3288,1,0
3289,1,0
3290,1,0
3291,1,2
3292,2,1
3293,2,1
3294,1,1
3295,2,1
3296,2,1
3297,6,1
3298,4,2
3299,1,2
3300,1,1
3301,1,1
3302,1,1
3303,1,0
3304,1,0
3305,1,0
3306,2,0
3307,3,1
3308,3,1
3309,4,1
3310,4,1
3311,1,2
3312,1,1
3313,4,1
3314,3,2
3315,4,2
3316,2,2
3317,1,2
3318,1,1
3319,4,2
3320,1,1
3321,6,2
3322,5,2
3323,6,2
3324,4,3
3325,1,3
3326,5,3
3327,1,2
3328,4,2
3329,1,2
3330,2,2
3331,3,1
3332,1,1
3333,1,1
3334,1,1
3335,3,1
3336,4,1
3337,4,1
3338,2,1
3339,2,1
3340,1,1
3341,5,2
3342,1,1
3343,1,2
3344,1,2
3345,1,1
3346,1,1
3347,1,2
3348,1,1
3349,1,1
3350,2,1
3351,1,3
3352,1,2
3353,1,2
3354,7,2
3355,4,2
3356,1,2
3357,3,2
3358,3,1
3359,3,2
3360,2,2
3361,5,3
3362,3,2
3363,3,2
3364,2,2
3365,1,1
3366,3,1
3367,3,1
3368,4,1
3369,5,3
3370,2,2
3371,1,1
3372,2,1
3373,1,1
3374,1,1
3375,1,1
3376,1,1
3377,1,0
3378,1,0
3379,1,0
3380,1,0
3381,1,1
3382,1,1
3383,2,1
3384,1,1
3385,1,1
3386,1,1
3387,1,1
3388,3,0
3389,1,3
3390,2,1
3391,2,2
3392,3,1
3393,2,1
3394,2,1
3395,3,1
3396,1,2
3397,1,1
3398,4,2
3399,4,2
3400,3,3
3401,2,2
3402,2,1
3403,3,1
3404,1,2
3405,2,2
3406,1,1
3407,3,2
3408,3,2
3409,3,2
3410,4,2
3411,1,3
3412,5,2
3413,2,3
3414,1,3
3415,1,3
3416,1,3
3417,1,3
3418,6,3
3419,7,2
3420,4,4
3421,11,4
3422,3,7
3423,4,4
3424,8,3
3425,6,5
3426,4,4
3427,2,4
3428,2,4
3429,6,4
3430,4,3
3431,7,4
3432,4,5
3433,1,4
3434,2,2
3435,7,4
3436,3,3
3437,6,4
3438,1,2
3439,2,3
3440,4,2
3441,3,2
3442,4,3
3443,3,2
3444,5,2
3445,6,3
3446,5,4
3447,4,4
3448,4,4
3449,2,4
3450,5,4
3451,2,3
3452,3,4
3453,4,3
3454,7,3
3455,3,4
3456,4,4
3457,3,4
3458,4,3
3459,7,3
3460,3,5
3461,4,4
3462,5,3
3463,5,3
3464,4,3
3465,1,3
3466,1,3
3467,1,3
3468,2,2
3469,4,4
3470,4,2
3471,5,3
3472,1,2
3473,4,4
3474,1,3
3475,1,2
3476,1,2
3477,3,2
3478,1,2
3479,5,2
3480,3,3
3481,4,2
3482,3,3
3483,2,3
3484,3,2
3485,1,2
3486,1,1
3487,1,1
3488,1,2
3489,1,2
3490,1,1
3491,1,1
3492,1,0
3493,1,0
3494,1,0
3495,1,0
3496,1,0
3497,1,0
3498,1,0
3499,1,1
3500,1,0
3501,3,0
3502,1,3
3503,1,1
3504,1,0
3505,1,0
3506,1,0
3507,1,0
3508,1,0
3509,1,0
3510,1,0
3511,1,0
3512,1,0
3513,1,0
3514,1,0
3515,4,0
3516,1,4
3517,1,1
3518,2,1
3519,2,1
3520,1,1
3521,1,1
3522,1,1
3523,1,1
3524,1,0
3525,1,1
3526,1,0
3527,1,1
3528,9,1
3529,4,12
3530,6,2
3531,4,2
3532,1,2
3533,4,2
3534,1,2
3535,1,2
3536,7,2
3537,2,3
3538,4,2
3539,1,2
3540,6,2
3541,1,3
3542,1,3
3543,1,2
3544,1,2
3545,1,1
3546,2,1
3547,1,1
3548,1,1
3549,1,1
3550,1,0
3551,1,0
3552,1,0
3553,1,0
3554,1,0
3555,1,0
3556,1,0
3557,1,0
3558,1,0
3559,2,0
3560,5,1
3561,2,3
3562,1,2
3563,2,2
3564,2,1
3565,1,1
3566,4,1
3567,4,2
3568,3,2
3569,1,2
3570,4,2
3571,1,2
3572,1,2
3573,4,1
3574,1,2
3575,3,2
3576,2,2
3577,1,2
3578,1,1
3579,1,1
3580,1,2
3581,1,1
3582,1,1
3583,2,2
3584,2,2
3585,5,2
3586,2,2
3587,1,3
3588,8,3
3589,1,3
3590,9,3
3591,7,4
3592,5,4
3593,8,4
3594,1,4
3595,7,4
3596,10,3
3597,6,6
3598,1,5
3599,4,3
3600,6,2
3601,3,3
3602,1,4
3603,9,4
3604,2,5
3605,2,3
3606,1,3
3607,1,2
3608,4,1
3609,6,3
3610,1,4
3611,5,2
3612,1,2
3613,1,2
3614,5,3
3615,1,3
3616,7,4
3617,1,4
3618,7,4
3619,1,3
3620,7,4
3621,6,3
3622,1,3
3623,6,5
3624,1,3
3625,5,4
3626,5,2
3627,1,3
3628,1,3
3629,4,4
3630,1,2
3631,6,3
3632,6,3
3633,5,3
3634,1,3
3635,1,4
3636,1,3
3637,6,2
3638,1,2
3639,1,3
3640,1,3
3641,1,2
3642,1,1
3643,1,1
3644,1,1
3645,1,2
3646,1,1
3647,2,0
3648,1,2
3649,1,1
3650,3,3
3651,1,2
3652,3,1
3653,5,2
3654,2,2
3655,2,3
3656,4,2
3657,1,3
3658,1,3
3659,1,2
3660,2,1
3661,1,1
3662,1,2
3663,1,0
3664,1,0
3665,8,0
3666,1,5
3667,1,3
3668,1,1
3669,1,3
3670,2,1
3671,1,1
3672,1,1
3673,1,1
3674,2,2
3675,1,1
3676,1,2
3677,3,2
3678,1,2
3679,1,2
3680,2,2
3681,4,1
3682,3,2
3683,1,2
3684,3,3
3685,3,2
3686,1,2
3687,3,2
3688,1,2
3689,1,2
3690,1,1
3691,1,1
3692,1,1
3693,1,0
3694,1,0
3695,1,0
3696,1,0
3697,1,1
3698,1,1
3699,1,1
3700,1,0
3701,1,0
3702,1,0
3703,1,0
3704,1,0
3705,1,3
3706,1,0
3707,2,1
3708,1,1
3709,1,1
3710,1,1
3711,1,1
3712,1,1
3713,1,3
3714,1,2
3715,3,3
3716,1,1
3717,3,2
3718,1,1
3719,1,1
3720,1,1
3721,1,1
3722,1,1
3723,1,1
3724,1,1
3725,1,1
3726,1,0
3727,1,0
3728,1,0
3729,1,0
3730,1,0
3731,1,0
3732,1,8
3733,13,3
3734,10,15
3735,10,7
3736,1,8
3737,1,3
3738,9,3
3739,9,3
3740,1,5
3741,8,4
3742,1,3
3743,9,3
3744,7,3
3745,1,4
3746,1,3
3747,1,3
3748,1,4
3749,1,3
3750,1,3
3751,7,3
3752,2,2
3753,1,3
3754,1,4
3755,1,3
3756,1,3
3757,7,3
3758,6,2
3759,1,2
3760,1,0
3761,1,0
3762,16,6
3763,1,15
3764,1,2
3765,1,0
3766,1,2
3767,1,0
3768,1,0
3769,30,0
3770,16,7
3771,1,12
3772,1,2
3773,6,1
3774,1,1
3775,3,2
3776,1,1
3777,1,1
3778,1,1
3779,1,1
3780,1,1
3781,1,0
3782,6,1
3783,1,1
3784,1,1
3785,2,0
3786,1,0
3787,1,0
3788,1,0
3789,1,0
3790,1,0
3791,1,0
3792,1,0
3793,1,1
3794,1,0
3795,1,1
3796,1,0
3797,1,0
3798,1,0
3799,1,1
3800,1,0
3801,3,0
3802,1,1
3803,1,0
3804,1,1
3805,1,0
3806,1,0
3807,1,0
3808,1,1
3809,7,0
3810,1,1
3811,1,1
3812,1,1
3813,1,0
3814,1,1
3815,4,1
3816,9,1
3817,1,2
3818,1,1
3819,7,1
3820,1,1
3821,1,2
3822,1,2
3823,1,2
3824,1,2
3825,2,1
3826,2,0
3827,1,0
3828,1,1
3829,1,0
3830,1,0
3831,1,0
3832,1,0
3833,1,0
3834,1,0
3835,1,0
3836,1,0
3837,1,0
3838,1,0
3839,1,0
3840,1,0
3841,1,0
3842,1,0
3843,1,1
3844,1,1
3845,1,0
3846,1,0
3847,9,0
3848,3,6
3849,1,1
3850,1,0
3851,1,0
3852,1,1
3853,1,1
3854,1,1
3855,1,1
3856,1,1
3857,1,1
3858,1,1
3859,6,1
3860,1,1
3861,1,1
3862,1,1
3863,7,2
3864,9,1
3865,1,2
3866,13,2
3867,10,7
3868,1,2
3869,1,2
3870,9,2
3871,1,3
3872,1,3
3873,1,3
3874,1,2
3875,1,2
3876,8,2
3877,6,2
3878,6,2
3879,1,2
3880,1,2
3881,1,1
3882,11,1
3883,1,9
3884,1,2
3885,1,1
3886,1,0
3887,6,0
3888,1,4
3889,1,1
3890,1,1
3891,2,0
3892,1,1
3893,1,1
3894,1,1
3895,1,1
3896,1,0
3897,1,0
3898,1,0
3899,1,0
3900,1,0
3901,1,0
3902,1,0
3903,1,0
3904,1,0
3905,1,0
3906,1,4
3907,1,2
3908,1,1
3909,1,1
3910,1,0
3911,1,0
3912,1,0
3913,1,0
3914,1,0
3915,1,0
3916,1,0
3917,1,4
3918,3,1
3919,1,1
3920,1,0
3921,1,0
3922,1,0
3923,1,0
3924,1,0
3925,1,1
3926,1,0
3927,1,0
3928,1,0
3929,1,0
3930,1,1
3931,1,0
3932,1,0
3933,10,0
3934,1,6
3935,1,1
3936,1,0
3937,1,1
3938,1,0
3939,1,0
3940,1,0
3941,42,0
3942,1,3
3943,1,1
3944,1,0
3945,1,0
3946,48,0
3947,1,4
3948,1,0
3949,77,0
3950,1,1
3951,1,0
3952,14,0
3953,1,1
3954,1,0
3955,1,0
3956,1,0
3957,1,0
3958,1,0
3959,1,0
3960,1,0
3961,1,0
3962,1,0
3963,159,0
3964,1,0
3965,1,0
3966,1,0
3967,1,0
3968,1,0
3969,1,0
3970,1,0
3971,1,0
3972,1,0
3973,1,0
3974,1,0
3975,1,0
3976,1,0
3977,23,0
3978,1,1
3979,1,0
3980,1,0
3981,1,0
3982,1,0
3983,1,0
3984,1,0
3985,1,0
3986,1,0
3987,3,0
3988,1,0
3989,1,0
3990,1,0
3991,1,0
3992,1,0
3993,1,0
3994,1,1
3995,1,0
3996,1,0
3997,1,0
3998,1,1
3999,1,0
4000,1,0
4001,1,0
4002,1,0
4003,1,0
4004,1,0
4005,1,0
4006,1,0
4007,1,0
4008,1,0
4009,1,0
4010,1,0
4011,49,0
4012,1,1
4013,2,0
4014,1,0
4015,1,0
4016,1,0
4017,11,0
4018,1,1
4019,1,0
4020,1,0
4021,1,0
4022,1,0
4023,1,0
4024,1,0
4025,1,0
4026,26,0
4027,1,2
4028,1,0
4029,1,0
4030,1,0
4031,1,0
4032,1,0
4033,1,0
4034,1,1
4035,1,0
4036,1,0
4037,1,0
4038,1,0
4039,1,0
4040,1,0
4041,1,0
4042,1,0
4043,1,0
4044,159,0
4045,1,1
4046,1,0
4047,1,0
4048,1,0
4049,1,0
4050,7,0
4051,1,1
4052,1,0
4053,1,0
4054,1,0
4055,1,0
4056,1,0
4057,1,0
4058,1,0
4059,1,0
4060,1,0
4061,70,0
4062,1,1
4063,1,0
4064,1,0
4065,1,0
4066,1,0
4067,1,0
4068,1,0
4069,1,0
4070,6,0
4071,1,0
4072,4,0
4073,1,0
4074,1,0
4075,1,0
4076,1,0
4077,1,0
4078,1,0
4079,1,0
4080,1,0
4081,1,0
4082,1,0
4083,1,0
4084,1,0
4085,1,0
4086,10,0
4087,1,1
4088,1,0
4089,1,0
4090,1,0
4091,1,0
4092,1,0
4093,1,0
4094,161,0
4095,1,1
4096,1,1
4097,1,0
4098,10,0
4099,1,1
4100,1,0
4101,1,0
4102,1,1
4103,1,0
4104,1,0
4105,1,0
4106,1,1
4107,1,0
4108,1,0
4109,1,0
4110,2,0
4111,1,0
4112,1,0
4113,1,0
4114,1,0
4115,1,0
4116,2,0
4117,1,0
4118,1,0
4119,1,0
4120,2,0
4121,2,0
4122,1,0
4123,3,0
4124,1,1
4125,1,0
4126,1,1
4127,1,1
4128,9,1
4129,1,1
4130,1,1
4131,1,1
4132,1,1
4133,1,1
4134,1,1
4135,17,0
4136,3,4
4137,6,1
4138,1,1
4139,1,0
4140,19,0
4141,1,5
4142,1,1
4143,1,0
4144,1,0
4145,1,0
4146,1,0
4147,7,0
4148,3,1
4149,6,1
4150,3,1
4151,3,1
4152,2,0
4153,3,1
4154,2,1
4155,3,0
4156,4,1
4157,4,1
4158,1,1
4159,9,1
4160,3,3
4161,3,1
4162,4,1
4163,5,1
4164,3,1
4165,4,1
4166,7,1
4167,2,2
4168,7,1
4169,2,2
4170,2,2
4171,5,1
4172,6,2
4173,4,1
4174,5,1
4175,4,2
4176,5,2
4177,4,2
4178,4,2
4179,7,2
4180,6,3
4181,5,3
4182,7,2
4183,7,3
4184,6,3
4185,8,3
4186,8,4
4187,4,4
4188,9,4
4189,2,5
4190,3,4
4191,5,3
4192,5,3
4193,4,2
4194,2,2
4195,3,2
4196,3,2
4197,1,2
4198,3,1
4199,1,2
4200,1,1
4201,1,1
4202,3,1
4203,5,2
4204,2,3
4205,2,3
4206,1,2
4207,4,2
4208,2,2
4209,7,3
4210,11,3
4211,1,7
4212,3,3
4213,5,2
4214,2,3
4215,6,3
4216,2,3
4217,4,4
4218,5,3
4219,8,4
4220,4,5
4221,3,4
4222,7,3
4223,6,4
4224,8,4
4225,7,5
4226,6,5
4227,9,4
4228,6,6
4229,5,5
4230,8,5
4231,4,3
4232,6,3
4233,3,4
4234,1,4
4235,7,4
4236,6,4
4237,2,5
4238,7,4
4239,10,4
4240,3,7
4241,7,6
4242,4,5
4243,1,6
4244,4,4
4245,5,3
4246,5,4
4247,3,4
4248,4,4
4249,4,5
4250,6,3
4251,3,4
4252,6,4
4253,7,4
4254,4,5
4255,3,4
4256,1,4
4257,2,2
4258,4,2
4259,2,3
4260,1,2
4261,2,2
4262,1,2
4263,2,1
4264,2,1
4265,3,1
4266,3,3
4267,5,2
4268,4,3
4269,2,2
4270,1,3
4271,1,2
4272,5,3
4273,3,3
4274,3,3
4275,1,2
4276,6,2
4277,2,4
4278,5,3
4279,5,3
4280,2,4
4281,1,3
4282,5,2
4283,2,3
4284,2,2
4285,5,2
4286,4,3
4287,4,3
4288,3,4
4289,5,3
4290,8,4
4291,3,3
4292,1,4
4293,3,3
4294,4,3
4295,4,3
4296,2,3
4297,2,3
4298,2,2
4299,1,2
4300,2,2
4301,4,2
4302,4,3
4303,2,3
4304,3,3
4305,3,2
4306,1,3
4307,3,2
4308,1,2
4309,2,2
4310,3,2
4311,4,2
4312,5,3
4313,4,4
4314,4,4
4315,2,4
4316,1,4
4317,6,4
4318,5,4
4319,5,5
4320,5,5
4321,7,4
4322,5,5
4323,7,4
4324,5,6
4325,11,4
4326,4,10
4327,5,5
4328,6,5
4329,14,4
4330,3,16
4331,6,4
4332,8,4
4333,9,5
4334,13,5
4335,8,7
4336,1,4
4337,7,4
4338,8,4
4339,4,5
4340,10,4
4341,4,6
4342,4,4
4343,3,5
4344,10,3
4345,3,7
4346,4,4
4347,4,4
4348,4,3
4349,4,4
4350,7,4
4351,6,4
4352,3,5
4353,5,4
4354,9,4
4355,8,6
4356,4,6
4357,13,5
4358,6,12
4359,8,5
4360,5,6
4361,7,5
4362,10,5
4363,7,7
4364,1,6
4365,9,5
4366,6,7
4367,10,5
4368,7,8
4369,4,5
4370,13,4
4371,6,16
4372,8,4
4373,4,5
4374,9,5
4375,5,5
4376,5,6
4377,5,4
4378,5,4
4379,4,3
4380,2,3
4381,14,2
4382,14,18
4383,2,9
4384,2,4
4385,2,2
4386,8,2
4387,13,4
4388,4,6
4389,8,5
4390,8,4
4391,1,4
4392,4,3
4393,5,2
4394,5,3
4395,8,4
4396,4,5
4397,4,4
4398,1,2
4399,2,2
4400,2,1
4401,8,1
4402,1,6
4403,1,1
4404,1,1
4405,1,0
4406,1,0
4407,1,0
4408,1,0
4409,1,0
4410,1,0
4411,1,0
4412,1,0
4413,16,0
4414,15,13
4415,3,10
4416,4,8
4417,1,2
4418,1,0
4419,1,0
4420,1,0
4421,1,0
4422,1,0
4423,1,0
4424,1,0
4425,3,0
4426,2,2
4427,3,1
4428,2,1
4429,2,1
4430,1,1
4431,1,1
4432,5,1
4433,4,2
4434,1,2
4435,1,1
4436,5,1
4437,7,2
4438,5,2
4439,4,3
4440,4,3
4441,4,2
4442,4,2
4443,4,3
4444,4,3
4445,5,2
4446,1,3
4447,1,3
4448,4,3
4449,5,3
4450,5,4
4451,7,4
4452,4,4
4453,7,4
4454,5,4
4455,4,4
4456,7,4
4457,12,4
4458,7,7
4459,4,6
4460,2,5
4461,1,3
4462,7,2
4463,3,5
4464,18,3
4465,7,13
4466,5,4
4467,3,3
4468,1,2
4469,7,2
4470,6,5
4471,7,4
4472,4,5
4473,6,3
4474,8,2
4475,5,4
4476,10,4
4477,3,7
4478,1,5
4479,3,3
4480,1,5
4481,1,3
4482,1,1
4483,2,1
4484,1,1
4485,1,1
4486,1,1
4487,1,1
4488,2,0
4489,2,2
4490,3,1
4491,2,1
4492,3,1
4493,4,2
4494,2,3
4495,4,2
4496,5,2
4497,4,2
4498,8,3
4499,2,2
4500,7,4
4501,5,2
4502,4,4
4503,5,3
4504,9,3
4505,4,5
4506,4,5
4507,5,4
4508,6,4
4509,5,4
4510,5,3
4511,2,4
4512,3,4
4513,4,3
4514,6,3
4515,2,4
4516,2,3
4517,4,3
4518,2,3
4519,2,3
4520,1,2
4521,1,1
4522,2,1
4523,1,2
4524,1,1
4525,1,1
4526,1,1
4527,1,2
4528,4,2
4529,2,1
4530,1,1
4531,1,1
4532,1,1
4533,1,0
4534,1,0
4535,1,0
4536,5,9
4537,3,7
4538,3,4
4539,5,2
4540,6,3
4541,6,3
4542,1,4
4543,1,3
4544,14,1
4545,6,18
4546,3,1
4547,5,2
4548,6,1
4549,1,2
4550,3,2
4551,3,1
4552,4,1
4553,1,1
4554,4,1
4555,3,1
4556,4,2
4557,1,2
4558,6,2
4559,1,2
4560,5,2
4561,6,2
4562,6,2
4563,4,2
4564,4,3
4565,1,2
4566,8,3
4567,5,2
4568,1,2
4569,7,3
4570,7,2
4571,8,4
4572,9,3
4573,10,3
4574,1,6
4575,8,3
4576,10,4
4577,9,4
4578,8,6
4579,1,6
4580,9,4
4581,10,4
4582,8,5
4583,6,6
4584,5,5
4585,7,4
4586,1,4
4587,8,5
4588,8,4
4589,5,6
4590,1,5
4591,3,5
4592,1,4
4593,1,2
4594,31,1
4595,1,22
4596,8,1
4597,5,3
4598,7,3
4599,5,3
4600,7,2
4601,6,3
4602,9,3
4603,7,3
4604,5,2
4605,10,3
4606,3,4
4607,4,3
4608,5,3
4609,5,3
4610,4,3
4611,5,2
4612,5,3
4613,2,3
4614,1,4
4615,1,2
4616,6,2
4617,6,2
4618,4,3
4619,5,2
4620,5,3
4621,1,3
4622,1,4
4623,1,1
4624,1,1
4625,1,0
4626,1,0
4627,29,0
4628,1,12
4629,1,4
4630,6,1
4631,5,1
4632,1,1
4633,1,2
4634,4,2
4635,1,1
4636,5,1
4637,1,1
4638,2,1
4639,2,1
4640,1,1
4641,2,1
4642,1,1
4643,2,1
4644,3,1
4645,4,1
4646,2,1
4647,4,1
4648,2,1
4649,1,1
4650,1,1
4651,1,2
4652,2,1
4653,3,1
4654,2,1
4655,5,1
4656,6,2
4657,3,2
4658,3,1
4659,3,2
4660,1,2
4661,1,2
4662,1,1
4663,2,1
4664,2,1
4665,1,1
4666,1,1
4667,2,0
4668,1,1
4669,1,1
4670,4,1
4671,4,1
4672,5,1
4673,1,1
4674,3,2
4675,1,1
4676,2,3
4677,2,2
4678,3,2
4679,4,2
4680,1,2
4681,4,2
4682,3,1
4683,3,1
4684,4,1
4685,3,2
4686,4,2
4687,1,2
4688,6,2
4689,3,2
4690,3,3
4691,2,2
4692,1,1
4693,2,1
4694,3,1
4695,1,2
4696,1,2
4697,1,1
4698,1,1
4699,1,1
4700,1,0
4701,1,0
4702,1,0
4703,5,0
4704,5,3
4705,2,2
4706,4,2
4707,1,2
4708,2,1
4709,3,1
4710,3,1
4711,2,2
4712,2,1
4713,2,1
4714,3,1
4715,2,1
4716,3,1
4717,5,2
4718,4,2
4719,1,2
4720,4,2
4721,4,2
4722,5,2
4723,4,2
4724,5,3
4725,6,3
4726,5,3
4727,2,3
4728,1,3
4729,6,3
4730,5,3
4731,1,3
4732,6,3
4733,2,2
4734,7,3
4735,9,4
4736,9,6
4737,6,6
4738,2,5
4739,7,5
4740,6,4
4741,10,5
4742,6,7
4743,2,6
4744,10,4
4745,7,6
4746,7,6
4747,7,6
4748,1,6
4749,6,4
4750,8,4
4751,8,5
4752,6,6
4753,5,4
4754,6,5
4755,4,5
4756,6,4
4757,8,4
4758,4,6
4759,4,5
4760,8,5
4761,6,5
4762,7,3
4763,4,5
4764,11,4
4765,5,7
4766,1,5
4767,1,4
4768,6,5
4769,6,4
4770,2,5
4771,6,6
4772,3,3
4773,1,4
4774,2,4
4775,4,3
4776,5,2
4777,1,3
4778,4,4
4779,6,3
4780,4,5
4781,6,4
4782,6,4
4783,4,4
4784,1,4
4785,3,3
4786,6,2
4787,6,3
4788,3,4
4789,2,3
4790,1,3
4791,1,1
4792,1,1
4793,1,1
4794,1,1
4795,1,1
4796,2,0
4797,1,2
4798,1,1
4799,1,0
4800,1,0
4801,1,0
4802,1,0
4803,1,0
4804,1,0
4805,1,0
4806,1,0
4807,1,0
4808,1,0
4809,1,0
4810,1,0
4811,1,0
4812,1,0
4813,1,1
4814,1,0
4815,1,0
4816,1,0
4817,1,0
4818,1,0
4819,1,6
4820,1,2
4821,1,0
4822,1,1
4823,4,0
4824,1,4
4825,2,1
4826,1,1
4827,1,1
4828,2,1
4829,2,1
4830,2,2
4831,4,2
4832,5,3
4833,1,3
4834,2,3
4835,5,2
4836,5,3
4837,2,2
4838,1,3
4839,8,2
4840,5,3
4841,5,4
4842,6,3
4843,3,3
4844,3,4
4845,1,3
4846,3,3
4847,1,2
4848,1,2
4849,1,2
4850,1,1
4851,4,2
4852,3,2
4853,1,3
4854,1,2
4855,6,2
4856,6,3
4857,7,2
4858,4,2
4859,3,4
4860,1,3
4861,4,2
4862,1,3
4863,1,3
4864,3,3
4865,2,3
4866,3,2
4867,1,3
4868,1,2
4869,1,2
4870,3,2
4871,3,2
4872,2,3
4873,5,2
4874,3,3
4875,2,3
4876,1,3
4877,1,3
4878,1,3
4879,5,4
4880,5,2
4881,2,4
4882,3,3
4883,3,3
4884,4,3
4885,1,4
4886,3,3
4887,1,3
4888,1,2
4889,3,2
4890,7,2
4891,2,5
4892,2,3
4893,3,2
4894,3,2
4895,3,2
4896,4,3
4897,5,3
4898,5,4
4899,2,3
4900,6,2
4901,1,4
4902,8,3
4903,4,3
4904,3,3
4905,4,4
4906,1,4
4907,7,4
4908,1,3
4909,6,4
4910,1,3
4911,1,4
4912,1,2
4913,1,5
4914,1,3
4915,1,5
4916,1,5
4917,1,4
4918,1,4
4919,12,5
4920,1,6
4921,1,3
4922,15,3
4923,3,10
4924,7,5
4925,5,3
4926,12,3
4927,7,12
4928,1,5
4929,7,2
4930,1,3
4931,7,3
4932,13,3
4933,4,7
4934,7,5
4935,6,4
4936,11,3
4937,7,8
4938,6,6
4939,9,4
4940,5,5
4941,5,6
4942,2,5
4943,7,4
4944,6,4
4945,1,4
4946,1,4
4947,8,3
4948,1,4
4949,1,4
4950,1,4
4951,5,3
4952,1,2
4953,1,3
4954,8,3
4955,5,2
4956,1,4
4957,1,2
4958,1,4
4959,1,4
4960,1,3
4961,1,4
4962,1,4
4963,8,3
4964,2,2
4965,7,4
4966,1,2
4967,1,4
4968,1,3
4969,1,4
4970,1,4
4971,1,3
4972,1,2
4973,7,2
4974,1,2
4975,1,2
4976,1,1
4977,1,2
4978,1,1
4979,1,1
4980,1,2
4981,1,2
4982,1,1
4983,1,2
4984,1,1
4985,1,1
4986,1,0
4987,2,0
4988,1,1
4989,1,0
4990,1,0
4991,1,1
4992,1,1
4993,1,2
4994,1,1
4995,1,2
4996,1,3
4997,1,1
4998,1,1
4999,1,1
5000,1,1
5001,1,2
5002,1,2
5003,10,1
5004,1,4
5005,1,3
5006,1,3
5007,1,3
5008,1,3
5009,1,3
5010,4,2
5011,1,1
5012,1,2
5013,1,2
5014,1,2
5015,1,2
5016,1,2
5017,1,1
5018,1,0
5019,1,0
5020,1,0
5021,1,0
5022,1,1
5023,1,1
5024,1,0
5025,1,0
5026,1,0
5027,1,0
5028,1,0
5029,1,0
5030,1,2
5031,1,0
5032,1,0
5033,9,0
5034,1,6
5035,9,0
5036,1,8
5037,1,0
5038,1,2
5039,1,3
5040,17,1
5041,1,6
5042,1,1
5043,8,1
5044,4,1
5045,1,1
5046,1,1
5047,7,1
5048,4,1
5049,1,1
5050,1,0
5051,1,0
5052,1,0
5053,1,0
5054,1,0
5055,1,0
5056,1,0
5057,1,2
5058,1,0
5059,1,0
5060,1,0
5061,1,0
5062,1,0
5063,1,0
5064,1,0
5065,1,0
5066,1,0
5067,1,0
5068,1,0
5069,1,0
5070,1,0
5071,1,0
5072,1,0
5073,1,0
5074,2,0
5075,2,0
5076,1,0
5077,1,0
5078,1,0
5079,5,0
5080,3,2
5081,8,1
5082,1,2
5083,1,1
5084,1,2
5085,1,2
5086,1,2
5087,1,1
5088,13,1
5089,12,3
5090,1,2
5091,1,2
5092,3,1
5093,1,1
5094,1,2
5095,1,1
5096,1,1
5097,1,0
5098,1,0
5099,1,0
5100,1,1
5101,1,0
5102,4,0
5103,1,2
5104,1,1
5105,1,1
5106,1,0
5107,2,0
5108,1,1
5109,1,0
5110,1,1
5111,1,1
5112,1,0
5113,1,0
5114,1,0
5115,1,0
5116,1,0
5117,1,1
5118,2,1
5119,1,1
5120,1,0
5121,1,0
5122,1,1
5123,1,1
5124,1,1
5125,1,0
5126,1,0
5127,1,0
5128,1,0
5129,1,0
5130,1,0
5131,1,0
5132,1,0
5133,1,0
5134,1,0
5135,1,0
5136,1,0
5137,1,0
5138,1,0
5139,1,0
5140,1,0
5141,1,0
5142,1,0
5143,1,0
5144,1,0
5145,1,0
5146,1,0
5147,1,0
5148,1,0
5149,1,0
5150,1,0
5151,1,0
5152,1,0
5153,1,0
5154,1,0
5155,1,0
5156,1,0
5157,1,0
5158,8,0
5159,19,5
5160,1,13
5161,22,4
5162,1,13
5163,35,3
5164,1,17
5165,7,2
5166,1,1
5167,1,1
5168,1,0
5169,1,0
5170,1,0
5171,1,0
5172,1,0
5173,1,0
5174,1,0
5175,1,0
5176,1,0
5177,1,0
5178,1,0
5179,1,0
5180,1,0
5181,1,0
5182,1,0
5183,1,0
5184,1,0
5185,1,0
5186,1,0
5187,1,0
5188,1,0
5189,1,0
5190,1,0
5191,1,0
5192,1,0
5193,1,0
5194,1,0
5195,1,0
5196,1,0
5197,1,0
5198,1,0
5199,1,0
5200,1,0
5201,1,0
5202,1,0
5203,1,0
5204,1,0
5205,1,0
5206,7,0
5207,10,3
5208,7,3
5209,9,3
5210,1,4
5211,1,2
5212,9,2
5213,7,2
5214,1,3
5215,1,2
5216,1,2
5217,5,2
5218,1,1
5219,1,1
5220,5,3
5221,1,1
5222,1,2
5223,1,3
5224,1,2
5225,1,2
5226,4,2
5227,4,1
5228,1,1
5229,3,2
5230,4,1
5231,1,1
5232,3,2
5233,3,1
5234,2,1
5235,1,1
5236,5,1
5237,2,2
5238,2,1
5239,1,1
5240,1,2
5241,1,1
5242,1,0
5243,2,0
5244,8,1
5245,4,3
5246,4,3
5247,4,2
5248,1,1
5249,1,0
5250,1,1
5251,2,1
5252,1,1
5253,1,0
5254,1,0
5255,2,1
5256,2,1
5257,1,1
5258,2,1
5259,3,1
5260,3,1
5261,1,2
5262,4,1
5263,2,1
5264,2,1
5265,4,1
5266,4,2
5267,2,2
5268,2,2
5269,2,1
5270,2,1
5271,2,1
5272,3,2
5273,1,2
5274,3,1
5275,1,1
5276,3,1
5277,1,2
5278,1,1
5279,3,0
5280,1,2
5281,3,1
5282,2,1
5283,2,1
5284,1,1
5285,1,0
5286,1,1
5287,1,1
5288,3,2
5289,3,2
5290,3,1
5291,2,2
5292,3,1
5293,1,1
5294,1,1
5295,1,1
5296,2,1
5297,1,1
5298,1,1
5299,2,1
5300,2,1
5301,1,1
5302,1,1
5303,4,1
5304,4,2
5305,2,2
5306,4,2
5307,4,2
5308,3,2
5309,2,2
5310,1,2
5311,3,2
5312,2,1
5313,1,2
5314,1,1
5315,3,1
5316,3,2
5317,3,2
5318,1,2
5319,2,1
5320,1,1
5321,1,1
5322,1,1
5323,1,1
5324,1,1
5325,2,0
5326,1,2
5327,2,0
5328,1,2
5329,1,0
5330,3,1
5331,1,3
5332,1,1
5333,1,0
5334,1,1
5335,3,1
5336,3,1
5337,2,2
5338,1,2
5339,3,1
5340,2,1
5341,3,1
5342,3,2
5343,3,2
5344,1,2
5345,2,1
5346,2,2
5347,2,2
5348,1,2
5349,5,1
5350,3,2
5351,1,1
5352,1,2
5353,4,1
5354,1,2
5355,3,1
5356,6,1
5357,2,3
5358,1,2
5359,3,2
5360,3,2
5361,4,2
5362,5,3
5363,5,3
5364,4,3
5365,2,2
5366,8,2
5367,3,3
5368,6,3
5369,6,3
5370,1,3
5371,5,3
5372,7,3
5373,5,3
5374,1,4
5375,1,2
5376,2,2
5377,1,1
5378,1,1
5379,1,1
5380,1,1
5381,1,0
5382,1,0
5383,1,0
5384,1,0
5385,1,0
5386,1,1
5387,1,0
5388,1,1
5389,1,2
5390,2,1
5391,1,1
5392,1,0
5393,1,1
5394,1,0
5395,1,0
5396,1,1
5397,1,1
5398,1,0
5399,1,1
5400,1,0
5401,1,0
5402,1,0
5403,1,0
5404,1,0
5405,1,0
5406,1,0
5407,1,0
5408,1,0
5409,3,0
5410,1,2
5411,1,1
5412,2,0
5413,1,2
5414,1,0
5415,1,0
5416,1,0
5417,1,0
5418,1,0
5419,1,0
5420,1,0
5421,1,0
5422,1,0
5423,1,0
5424,1,0
5425,1,0
5426,1,0
5427,1,0
5428,1,0
5429,1,0
5430,17,0
5431,18,14
5432,16,19
5433,29,15
5434,7,18
5435,1,5
5436,1,3
5437,1,2
5438,1,2
5439,1,2
5440,5,4
5441,6,2
5442,5,3
5443,1,4
5444,1,4
5445,1,3
5446,1,2
5447,1,2
5448,1,2
5449,6,2
5450,6,2
5451,3,4
5452,1,4
5453,1,2
5454,9,3
5455,2,5
5456,2,3
5457,3,2
5458,2,2
5459,1,1
5460,2,1
5461,3,1
5462,1,2
5463,2,1
5464,2,2
5465,1,1
5466,2,0
5467,1,2
5468,1,1
5469,1,0
5470,1,0
5471,2,0
5472,2,1
5473,2,1
5474,1,1
5475,3,1
5476,2,2
5477,3,2
5478,4,2
5479,2,1
5480,2,3
5481,1,2
5482,3,1
5483,3,2
5484,3,2
5485,2,2
5486,1,2
5487,1,1
5488,2,2
5489,4,2
5490,3,3
5491,4,2
5492,2,3
5493,4,3
5494,3,3
5495,4,3
5496,4,3
5497,3,3
5498,2,2
5499,5,2
5500,6,3
5501,6,4
5502,5,4
5503,6,5
5504,5,4
5505,5,4
5506,6,5
5507,6,4
5508,6,5
5509,6,5
5510,5,4
5511,3,6
5512,7,5
5513,8,4
5514,8,6
5515,7,6
5516,1,6
5517,6,4
5518,5,5
5519,4,5
5520,4,5
5521,6,4
5522,6,5
5523,4,3
5524,3,4
5525,4,3
5526,1,3
5527,6,4
5528,6,3
5529,4,4
5530,2,4
5531,3,2
5532,1,3
5533,1,2
5534,12,4
5535,8,10
5536,4,7
5537,1,4
5538,7,3
5539,1,5
5540,7,4
5541,7,4
5542,4,6
5543,7,5
5544,3,4
5545,1,4
5546,7,4
5547,1,5
5548,6,4
5549,4,4
5550,5,5
5551,5,5
5552,4,5
5553,2,3
5554,1,4
5555,1,5
5556,1,4
5557,5,4
5558,1,3
5559,1,3
5560,1,4
5561,5,2
5562,5,3
5563,2,2
5564,1,3
5565,1,1
5566,1,1
5567,1,1
5568,1,1
5569,2,1
5570,3,2
5571,1,4
5572,2,2
5573,14,1
5574,3,21
5575,3,1
5576,3,1
5577,3,1
5578,1,1
5579,3,1
5580,5,1
5581,1,2
5582,4,2
5583,2,2
5584,3,1
5585,2,1
5586,3,1
5587,3,1
5588,3,1
5589,3,1
5590,2,1
5591,4,1
5592,2,2
5593,3,1
5594,5,1
5595,1,2
5596,3,2
5597,3,2
5598,2,2
5599,1,1
5600,1,1
5601,2,0
5602,2,1
5603,1,1
5604,1,1
5605,1,0
5606,1,0
5607,1,1
5608,2,0
5609,2,1
5610,1,1
5611,5,0
5612,1,5
5613,1,1
5614,4,1
5615,2,1
5616,1,1
5617,2,1
5618,2,1
5619,1,1
5620,1,1
5621,2,1
5622,4,1
5623,1,1
5624,8,1
5625,4,3
5626,4,1
5627,1,2
5628,8,1
5629,7,3
5630,5,2
5631,5,3
5632,5,2
5633,7,1
5634,10,2
5635,2,5
5636,5,4
5637,6,2
5638,6,3
5639,5,3
5640,2,4
5641,6,3
5642,4,2
5643,7,3
5644,1,3
5645,14,4
5646,11,12
5647,1,8
5648,14,3
5649,1,12
5650,8,2
5651,5,2
5652,2,3
5653,5,3
5654,6,2
5655,1,2
5656,1,2
5657,1,1
5658,1,2
5659,4,2
5660,3,1
5661,5,1
5662,12,2
5663,10,7
5664,6,5
5665,2,3
5666,1,3
5667,1,4
5668,10,3
5669,12,4
5670,5,6
5671,1,5
5672,5,3
5673,3,3
5674,6,2
5675,10,3
5676,6,5
5677,7,5
5678,5,4
5679,5,3
5680,2,4
5681,4,4
5682,2,3
5683,6,4
5684,8,3
5685,1,2
5686,3,3
5687,7,2
5688,1,5
5689,5,4
5690,1,2
5691,6,5
5692,5,3
5693,3,3
5694,3,3
5695,3,2
5696,2,2
5697,1,2
5698,1,2
5699,1,1
5700,1,1
5701,3,0
5702,1,6
5703,1,2
5704,4,0
5705,3,2
5706,3,2
5707,2,2
5708,3,2
5709,2,2
5710,1,1
5711,1,1
5712,1,1
5713,3,1
5714,4,3
5715,5,2
5716,2,3
5717,3,3
5718,5,3
5719,2,4
5720,3,3
5721,3,3
5722,4,3
5723,5,2
5724,5,3
5725,4,3
5726,4,3
5727,5,3
5728,6,3
5729,6,3
5730,5,4
5731,1,4
5732,3,3
5733,5,2
5734,3,3
5735,3,2
5736,1,3
5737,1,1
5738,1,1
5739,1,1
5740,1,0
5741,1,0
5742,1,0
5743,1,0
5744,1,0
5745,1,0
5746,1,0
5747,1,2
5748,1,0
5749,2,0
5750,1,2
5751,1,1
5752,1,0
5753,1,0
5754,15,0
5755,4,15
5756,6,4
5757,4,3
5758,5,3
5759,5,2
5760,1,2
5761,1,3
5762,7,3
5763,6,2
5764,1,3
5765,13,2
5766,6,15
5767,5,2
5768,7,3
5769,7,3
5770,1,3
5771,8,3
5772,2,2
5773,4,3
5774,7,3
5775,7,4
5776,5,4
5777,1,4
5778,7,2
5779,2,3
5780,7,3
5781,1,2
5782,4,3
5783,8,2
5784,5,4
5785,7,3
5786,1,4
5787,6,2
5788,2,2
5789,6,2
5790,8,2
5791,9,5
5792,5,5
5793,3,4
5794,4,3
5795,3,4
5796,2,2
5797,1,1
5798,1,1
5799,1,1
5800,1,2
5801,8,3
5802,6,4
5803,2,3
5804,12,3
5805,5,12
5806,4,4
5807,10,3
5808,7,5
5809,1,4
5810,10,3
5811,8,8
5812,1,5
5813,2,3
5814,17,3
5815,6,13
5816,6,5
5817,8,3
5818,6,5
5819,6,4
5820,5,4
5821,6,4
5822,6,5
5823,7,4
5824,5,4
5825,5,4
5826,5,4
5827,2,4
5828,2,4
5829,1,4
5830,5,3
5831,1,2
5832,1,3
5833,5,2
5834,4,2
5835,3,3
5836,1,3
5837,1,3
5838,1,3
5839,1,3
5840,1,2
5841,3,2
5842,4,1
5843,4,2
5844,4,1
5845,3,2
5846,3,2
5847,3,2
5848,2,2
5849,1,1
5850,1,1
5851,2,1
5852,1,1
5853,2,1
5854,2,2
5855,4,2
5856,3,4
5857,3,2
5858,3,2
5859,1,1
5860,3,1
5861,3,2
5862,1,2
5863,1,2
5864,5,2
5865,1,2
5866,5,3
5867,5,3
5868,5,4
5869,1,3
5870,1,2
5871,4,1
5872,2,4
5873,1,2
5874,11,2
5875,4,15
5876,3,2
5877,2,1
5878,1,2
5879,1,2
5880,7,3
5881,3,2
5882,1,1
5883,1,1
5884,1,1
5885,1,0
5886,1,0
5887,1,0
5888,1,0
5889,1,0
5890,1,0
5891,1,0
5892,1,0
5893,2,0
5894,1,1
5895,1,1
5896,1,0
5897,2,0
5898,1,1
5899,1,0
5900,4,0
5901,1,3
5902,1,1
5903,3,1
5904,1,1
5905,3,2
5906,5,1
5907,2,2
5908,5,2
5909,8,1
5910,4,2
5911,2,2
5912,4,2
5913,3,2
5914,3,2
5915,1,2
5916,1,2
5917,1,3
5918,1,3
5919,7,3
5920,4,2
5921,8,3
5922,10,3
5923,7,4
5924,5,4
5925,5,5
5926,7,3
5927,6,5
5928,7,3
5929,2,5
5930,7,4
5931,5,4
5932,2,2
5933,1,3
5934,1,3
5935,1,3
5936,11,3
5937,4,9
5938,7,3
5939,1,3
5940,6,2
5941,4,3
5942,1,3
5943,10,4
5944,1,5
5945,6,4
5946,1,3
5947,4,3
5948,1,2
5949,1,2
5950,1,1
5951,1,0
5952,1,2
5953,7,3
5954,5,4
5955,1,4
5956,12,1
5957,8,14
5958,6,4
5959,5,3
5960,7,4
5961,6,4
5962,3,5
5963,3,4
5964,4,3
5965,7,3
5966,4,3
5967,5,3
5968,1,4
5969,6,2
5970,1,2
5971,1,3
5972,7,3
5973,2,2
5974,6,4
5975,5,2
5976,2,3
5977,1,2
5978,1,2
5979,1,2
5980,1,3
5981,5,3
5982,1,2
5983,5,3
5984,7,2
5985,2,4
5986,4,4
5987,2,1
5988,1,3
5989,5,2
5990,5,2
5991,1,3
5992,1,2
5993,1,2
5994,1,1
5995,1,1
5996,1,1
5997,1,1
5998,1,2
5999,1,2
6000,2,0
6001,1,1
6002,4,1
6003,2,2
6004,1,2
6005,1,1
6006,1,1
6007,2,1
6008,1,1
6009,1,1
6010,7,1
6011,4,4
6012,6,2
6013,1,2
6014,1,2
6015,1,2
6016,1,2
6017,1,2
6018,1,1
6019,1,2
6020,4,2
6021,2,2
6022,1,2
6023,3,2
6024,4,2
6025,4,2
6026,4,2
6027,5,2
6028,5,3
6029,5,3
6030,5,3
6031,4,3
6032,2,3
6033,1,2
6034,1,3
6035,2,3
6036,3,2
6037,1,2
6038,1,1
6039,1,1
6040,1,0
6041,1,0
6042,1,0
6043,1,0
6044,2,0
6045,2,1
6046,2,1
6047,2,1
6048,4,1
6049,1,2
6050,1,1
6051,1,1
6052,2,1
6053,2,1
6054,1,1
6055,2,0
6056,2,2
6057,3,1
6058,3,2
6059,4,2
6060,3,1
6061,1,1
6062,2,2
6063,1,2
6064,9,3
6065,1,6
6066,6,2
6067,5,2
6068,4,3
6069,5,4
6070,1,3
6071,11,4
6072,4,6
6073,3,5
6074,5,4
6075,4,4
6076,2,3
6077,9,4
6078,8,5
6079,7,6
6080,1,6
6081,7,4
6082,7,5
6083,8,5
6084,2,7
6085,6,5
6086,6,4
6087,9,4
6088,3,6
6089,7,6
6090,7,4
6091,8,4
6092,6,6
6093,4,6
6094,2,5
6095,7,5
6096,4,4
6097,6,4
6098,15,4
6099,9,17
6100,5,8
6101,9,5
6102,1,5
6103,9,5
6104,6,6
6105,5,5
6106,6,5
6107,3,4
6108,1,3
6109,1,2
6110,1,2
6111,5,2
6112,5,2
6113,5,3
6114,6,2
6115,4,3
6116,1,4
6117,1,4
6118,1,4
6119,1,3
6120,1,1
6121,10,4
6122,9,5
6123,2,5
6124,3,3
6125,3,3
6126,1,2
6127,1,4
6128,1,3
6129,1,4
6130,7,3
6131,1,2
6132,1,2
6133,3,4
6134,1,2
6135,1,4
6136,1,3
6137,1,4
6138,1,3
6139,1,2
6140,4,3
6141,3,2
6142,1,2
6143,1,2
6144,1,1
6145,1,1
6146,1,1
6147,1,1
6148,1,1
6149,1,0
6150,1,0
6151,2,0
6152,5,1
6153,1,2
6154,1,2
6155,1,2
6156,1,2
6157,1,1
6158,1,1
6159,1,1
6160,4,2
6161,1,2
6162,4,2
6163,1,2
6164,1,3
6165,1,2
6166,1,3
6167,1,3
6168,1,2
6169,7,3
6170,1,2
6171,1,2
6172,7,3
6173,1,2
6174,1,4
6175,1,4
6176,6,3
6177,1,1
6178,1,3
6179,1,1
6180,1,1
6181,1,0
6182,1,0
6183,1,0
6184,1,0
6185,1,0
6186,1,1
6187,1,1
6188,1,2
6189,6,1
6190,5,2
6191,1,2
6192,5,2
6193,7,2
6194,1,2
6195,6,3
6196,1,2
6197,1,3
6198,1,3
6199,1,3
6200,1,3
6201,1,3
6202,8,3
6203,4,3
6204,7,4
6205,1,3
6206,1,3
6207,1,4
6208,1,3
6209,10,4
6210,1,4
6211,1,3
6212,9,4
6213,3,3
6214,6,5
6215,4,4
6216,6,2
6217,1,3
6218,1,3
6219,1,4
6220,2,3
6221,1,3
6222,1,4
6223,1,2
6224,6,3
6225,1,1
6226,10,2
6227,7,4
6228,1,4
6229,1,3
6230,1,4
6231,7,3
6232,1,2
6233,1,3
6234,2,4
6235,1,3
6236,6,3
6237,1,3
6238,1,3
6239,1,3
6240,1,3
6241,1,3
6242,1,3
6243,8,3
6244,1,2
6245,1,2
6246,1,3
6247,1,3
6248,7,3
6249,6,1
6250,6,1
6251,1,2
6252,1,3
6253,1,2
6254,1,2
6255,1,2
6256,1,1
6257,1,1
6258,2,1
6259,9,1
6260,1,12
6261,1,1
6262,1,1
6263,1,1
6264,1,1
6265,1,1
6266,1,1
6267,5,1
6268,1,1
6269,1,1
6270,1,1
6271,1,1
6272,1,1
6273,11,1
6274,1,3
6275,1,1
6276,1,1
6277,1,1
6278,4,1
6279,1,1
6280,1,1
6281,2,1
6282,2,1
6283,2,1
6284,3,1
6285,3,1
6286,4,1
6287,5,1
6288,1,2
6289,1,1
6290,1,2
6291,5,1
6292,1,1
6293,1,1
6294,1,2
6295,1,2
6296,1,2
6297,1,2
6298,1,2
6299,1,1
6300,1,0
6301,1,0
6302,1,0
6303,2,0
6304,2,1
6305,2,1
6306,3,1
6307,1,1
6308,1,1
6309,1,1
6310,1,1
6311,1,1
6312,1,1
6313,1,1
6314,1,1
6315,1,2
6316,1,2
6317,1,2
6318,1,1
6319,1,1
6320,1,1
6321,1,1
6322,1,1
6323,1,1
6324,1,2
6325,1,1
6326,1,1
6327,6,1
6328,1,1
6329,1,1
6330,1,0
6331,1,0
6332,1,0
6333,1,0
6334,1,0
6335,1,0
6336,2,0
6337,1,1
6338,1,1
6339,1,2
6340,1,2
6341,4,1
6342,1,1
6343,5,1
6344,1,1
6345,1,2
6346,5,2
6347,1,1
6348,1,2
6349,1,2
6350,1,2
6351,1,2
6352,1,2
6353,8,2
6354,1,2
6355,1,1
6356,1,3
6357,9,2
6358,1,3
6359,1,3
6360,1,3
6361,1,2
6362,7,2
6363,8,2
6364,1,3
6365,1,3
6366,7,3
6367,1,1
6368,3,2
6369,2,1
6370,4,1
6371,1,1
6372,8,2
6373,5,2
6374,6,2
6375,1,2
6376,3,3
6377,1,2
6378,1,3
6379,1,2
6380,1,3
6381,10,2
6382,9,3
6383,1,3
6384,1,2
6385,1,3
6386,1,3
6387,7,3
6388,1,2
6389,1,3
6390,9,3
6391,1,3
6392,1,2
6393,8,4
6394,1,2
6395,7,3
6396,1,2
6397,1,3
6398,7,3
6399,1,2
6400,1,3
6401,2,3
6402,1,3
6403,1,3
6404,1,3
6405,1,3
6406,2,1
6407,1,1
6408,1,1
6409,1,2
6410,6,2
6411,4,2
6412,1,1
6413,1,1
6414,1,1
6415,1,3
6416,1,2
6417,3,1
6418,1,1
6419,1,1
6420,1,1
6421,1,1
6422,1,2
6423,1,2
6424,6,2
6425,1,3
6426,1,2
6427,1,1
6428,1,2
6429,1,1
6430,1,2
6431,5,2
6432,1,2
6433,1,2
6434,1,3
6435,6,2
6436,1,2
6437,1,2
6438,1,3
6439,1,2
6440,1,1
6441,2,1
6442,4,1
6443,1,2
6444,1,2
6445,1,1
6446,1,0
6447,2,0
6448,1,1
6449,1,0
6450,1,1
6451,1,1
6452,1,1
6453,1,2
6454,1,1
6455,7,2
6456,1,3
6457,1,2
6458,1,2
6459,1,2
6460,1,2
6461,5,2
6462,1,2
6463,1,2
6464,1,2
6465,1,2
6466,1,2
6467,1,2
6468,1,2
6469,1,2
6470,28,2
6471,29,18
6472,6,27
6473,26,3
6474,1,15
6475,1,1
6476,1,0
6477,1,1
6478,10,1
6479,1,1
6480,1,1
6481,6,1
6482,1,1
6483,1,1
6484,1,1
6485,1,1
6486,5,1
6487,5,0
6488,1,1
6489,1,1
6490,1,1
6491,1,1
6492,4,1
6493,6,1
6494,1,1
6495,1,1
6496,13,1
6497,1,4
6498,1,1
6499,1,1
6500,1,1
6501,1,0
6502,1,0
6503,1,0
6504,1,0
6505,1,0
6506,1,0
6507,4,1
6508,1,1
6509,1,1
6510,3,1
6511,1,1
6512,1,1
6513,1,1
6514,1,1
6515,3,1
6516,1,1
6517,1,1
6518,1,0
6519,1,2
6520,1,0
6521,12,0
6522,3,7
6523,1,1
6524,1,1
6525,1,1
6526,1,1
6527,1,1
6528,1,1
6529,1,1
6530,4,1
6531,1,1
6532,4,1
6533,1,1
6534,3,1
6535,1,1
6536,4,1
6537,5,1
6538,3,1
6539,7,1
6540,6,2
6541,1,1
6542,1,2
6543,1,1
6544,1,2
6545,1,2
6546,4,1
6547,1,0
6548,1,1
6549,1,0
6550,1,1
6551,1,1
6552,1,0
6553,1,0
6554,1,1
6555,1,1
6556,1,1
6557,1,2
6558,1,2
6559,1,1
6560,1,0
6561,8,1
6562,1,2
6563,1,1
6564,1,2
6565,1,1
6566,1,1
6567,1,1
6568,1,1
6569,1,1
6570,1,1
6571,1,2
6572,1,1
6573,6,1
6574,1,1
6575,1,1
6576,1,1
6577,1,1
6578,1,2
6579,1,1
6580,1,1
6581,4,2
6582,1,1
6583,1,1
6584,1,1
6585,2,0
6586,2,1
6587,1,1
6588,4,1
6589,1,1
6590,1,1
6591,1,1
6592,1,1
6593,1,0
6594,1,0
6595,1,1
6596,4,1
6597,1,1
6598,1,1
6599,1,1
6600,1,1
6601,1,1
6602,2,1
6603,1,1
6604,1,1
6605,1,1
6606,1,1
6607,1,1
6608,1,0
6609,1,1
6610,5,1
6611,4,1
6612,1,1
6613,1,1
6614,5,1
6615,8,1
6616,3,2
6617,1,3
6618,5,2
6619,7,2
6620,1,2
6621,1,2
6622,9,2
6623,1,2
6624,1,2
6625,10,3
6626,7,5
6627,1,2
6628,1,2
6629,8,3
6630,1,2
6631,1,2
6632,1,2
6633,1,2
6634,4,3
6635,12,1
6636,5,8
6637,4,2
6638,3,1
6639,1,2
6640,1,2
6641,1,3
6642,7,2
6643,1,2
6644,1,2
6645,1,3
6646,1,3
6647,1,2
6648,1,2
6649,5,2
6650,1,2
6651,1,2
6652,11,3
6653,4,4
6654,1,3
6655,1,3
6656,1,2
6657,5,3
6658,6,1
6659,1,2
6660,1,2
6661,9,2
6662,6,3
6663,1,3
6664,7,2
6665,1,3
6666,1,3
6667,1,3
6668,1,3
6669,1,3
6670,1,2
6671,2,2
6672,1,1
6673,2,1
6674,1,1
6675,1,0
6676,1,1
6677,1,1
6678,1,1
6679,1,1
6680,7,2
6681,6,2
6682,1,1
6683,5,3
6684,1,2
6685,2,2
6686,1,1
6687,1,1
6688,1,2
6689,3,2
6690,1,1
6691,3,2
6692,1,1
6693,1,2
6694,1,1
6695,1,2
6696,1,1
6697,1,1
6698,1,2
6699,1,2
6700,6,1
6701,1,1
6702,6,2
6703,1,3
6704,3,2
6705,1,1
6706,1,1
6707,1,1
6708,1,0
6709,1,0
6710,1,0
6711,1,0
6712,1,0
6713,1,2
6714,1,2
6715,1,2
6716,3,2
6717,1,1
6718,1,2
6719,1,1
6720,1,1
6721,7,2
6722,5,2
6723,1,2
6724,2,1
6725,3,1
6726,1,1
6727,1,1
6728,1,1
6729,3,1
6730,1,1
6731,1,2
6732,3,1
6733,1,2
6734,1,1
6735,1,2
6736,2,2
6737,3,2
6738,3,2
6739,1,2
6740,1,1
6741,1,1
6742,1,2
6743,4,2
6744,4,2
6745,1,1
6746,1,2
6747,1,2
6748,1,2
6749,1,2
6750,1,2
6751,1,2
6752,23,1
6753,7,16
6754,1,2
6755,1,1
6756,1,2
6757,8,2
6758,6,2
6759,7,2
6760,1,2
6761,1,2
6762,1,2
6763,6,2
6764,5,1
6765,5,2
6766,1,2
6767,1,2
6768,1,2
6769,1,1
6770,1,1
6771,1,1
6772,1,0
6773,1,1
6774,3,1
6775,1,1
6776,1,2
6777,1,1
6778,1,2
6779,4,1
6780,5,2
6781,1,2
6782,1,2
6783,1,2
6784,1,1
6785,1,1
6786,1,1
6787,3,2
6788,1,1
6789,1,2
6790,1,1
6791,7,2
6792,1,1
6793,7,2
6794,1,1
6795,10,2
6796,1,3
6797,1,2
6798,3,2
6799,1,2
6800,1,2
6801,3,2
6802,1,1
6803,1,1
6804,1,0
6805,1,1
6806,1,0
6807,1,1
6808,1,2
6809,4,2
6810,2,1
6811,2,2
6812,6,2
6813,4,1
6814,3,2
6815,1,2
6816,1,2
6817,1,2
6818,4,2
6819,1,2
6820,1,2
6821,1,2
6822,1,2
6823,1,2
6824,1,2
6825,1,2
6826,1,2
6827,1,1
6828,1,3
6829,7,2
6830,1,1
6831,3,2
6832,1,1
6833,3,1
6834,1,1
6835,3,1
6836,2,1
6837,2,1
6838,2,1
6839,1,1
6840,1,1
6841,1,0
6842,1,1
6843,1,1
6844,2,1
6845,1,1
6846,1,1
6847,1,1
6848,2,1
6849,1,1
6850,5,1
6851,1,3
6852,1,1
6853,1,1
6854,2,1
6855,1,1
6856,1,2
6857,1,2
6858,4,2
6859,6,2
6860,7,2
6861,1,2
6862,1,2
6863,1,3
6864,1,3
6865,1,3
6866,1,2
6867,5,2
6868,10,1
6869,7,3
6870,2,4
6871,1,4
6872,11,3
6873,1,6
6874,1,2
6875,1,3
6876,1,3
6877,1,3
6878,1,3
6879,1,3
6880,1,2
6881,1,3
6882,1,2
6883,1,1
6884,1,0
6885,1,1
6886,1,0
6887,1,0
6888,1,0
6889,1,1
6890,1,2
6891,1,2
6892,1,2
6893,1,2
6894,3,1
6895,2,1
6896,2,1
6897,1,1
6898,1,1
6899,2,0
6900,1,1
6901,1,1
6902,2,2
6903,1,1
6904,1,2
6905,1,2
6906,1,2
6907,1,3
6908,1,2
6909,1,2
6910,1,2
6911,4,2
6912,6,1
6913,7,2
6914,7,2
6915,6,2
6916,4,2
6917,2,2
6918,4,2
6919,3,2
6920,3,2
6921,3,2
6922,4,2
6923,1,2
6924,3,2
6925,4,2
6926,2,2
6927,2,2
6928,4,2
6929,5,1
6930,4,2
6931,6,2
6932,2,2
6933,4,3
6934,1,2
6935,1,1
6936,1,1
6937,1,1
6938,1,0
6939,2,0
6940,4,1
6941,1,3
6942,1,1
6943,3,0
6944,1,3
6945,1,1
6946,1,0
6947,1,1
6948,4,1
6949,1,1
6950,1,1
6951,1,1
6952,1,1
6953,1,1
6954,1,0
6955,2,1
6956,3,1
6957,1,2
6958,1,1
6959,4,2
6960,2,1
6961,1,2
6962,4,2
6963,1,2
6964,1,2
6965,1,3
6966,1,1
6967,4,2
6968,3,1
6969,2,2
6970,6,1
6971,1,3
6972,1,2
6973,1,2
6974,5,2
6975,1,2
6976,1,2
6977,2,1
6978,1,1
6979,2,1
6980,1,1
6981,1,0
6982,1,0
6983,1,0
6984,5,0
6985,1,4
6986,1,1
6987,1,0
6988,1,0
6989,3,0
6990,1,2
6991,1,1
6992,1,1
6993,4,1
6994,4,1
6995,4,1
6996,2,2
6997,1,2
6998,1,1
6999,4,2
7000,3,2
7001,7,2
7002,8,2
7003,4,4
7004,1,2
7005,1,2
7006,6,3
7007,9,2
7008,4,4
7009,3,3
7010,1,3
7011,1,3
7012,1,4
7013,1,3
7014,1,2
7015,5,3
7016,7,3
7017,6,4
7018,1,2
7019,3,3
7020,4,4
7021,2,2
7022,4,3
7023,3,3
7024,6,3
7025,4,3
7026,4,2
7027,2,2
7028,1,3
7029,3,2
7030,2,1
7031,5,2
7032,4,3
7033,3,2
7034,2,2
7035,5,2
7036,7,2
7037,3,3
7038,4,3
7039,5,3
7040,4,4
7041,5,3
7042,5,3
7043,1,4
7044,1,3
7045,7,2
7046,4,3
7047,5,3
7048,4,4
7049,3,4
7050,3,3
7051,1,3
7052,1,2
7053,2,3
7054,4,3
7055,6,2
7056,3,4
7057,5,4
7058,6,3
7059,6,3
7060,4,4
7061,4,3
7062,2,3
7063,1,3
7064,2,2
7065,1,1
7066,2,1
7067,3,1
7068,2,2
7069,3,1
7070,1,3
7071,3,0
7072,2,3
7073,1,1
7074,2,1
7075,1,2
7076,2,0
7077,2,2
7078,2,1
7079,3,1
7080,3,2
7081,2,2
7082,2,2
7083,2,1
7084,3,1
7085,3,2
7086,4,2
7087,3,2
7088,3,2
7089,3,3
7090,3,2
7091,2,2
7092,2,1
7093,1,1
7094,1,1
7095,2,1
7096,2,2
7097,2,2
7098,2,1
7099,4,2
7100,3,2
7101,3,2
7102,2,2
7103,1,3
7104,3,1
7105,3,2
7106,6,2
7107,1,4
7108,4,2
7109,2,2
7110,1,2
7111,5,3
7112,5,3
7113,2,3
7114,5,3
7115,4,4
7116,2,3
7117,1,2
7118,1,1
7119,2,1
7120,2,1
7121,3,2
7122,2,3
7123,1,2
7124,1,2
7125,3,1
7126,4,3
7127,2,3
7128,1,2
7129,1,2
7130,1,1
7131,2,1
7132,2,1
7133,4,2
7134,3,3
7135,2,3
7136,1,2
7137,1,2
7138,4,2
7139,1,3
7140,1,2
7141,1,2
7142,1,1
7143,2,2
7144,5,1
7145,7,3
7146,5,4
7147,2,3
7148,3,2
7149,1,2
7150,1,2
7151,1,2
7152,3,2
7153,1,2
7154,3,2
7155,6,2
7156,2,4
7157,3,2
7158,2,3
7159,2,3
7160,4,2
7161,4,3
7162,4,3
7163,4,4
7164,2,4
7165,1,3
7166,2,1
7167,1,1
7168,2,2
7169,1,2
7170,2,1
7171,1,1
7172,2,1
7173,1,2
7174,2,1
7175,3,2
7176,2,3
7177,2,2
7178,2,2
7179,1,2
7180,1,1
7181,1,1
7182,1,1
7183,1,1
7184,2,1
7185,3,2
7186,5,2
7187,1,2
7188,2,2
7189,1,3
7190,1,2
7191,2,3
7192,5,2
7193,5,3
7194,5,3
7195,1,4
7196,1,4
7197,2,3
7198,2,3
7199,1,3
7200,4,1
7201,4,2
7202,5,2
7203,1,2
7204,4,4
7205,1,2
7206,1,3
7207,4,2
7208,4,2
7209,1,3
7210,1,2
7211,1,1
7212,1,1
7213,1,1
7214,1,1
7215,1,1
7216,1,1
7217,1,0
7218,1,0
7219,1,0
7220,1,0
7221,1,0
7222,4,0
7223,2,2
7224,1,3
7225,1,1
7226,1,1
7227,1,1
7228,1,1
7229,1,1
7230,2,1
7231,1,1
7232,2,1
7233,1,2
7234,2,0
7235,2,2
7236,1,2
7237,3,1
7238,4,2
7239,3,2
7240,3,2
7241,2,3
7242,3,3
7243,2,3
7244,5,2
7245,1,3
7246,3,3
7247,1,3
7248,4,2
7249,3,3
7250,2,3
7251,6,2
7252,2,4
7253,3,2
7254,6,3
7255,3,4
7256,3,4
7257,6,4
7258,2,5
7259,1,4
7260,6,3
7261,4,3
7262,1,4
7263,8,3
7264,5,4
7265,4,4
7266,5,4
7267,1,4
7268,3,3
7269,3,2
7270,4,2
7271,4,3
7272,4,3
7273,4,3
7274,4,3
7275,4,3
7276,5,3
7277,7,5
7278,4,6
7279,4,5
7280,6,4
7281,9,3
7282,5,6
7283,2,5
7284,3,3
7285,2,2
7286,4,2
7287,4,2
7288,6,3
7289,4,6
7290,3,3
7291,5,3
7292,3,4
7293,2,4
7294,2,4
7295,3,3
7296,1,3
7297,3,2
7298,3,2
7299,4,3
7300,4,3
7301,7,3
7302,8,4
7303,5,6
7304,6,4
7305,5,5
7306,2,5
7307,5,5
7308,2,4
7309,3,4
7310,2,4
7311,5,3
7312,6,3
7313,5,4
7314,4,4
7315,6,3
7316,4,4
7317,5,4
7318,3,4
7319,5,3
7320,3,4
7321,2,3
7322,5,3
7323,5,4
7324,4,3
7325,4,3
7326,3,3
7327,1,3
7328,1,2
7329,1,2
7330,1,1
7331,1,1
7332,2,1
7333,1,2
7334,1,1
7335,1,0
7336,1,0
7337,1,0
7338,1,1
7339,1,1
7340,1,1
7341,9,1
7342,1,16
7343,4,4
7344,3,1
7345,4,1
7346,1,2
7347,2,1
7348,1,1
7349,1,1
7350,1,1
7351,1,1
7352,1,0
7353,1,0
7354,1,0
7355,1,1
7356,4,1
7357,1,2
7358,4,2
7359,2,2
7360,1,2
7361,1,1
7362,1,1
7363,2,0
7364,1,1
7365,1,1
7366,2,1
7367,2,1
7368,1,1
7369,6,1
7370,1,2
7371,2,2
7372,3,1
7373,1,1
7374,4,1
7375,1,2
7376,3,2
7377,1,2
7378,2,2
7379,1,1
7380,2,1
7381,1,2
7382,1,2
7383,1,2
7384,1,1
7385,1,1
7386,1,0
7387,1,1
7388,1,0
7389,8,0
7390,3,8
7391,1,1
7392,1,1
7393,6,0
7394,1,2
7395,3,1
7396,3,1
7397,2,1
7398,2,1
7399,1,1
7400,1,1
7401,1,1
7402,1,0
7403,1,1
7404,1,0
7405,2,0
7406,1,1
7407,3,0
7408,3,2
7409,1,1
7410,6,1
7411,1,2
7412,1,2
7413,1,1
7414,1,1
7415,1,0
7416,2,1
7417,1,1
7418,1,1
7419,2,0
7420,5,1
7421,1,2
7422,1,2
7423,1,2
7424,11,1
7425,8,14
7426,1,4
7427,5,2
7428,2,1
7429,1,1
7430,1,0
7431,1,0
7432,1,0
7433,2,0
7434,2,1
7435,5,1
7436,1,3
7437,1,1
7438,2,1
7439,1,1
7440,1,1
7441,1,1
7442,3,1
7443,5,1
7444,4,2
7445,1,2
7446,1,2
7447,1,1
7448,2,1
7449,1,1
7450,1,1
7451,2,1
7452,1,1
7453,1,0
7454,1,1
7455,1,0
7456,2,0
7457,1,1
7458,1,0
7459,1,0
7460,1,0
7461,1,0
7462,1,1
7463,1,0
7464,1,0
7465,3,0
7466,1,2
7467,2,0
7468,3,1
7469,3,1
7470,2,1
7471,5,1
7472,4,2
7473,4,1
7474,2,2
7475,6,2
7476,4,2
7477,4,2
7478,5,2
7479,3,2
7480,2,2
7481,4,1
7482,5,2
7483,5,2
7484,4,2
7485,5,2
7486,1,2
7487,1,2
7488,7,3
7489,6,2
7490,5,3
7491,10,3
7492,5,5
7493,1,3
7494,7,3
7495,10,4
7496,15,4
7497,7,10
7498,3,5
7499,6,4
7500,6,3
7501,4,4
7502,4,4
7503,3,2
7504,5,2
7505,4,2
7506,2,3
7507,2,2
7508,2,1
7509,6,1
7510,5,4
7511,5,2
7512,8,3
7513,4,4
7514,4,4
7515,6,3
7516,6,5
7517,5,3
7518,6,4
7519,6,5
7520,6,4
7521,4,5
7522,5,6
7523,6,4
7524,9,4
7525,6,6
7526,1,6
7527,1,3
7528,9,4
7529,6,4
7530,4,5
7531,2,4
7532,7,3
7533,6,4
7534,5,4
7535,6,3
7536,7,4
7537,4,5
7538,1,4
7539,1,4
7540,1,4
7541,1,4
7542,7,3
7543,4,2
7544,4,4
7545,1,2
7546,1,4
7547,6,5
7548,6,2
7549,5,3
7550,3,3
7551,3,3
7552,1,2
7553,1,2
7554,1,1
7555,1,1
7556,1,1
7557,5,1
7558,2,5
7559,1,2
7560,2,1
7561,1,1
7562,1,1
7563,2,1
7564,2,1
7565,2,2
7566,1,1
7567,3,1
7568,4,2
7569,1,2
7570,3,2
7571,1,2
7572,2,2
7573,2,1
7574,2,1
7575,4,1
7576,1,3
7577,2,2
7578,2,2
7579,1,1
7580,1,1
7581,1,1
7582,1,1
7583,1,1
7584,2,1
7585,2,2
7586,1,1
7587,2,1
7588,2,1
7589,2,1
7590,2,2
7591,3,2
7592,4,2
7593,5,3
7594,4,4
7595,5,3
7596,4,3
7597,5,3
7598,1,4
7599,1,4
7600,1,3
7601,1,3
7602,1,2
7603,6,2
7604,5,3
7605,1,2
7606,1,2
7607,1,1
7608,2,1
7609,2,2
7610,2,2
7611,2,2
7612,2,1
7613,1,2
7614,1,1
7615,2,2
7616,1,1
7617,3,1
7618,2,2
7619,2,1
7620,2,2
7621,4,2
7622,2,3
7623,4,3
7624,5,3
7625,3,3
7626,4,2
7627,4,3
7628,1,3
7629,1,3
7630,1,3
7631,1,2
7632,1,3
7633,2,3
7634,3,2
7635,4,2
7636,3,2
7637,1,3
7638,6,2
7639,4,4
7640,4,3
7641,1,3
7642,1,2
7643,1,1
7644,1,2
7645,1,1
7646,1,1
7647,1,1
7648,1,0
7649,1,0
7650,1,0
7651,4,0
7652,1,4
7653,1,1
7654,1,1
7655,2,0
7656,3,2
7657,1,2
7658,2,1
7659,1,2
7660,1,1
7661,1,1
7662,66,0
7663,1,15
7664,29,6
7665,9,19
7666,3,8
7667,3,6
7668,3,1
7669,3,1
7670,1,2
7671,1,1
7672,1,0
7673,1,1
7674,6,1
7675,7,3
7676,6,2
7677,2,1
7678,6,3
7679,2,2
7680,5,2
7681,6,2
7682,1,2
7683,1,1
7684,1,3
7685,3,2
7686,6,1
7687,6,1
7688,1,2
7689,1,1
7690,5,1
7691,11,2
7692,1,6
7693,1,2
7694,1,1
7695,1,1
7696,5,1
7697,4,2
7698,1,2
7699,2,1
7700,3,1
7701,1,2
7702,2,1
7703,1,1
7704,1,1
7705,2,1
7706,1,1
7707,2,1
7708,3,1
7709,2,1
7710,2,1
7711,1,1
7712,1,0
7713,2,0
7714,7,1
7715,1,5
7716,1,1
7717,6,0
7718,5,7
7719,4,1
7720,1,1
7721,3,2
7722,3,1
7723,3,1
7724,7,1
7725,3,3
7726,1,2
7727,1,1
7728,4,1
7729,1,2
7730,1,1
7731,6,0
7732,2,2
7733,6,3
7734,5,2
7735,2,2
7736,5,3
7737,3,2
7738,1,2
7739,5,2
7740,2,2
7741,1,2
7742,1,2
7743,5,2
7744,2,1
7745,1,2
7746,5,2
7747,3,1
7748,5,1
7749,2,2
7750,5,2
7751,6,2
7752,4,2
7753,1,3
7754,1,3
7755,1,3
7756,7,2
7757,6,3
7758,2,2
7759,7,4
7760,8,2
7761,5,2
7762,5,2
7763,6,3
7764,5,3
7765,5,4
7766,3,4
7767,4,3
7768,3,3
7769,3,3
7770,2,3
7771,4,1
7772,5,3
7773,4,3
7774,2,3
7775,2,3
7776,1,2
7777,1,3
7778,14,2
7779,8,19
7780,9,4
7781,3,5
7782,5,2
7783,5,2
7784,3,2
7785,5,2
7786,5,2
7787,1,2
7788,1,1
7789,1,3
7790,7,2
7791,2,2
7792,6,1
7793,6,2
7794,2,2
7795,6,3
7796,1,2
7797,5,3
7798,2,1
7799,1,2
7800,1,2
7801,1,1
7802,3,2
7803,1,1
7804,6,3
7805,5,2
7806,4,2
7807,6,2
7808,2,2
7809,3,3
7810,3,2
7811,1,2
7812,1,1
7813,2,1
7814,2,1
7815,4,1
7816,5,2
7817,2,3
7818,2,2
7819,1,1
7820,1,2
7821,1,1
7822,1,1
7823,4,1
7824,1,2
7825,1,3
7826,1,2
7827,7,1
7828,1,3
7829,1,2
7830,1,2
7831,1,1
7832,1,1
7833,1,2
7834,1,1
7835,18,0
7836,3,17
7837,2,2
7838,5,0
7839,4,1
7840,3,1
7841,3,1
7842,4,1
7843,6,1
7844,6,1
7845,4,2
7846,3,1
7847,1,1
7848,1,1
7849,2,2
7850,5,1
7851,2,1
7852,3,2
7853,1,1
7854,1,0
7855,6,1
7856,1,1
7857,1,1
7858,1,1
7859,1,1
7860,1,1
7861,1,1
7862,11,0
7863,6,3
7864,2,3
7865,1,1
7866,1,0
7867,1,2
7868,1,1
7869,1,0
7870,1,0
7871,1,2
7872,3,1
7873,6,1
7874,1,1
7875,3,1
7876,2,1
7877,1,1
7878,1,1
7879,1,0
7880,1,0
7881,1,0
7882,8,0
7883,3,7
7884,1,2
7885,1,0
7886,1,0
7887,1,0
7888,6,0
7889,1,3
7890,6,1
7891,5,2
7892,1,2
7893,2,1
7894,1,1
7895,1,1
7896,3,1
7897,1,1
7898,5,1
7899,1,2
7900,1,1
7901,1,0
7902,1,0
7903,1,1
7904,2,2
7905,6,1
7906,5,2
7907,3,2
7908,1,1
7909,1,1
7910,4,1
7911,4,1
7912,2,2
7913,3,1
7914,6,1
7915,3,1
7916,1,2
7917,8,1
7918,6,3
7919,5,2
7920,1,2
7921,1,2
7922,1,3
7923,1,2
7924,9,3
7925,9,2
7926,2,2
7927,1,3
7928,1,4
7929,1,3
7930,1,1
7931,6,1
7932,1,2
7933,1,3
7934,1,3
7935,1,4
7936,1,3
7937,24,0
7938,1,9
7939,1,1
7940,25,0
7941,1,7
7942,10,1
7943,1,3
7944,1,0
7945,1,0
7946,1,0
7947,1,0
7948,1,0
7949,1,0
7950,1,2
7951,17,0
7952,1,4
7953,1,1
7954,1,1
7955,15,0
7956,1,3
7957,1,0
7958,1,0
7959,1,0
7960,1,0
7961,1,1
7962,1,0
7963,29,0
7964,1,1
7965,1,0
7966,1,0
7967,1,0
7968,1,0
7969,1,0
7970,1,0
7971,1,0
7972,1,0
7973,1,0
7974,2,0
7975,1,0
7976,1,0
7977,1,0
7978,5,0
7979,6,0
7980,1,0
7981,1,0
7982,1,0
7983,1,0
7984,1,1
7985,4,0
7986,3,0
7987,1,0
7988,1,1
7989,1,0
7990,1,1
7991,1,0
7992,1,0
7993,1,0
7994,1,0
7995,3,0
7996,2,0
7997,2,0
7998,7,0
7999,2,1
8000,1,0
8001,3,1
8002,1,0
8003,1,0
8004,1,0
8005,1,0
8006,2,0
8007,1,0
8008,1,0
8009,1,1
8010,1,0
8011,1,1
8012,1,1
8013,1,1
8014,1,1
8015,6,1
8016,3,1
8017,2,1
8018,1,1
8019,1,1
8020,2,1
8021,1,1
8022,1,1
8023,1,1
8024,1,1
8025,1,0
8026,1,1
8027,1,0
8028,1,0
8029,1,1
8030,4,1
8031,3,1
8032,1,1
8033,1,1
8034,1,1
8035,1,1
8036,1,1
8037,1,1
8038,1,1
8039,1,1
8040,12,1
8041,2,6
8042,7,1
8043,5,1
8044,1,1
8045,1,1
8046,1,1
8047,1,2
8048,1,1
8049,1,1
8050,10,1
8051,1,2
8052,1,1
8053,8,2
8054,1,1
8055,9,2
8056,2,2
8057,2,2
8058,1,3
8059,1,2
8060,1,1
8061,1,2
8062,1,2
8063,1,2
8064,1,2
8065,1,2
8066,1,2
8067,1,2
8068,1,2
8069,10,2
8070,1,1
8071,1,2
8072,1,2
8073,1,2
8074,1,2
8075,1,1
8076,1,2
8077,1,2
8078,1,2
8079,1,2
8080,23,0
8081,1,6
8082,6,2
8083,1,3
8084,1,1
8085,3,1
8086,4,0
8087,1,0
8088,1,0
8089,1,0
8090,1,0
8091,1,0
8092,86,0
8093,9,5
8094,1,4
8095,1,2
8096,1,0
8097,1,0
8098,1,0
8099,1,0
8100,1,0
8101,1,3
8102,1,0
8103,1,0
8104,1,0
8105,1,0
8106,1,0
8107,1,0
8108,1,0
8109,1,0
8110,1,0
8111,2,2
8112,1,0
8113,2,0
8114,1,0
8115,2,0
8116,2,1
8117,1,0
8118,1,1
8119,1,1
8120,7,0
8121,1,2
8122,1,1
8123,5,0
8124,1,1
8125,8,1
8126,1,3
8127,1,2
8128,1,1
8129,2,0
8130,1,2
8131,1,2
8132,11,2
8133,10,3
8134,1,3
8135,1,1
8136,1,2
8137,8,1
8138,1,2
8139,1,2
8140,1,2
8141,1,3
8142,1,2
8143,1,0
8144,1,0
8145,8,0
8146,1,4
8147,1,4
8148,1,3
8149,1,2
8150,13,0
8151,1,5
8152,26,1
8153,1,8
8154,17,0
8155,1,5
8156,1,0
8157,7,1
8158,1,1
8159,1,1
8160,8,1
8161,1,1
8162,1,1
8163,1,1
8164,1,0
8165,1,0
8166,1,0
8167,1,0
8168,3,0
8169,2,0
8170,1,0
8171,1,1
8172,3,1
8173,1,0
8174,1,1
8175,10,1
8176,4,1
8177,1,1
8178,2,1
8179,2,0
8180,3,0
8181,1,1
8182,3,1
8183,1,1
8184,2,0
8185,2,1
8186,3,0
8187,2,1
8188,1,0
8189,1,1
8190,1,1
8191,1,1
8192,1,1
8193,1,1
8194,1,0
8195,5,1
8196,2,1
8197,1,1
8198,2,1
8199,2,1
8200,1,1
8201,1,1
8202,1,1
8203,1,1
8204,1,0
8205,1,0
8206,1,1
8207,1,0
8208,1,0
8209,1,0
8210,1,1
8211,2,1
8212,5,0
8213,1,1
8214,3,1
8215,1,1
8216,1,1
8217,1,1
8218,1,0
8219,1,1
8220,2,1
8221,1,1
8222,1,1
8223,1,1
8224,6,1
8225,1,1
8226,1,1
8227,1,2
8228,7,2
8229,5,1
8230,2,2
8231,1,2
8232,1,2
8233,5,2
8234,8,2
8235,8,2
8236,8,3
8237,8,2
8238,6,3
8239,9,3
8240,1,4
8241,1,4
8242,1,3
8243,5,2
8244,1,2
8245,1,2
8246,1,2
8247,1,2
8248,1,2
8249,1,2
8250,1,2
8251,1,3
8252,11,3
8253,6,4
8254,7,2
8255,2,4
8256,1,4
8257,1,4
8258,1,3
8259,1,3
8260,12,2
8261,6,7
8262,9,2
8263,1,3
8264,8,4
8265,1,4
8266,8,3
8267,6,4
8268,7,2
8269,1,2
8270,1,2
8271,6,3
8272,4,2
8273,1,2
8274,5,2
8275,1,2
8276,5,2
8277,4,2
8278,1,2
8279,1,2
8280,1,2
8281,1,3
8282,1,2
8283,1,3
8284,1,2
8285,1,1
8286,1,1
8287,1,1
8288,1,1
8289,2,1
8290,2,1
8291,2,1
8292,2,1
8293,2,1
8294,2,1
8295,1,1
8296,4,1
8297,3,3
8298,1,1
8299,1,2
8300,1,1
8301,1,1
8302,1,1
8303,1,1
8304,1,1
8305,1,1
8306,2,1
8307,1,2
8308,1,1
8309,1,2
8310,1,2
8311,1,2
8312,1,2
8313,1,2
8314,1,2
8315,5,2
8316,6,2
8317,1,2
8318,1,3
8319,1,2
8320,1,2
8321,1,1
8322,1,1
8323,1,0
8324,1,1
8325,3,1
8326,1,2
8327,1,1
8328,1,0
8329,1,0
8330,1,1
8331,1,1
8332,1,2
8333,1,2
8334,1,2
8335,4,2
8336,5,1
8337,2,2
8338,1,2
8339,1,2
8340,8,2
8341,9,3
8342,6,3
8343,1,3
8344,1,2
8345,7,3
8346,4,2
8347,5,3
8348,1,2
8349,1,3
8350,1,1
8351,25,0
8352,1,20
8353,1,0
8354,23,0
8355,1,4
8356,1,0
8357,36,0
8358,3,2
8359,1,1
8360,1,0
8361,1,0
8362,1,1
8363,1,0
8364,1,0
8365,27,0
8366,1,4
8367,47,0
8368,1,2
8369,1,0
8370,1,0
8371,1,0
8372,13,0
8373,4,3
8374,1,2
8375,1,0
8376,5,1
8377,1,1
8378,1,0
8379,1,0
8380,1,0
8381,1,0
8382,1,0
8383,7,0
8384,1,2
8385,6,0
8386,1,1
8387,1,0
8388,1,0
8389,1,0
8390,1,0
8391,1,0
8392,1,0
8393,1,0
8394,1,0
8395,1,0
8396,1,0
8397,1,2
8398,1,0
8399,1,0
8400,4,0
8401,1,1
8402,1,1
8403,1,0
8404,1,0
8405,1,0
8406,1,0
8407,1,0
8408,1,1
8409,7,1
8410,1,1
8411,1,1
8412,1,1
8413,1,1
8414,1,1
8415,1,1
8416,1,1
8417,8,1
8418,1,1
8419,1,1
8420,1,2
8421,10,1
8422,1,1
8423,1,2
8424,20,1
8425,1,7
8426,6,1
8427,1,1
8428,4,1
8429,1,1
8430,9,2
8431,2,2
8432,1,2
8433,1,1
8434,1,2
8435,1,2
8436,1,1
8437,1,1
8438,1,1
8439,1,1
8440,1,1
8441,8,1
8442,1,2
8443,1,1
8444,1,2
8445,1,1
8446,6,1
8447,1,1
8448,1,1
8449,1,1
8450,1,1
8451,1,1
8452,1,1
8453,1,2
8454,4,1
8455,1,1
8456,1,1
8457,1,0
8458,1,0
8459,1,0
8460,3,1
8461,1,1
8462,4,0
8463,2,1
8464,4,1
8465,1,1
8466,1,1
8467,1,1
8468,1,0
8469,1,0
8470,1,0
8471,5,0
8472,1,2
8473,7,1
8474,5,2
8475,1,1
8476,5,1
8477,6,1
8478,1,1
8479,1,1
8480,1,2
8481,1,1
8482,1,1
8483,3,1
8484,1,1
8485,1,1
8486,1,1
8487,1,1
8488,1,1
8489,3,1
8490,1,1
8491,1,1
8492,3,1
8493,1,1
8494,1,1
8495,1,0
8496,1,0
8497,1,0
8498,1,0
8499,1,0
8500,1,1
8501,1,0
8502,1,0
8503,1,0
8504,1,1
8505,1,1
8506,1,1
8507,1,1
8508,1,1
8509,1,1
8510,1,1
8511,1,1
8512,1,1
8513,3,0
8514,1,1
8515,1,1
8516,1,1
8517,7,1
8518,1,2
8519,1,1
8520,1,2
8521,1,1
8522,3,2
8523,1,1
8524,1,1
8525,1,1
8526,1,0
8527,1,0
8528,1,0
8529,1,0
8530,1,1
8531,1,1
8532,1,1
8533,1,1
8534,1,2
8535,27,1
8536,30,14
8537,33,26
8538,1,30
8539,1,2
8540,3,0
8541,1,0
8542,1,0
8543,1,1
8544,2,0
8545,1,0
8546,1,1
8547,1,1
8548,1,0
8549,2,1
8550,1,1
8551,1,1
8552,1,1
8553,1,1
8554,1,2
8555,1,1
8556,1,1
8557,2,0
8558,1,0
8559,4,0
8560,2,1
8561,1,1
8562,3,1
8563,1,1
8564,2,1
8565,1,1
8566,4,1
8567,2,1
8568,2,1
8569,3,1
8570,1,1
8571,1,1
8572,1,0
8573,2,0
8574,3,1
8575,6,1
8576,4,1
8577,1,1
8578,11,1
8579,4,9
8580,5,1
8581,1,1
8582,1,1
8583,1,2
8584,1,1
8585,1,1
8586,6,2
8587,2,1
8588,8,1
8589,2,2
8590,1,2
8591,1,1
8592,5,2
8593,9,1
8594,4,2
8595,4,2
8596,1,1
8597,1,3
8598,12,2
8599,14,6
8600,7,10
8601,3,3
8602,2,3
8603,1,2
8604,6,2
8605,8,2
8606,6,4
8607,2,3
8608,6,3
8609,1,2
8610,1,2
8611,4,1
8612,2,2
8613,4,2
8614,4,2
8615,1,2
8616,1,2
8617,10,3
8618,5,3
8619,6,3
8620,3,3
8621,2,3
8622,7,2
8623,6,3
8624,3,3
8625,1,3
8626,6,1
8627,6,3
8628,4,2
8629,3,3
8630,2,3
8631,2,2
8632,1,3
8633,1,1
8634,1,2
8635,1,3
8636,1,3
8637,1,2
8638,1,2
8639,1,4
8640,1,2
8641,4,2
8642,2,1
8643,1,1
8644,1,1
8645,1,1
8646,4,0
8647,1,3
8648,2,2
8649,1,1
8650,2,0
8651,8,1
8652,6,4
8653,2,3
8654,2,2
8655,2,1
8656,1,1
8657,2,1
8658,1,1
8659,2,1
8660,1,1
8661,1,0
8662,2,0
8663,1,1
8664,1,1
8665,1,0
8666,1,0
8667,1,0
8668,1,0
8669,5,0
8670,1,2
8671,3,2
8672,2,1
8673,2,2
8674,4,1
8675,3,2
8676,4,2
8677,7,2
8678,5,3
8679,1,3
8680,1,2
8681,2,1
8682,3,1
8683,5,2
8684,5,1
8685,3,2
8686,2,2
8687,4,3
8688,2,2
8689,1,3
8690,1,2
8691,2,1
8692,4,1
8693,1,2
8694,2,1
8695,2,1
8696,3,1
8697,2,2
8698,3,2
8699,4,1
8700,1,2
8701,2,2
8702,3,1
8703,1,2
8704,1,3
8705,1,2
8706,1,1
8707,2,1
8708,1,1
8709,1,0
8710,1,0
8711,1,0
8712,1,0
8713,1,0
8714,1,1
8715,1,1
8716,2,1
8717,4,1
8718,2,3
8719,1,2
8720,4,2
8721,7,2
8722,6,3
8723,3,3
8724,4,5
8725,1,2
8726,7,1
8727,4,4
8728,4,2
8729,5,3
8730,1,2
8731,2,3
8732,2,2
8733,4,2
8734,1,2
8735,5,2
8736,2,3
8737,1,3
8738,1,2
8739,3,2
8740,1,2
8741,1,2
8742,1,2
8743,1,1
8744,7,2
8745,2,3
8746,2,2
8747,5,2
8748,3,2
8749,3,1
8750,4,2
8751,2,2
8752,2,3
8753,3,2
8754,1,2
8755,2,1
8756,1,1
8757,1,1
8758,3,0
8759,1,3
8760,1,1
8761,1,1
8762,2,1
8763,4,1
8764,2,2
8765,1,1
8766,1,2
8767,3,2
8768,4,2
8769,11,2
8770,1,8
8771,3,2
8772,1,2
8773,1,3
8774,1,1
8775,1,1
8776,1,1
8777,4,1
8778,4,3
8779,5,2
8780,4,2
8781,1,3
8782,4,2
8783,4,2
8784,2,3
8785,2,3
8786,6,2
8787,7,3
8788,2,3
8789,2,5
8790,1,3
8791,1,2
8792,1,1
8793,3,1
8794,1,2
8795,7,1
8796,7,4
8797,2,5
8798,3,3
8799,1,2
8800,1,2
8801,1,1
8802,1,0
8803,1,0
8804,1,0
8805,1,0
8806,1,0
8807,1,0
8808,1,0
8809,1,0
8810,2,0
8811,1,1
8812,3,1
8813,1,2
8814,1,1
8815,1,0
8816,1,1
8817,1,1
8818,2,0
8819,1,1
8820,3,0
8821,1,2
8822,1,1
8823,1,2
8824,1,2
8825,4,2
8826,3,2
8827,1,2
8828,1,3
8829,1,3
8830,6,2
8831,5,2
8832,1,3
8833,3,3
8834,3,2
8835,3,2
8836,3,2
8837,1,2
8838,1,3
8839,1,2
8840,1,3
8841,4,3
8842,5,3
8843,6,2
8844,3,2
8845,1,3
8846,1,4
8847,2,4
8848,4,4
8849,3,1
8850,1,2
8851,5,4
8852,7,2
8853,1,4
8854,1,3
8855,7,3
8856,4,2
8857,7,4
8858,2,3
8859,6,4
8860,1,2
8861,8,3
8862,8,3
8863,8,3
8864,3,4
8865,2,5
8866,2,4
8867,1,3
8868,1,2
8869,5,2
8870,2,2
8871,2,3
8872,4,2
8873,2,2
8874,6,2
8875,1,2
8876,9,2
8877,7,4
8878,3,3
8879,2,4
8880,1,3
8881,5,3
8882,7,4
8883,4,4
8884,3,5
8885,6,5
8886,5,3
8887,5,3
8888,4,4
8889,4,3
8890,3,3
8891,1,3
8892,1,3
8893,1,4
8894,1,4
8895,1,3
8896,2,2
8897,2,1
8898,1,1
8899,1,0
8900,2,1
8901,1,1
8902,1,0
8903,3,1
8904,2,2
8905,2,2
8906,3,1
8907,1,2
8908,1,2
8909,2,2
8910,2,3
8911,6,2
8912,1,3
8913,6,2
8914,3,3
8915,1,2
8916,1,1
8917,1,1
8918,1,1
8919,1,0
8920,2,0
8921,2,1
8922,3,1
8923,1,2
8924,4,1
8925,2,2
8926,6,2
8927,2,3
8928,6,3
8929,5,3
8930,2,4
8931,1,4
8932,1,3
8933,3,2
8934,1,2
8935,2,2
8936,1,1
8937,1,1
8938,3,1
8939,2,2
8940,5,2
8941,5,2
8942,1,3
8943,2,3
8944,1,2
8945,1,2
8946,1,2
8947,1,2
8948,1,2
8949,2,2
8950,3,1
8951,5,2
8952,4,2
8953,6,3
8954,3,3
8955,1,2
8956,5,1
8957,5,3
8958,3,2
8959,6,3
8960,1,3
8961,1,3
8962,1,2
8963,1,3
8964,1,3
8965,3,1
8966,2,2
8967,3,2
8968,4,2
8969,3,3
8970,1,2
8971,10,4
8972,4,4
8973,4,4
8974,3,4
8975,1,4
8976,1,3
8977,4,5
8978,3,3
8979,9,3
8980,4,5
8981,3,4
8982,8,5
8983,5,5
8984,9,5
8985,5,5
8986,10,5
8987,4,7
8988,2,6
8989,2,5
8990,6,4
8991,4,5
8992,4,4
8993,7,4
8994,4,5
8995,2,5
8996,4,4
8997,2,3
8998,1,4
8999,5,2
9000,1,3
9001,1,2
9002,1,1
9003,1,1
9004,6,1
9005,4,2
9006,1,3
9007,7,3
9008,8,4
9009,3,4
9010,7,5
9011,4,3
9012,5,5
9013,7,4
9014,3,3
9015,7,6
9016,3,3
9017,6,6
9018,8,3
9019,5,5
9020,3,5
9021,6,4
9022,1,5
9023,1,4
9024,1,4
9025,7,4
9026,1,3
9027,1,4
9028,2,5
9029,1,4
9030,4,3
9031,4,3
9032,1,3
9033,7,3
9034,2,3
9035,1,4
9036,1,3
9037,4,4
9038,6,2
9039,4,2
9040,1,3
9041,5,2
9042,3,2
9043,1,2
9044,5,2
9045,4,2
9046,3,2
9047,2,2
9048,5,3
9049,1,2
9050,4,3
9051,2,2
9052,4,3
9053,1,2
9054,3,3
9055,2,2
9056,1,2
9057,1,1
9058,3,1
9059,2,3
9060,1,1
9061,2,1
9062,1,1
9063,1,0
9064,1,0
9065,3,0
9066,2,3
9067,2,1
9068,2,1
9069,5,2
9070,3,2
9071,6,3
9072,3,4
9073,1,3
9074,1,3
9075,1,2
9076,1,1
9077,1,1
9078,1,1
9079,1,2
9080,1,2
9081,2,1
9082,3,1
9083,1,2
9084,3,2
9085,2,2
9086,1,1
9087,1,1
9088,6,2
9089,2,3
9090,5,2
9091,8,3
9092,1,3
9093,7,3
9094,5,3
9095,1,4
9096,6,2
9097,3,3
9098,5,4
9099,2,2
9100,3,4
9101,4,3
9102,3,4
9103,1,4
9104,5,3
9105,1,4
9106,7,3
9107,1,6
9108,6,3
9109,2,2
9110,1,4
9111,4,4
9112,1,1
9113,1,2
9114,1,1
9115,1,1
9116,1,0
9117,1,0
9118,1,0
9119,1,0
9120,1,1
9121,1,0
9122,1,1
9123,1,0
9124,1,0
9125,1,0
9126,1,0
9127,2,0
9128,1,1
9129,1,2
9130,1,2
9131,1,1
9132,4,0
9133,1,3
9134,6,3
9135,1,3
9136,1,3
9137,11,0
9138,3,13
9139,2,2
9140,2,2
9141,6,1
9142,5,2
9143,6,2
9144,4,2
9145,3,3
9146,6,3
9147,3,3
9148,6,2
9149,1,2
9150,9,4
9151,2,3
9152,8,4
9153,1,3
9154,6,4
9155,7,2
9156,3,2
9157,10,2
9158,8,8
9159,10,3
9160,9,6
9161,1,5
9162,2,3
9163,3,5
9164,1,3
9165,9,4
9166,3,5
9167,4,5
9168,5,4
9169,1,2
9170,5,2
9171,1,3
9172,4,4
9173,1,2
9174,2,2
9175,2,3
9176,1,2
9177,1,3
9178,3,1
9179,1,2
9180,1,1
9181,1,1
9182,2,0
9183,3,1
9184,2,2
9185,5,1
9186,2,2
9187,8,3
9188,2,5
9189,9,4
9190,1,5
9191,7,5
9192,6,4
9193,1,2
9194,1,4
9195,1,5
9196,7,4
9197,8,2
9198,7,5
9199,1,3
9200,1,5
9201,1,5
9202,3,4
9203,1,2
9204,5,1
9205,2,2
9206,5,2
9207,4,3
9208,1,3
9209,1,3
9210,1,1
9211,5,1
9212,2,3
9213,2,2
9214,2,2
9215,2,1
9216,1,1
9217,1,1
9218,1,1
9219,1,0
9220,1,0
9221,1,0
9222,1,1
9223,2,1
9224,1,1
9225,1,1
9226,1,0
9227,1,0
9228,1,0
9229,2,0
9230,3,1
9231,2,2
9232,1,2
9233,1,1
9234,2,0
9235,1,2
9236,3,0
9237,2,3
9238,2,1
9239,1,1
9240,2,1
9241,1,1
9242,1,1
9243,1,1
9244,1,1
9245,2,2
9246,1,1
9247,1,0
9248,1,0
9249,1,0
9250,1,0
9251,1,0
9252,1,0
9253,1,0
9254,1,0
9255,1,0
9256,1,0
9257,1,0
9258,2,0
9259,2,1
9260,3,1
9261,1,3
9262,2,0
9263,4,2
9264,3,2
9265,3,2
9266,1,2
9267,1,1
9268,1,1
9269,3,3
9270,1,3
9271,1,3
9272,1,3
9273,4,2
9274,1,2
9275,1,2
9276,1,1
9277,1,1
9278,1,1
9279,1,1
9280,2,1
9281,2,2
9282,1,2
9283,2,1
9284,3,1
9285,1,3
9286,1,1
9287,1,2
9288,1,1
9289,1,2
9290,1,1
9291,1,1
9292,1,0
9293,1,1
9294,2,0
9295,2,2
9296,2,1
9297,1,2
9298,1,1
9299,1,3
9300,3,3
9301,4,2
9302,1,2
9303,2,1
9304,1,0
9305,1,2
9306,1,1
9307,1,1
9308,1,1
9309,2,1
9310,2,1
9311,2,1
9312,1,1
9313,1,1
9314,1,0
9315,1,1
9316,1,1
9317,1,0
9318,1,1
9319,10,2
9320,4,8
9321,2,3
9322,1,2
9323,1,1
9324,1,1
9325,4,3
9326,1,3
9327,1,2
9328,4,2
9329,5,2
9330,3,3
9331,1,2
9332,1,2
9333,1,1
9334,1,1
9335,3,2
9336,1,2
9337,2,1
9338,1,1
9339,1,1
9340,1,1
9341,2,0
9342,2,2
9343,3,1
9344,1,1
9345,1,1
9346,2,1
9347,5,3
9348,3,3
9349,2,3
9350,6,2
9351,7,3
9352,2,4
9353,1,5
9354,5,2
9355,8,3
9356,3,5
9357,7,4
9358,3,4
9359,7,5
9360,9,5
9361,5,5
9362,1,4
9363,1,3
9364,6,2
9365,7,4
9366,6,3
9367,4,5
9368,6,3
9369,8,4
9370,9,3
9371,6,5
9372,7,5
9373,5,5
9374,6,4
9375,8,5
9376,1,4
9377,9,5
9378,2,6
9379,3,6
9380,6,5
9381,3,4
9382,3,3
9383,2,1
9384,1,2
9385,3,3
9386,5,2
9387,3,3
9388,1,3
9389,4,2
9390,1,2
9391,8,3
9392,9,5
9393,5,6
9394,7,5
9395,1,6
9396,4,4
9397,6,3
9398,4,5
9399,3,5
9400,6,3
9401,3,3
9402,7,5
9403,10,3
9404,8,7
9405,6,7
9406,6,5
9407,5,6
9408,3,6
9409,6,4
9410,6,6
9411,2,5
9412,6,5
9413,2,3
9414,5,5
9415,4,2
9416,4,2
9417,5,3
9418,2,4
9419,2,3
9420,7,4
9421,2,3
9422,1,3
9423,5,5
9424,1,2
9425,1,4
9426,1,3
9427,2,4
9428,1,2
9429,3,2
9430,1,2
9431,4,1
9432,1,3
9433,1,1
9434,1,1
9435,1,1
9436,1,1
9437,1,1
9438,1,0
9439,1,1
9440,1,1
9441,1,1
9442,1,0
9443,1,0
9444,2,0
9445,1,2
9446,2,1
9447,1,2
9448,1,1
9449,1,0
9450,1,0
9451,1,0
9452,8,1
9453,5,13
9454,3,2
9455,1,1
9456,1,1
9457,1,1
9458,1,1
9459,2,0
9460,1,2
9461,4,1
9462,3,3
9463,2,2
9464,4,2
9465,4,2
9466,3,2
9467,1,2
9468,5,2
9469,2,3
9470,1,3
9471,7,2
9472,7,3
9473,6,4
9474,3,4
9475,3,3
9476,4,3
9477,5,3
9478,3,4
9479,6,4
9480,6,3
9481,3,3
9482,4,4
9483,4,3
9484,4,3
9485,6,3
9486,2,3
9487,1,3
9488,6,5
9489,5,2
9490,2,2
9491,1,3
9492,1,2
9493,1,1
9494,1,1
9495,2,1
9496,1,2
9497,1,0
9498,1,0
9499,1,0
9500,1,0
9501,1,0
9502,1,1
9503,1,1
9504,6,0
9505,5,7
9506,2,2
9507,5,2
9508,3,3
9509,1,2
9510,1,4
9511,3,3
9512,1,2
9513,1,4
9514,1,4
9515,6,3
9516,4,1
9517,1,3
9518,1,4
9519,1,4
9520,1,4
9521,1,3
9522,1,3
9523,1,3
9524,1,3
9525,6,3
9526,4,2
9527,1,3
9528,1,3
9529,1,4
9530,1,3
9531,1,3
9532,48,1
9533,43,18
9534,1,28
9535,1,2
9536,1,1
9537,1,1
9538,1,1
9539,1,0
9540,2,0
9541,1,1
9542,1,0
9543,1,0
9544,5,0
9545,1,2
9546,1,1
9547,10,1
9548,4,4
9549,1,2
9550,1,2
9551,1,2
9552,1,2
9553,9,1
9554,1,1
9555,1,2
9556,10,2
9557,1,2
9558,13,2
9559,1,6
9560,12,2
9561,1,3
9562,1,2
9563,1,3
9564,1,2
9565,1,2
9566,8,2
9567,3,1
9568,1,3
9569,1,2
9570,1,3
9571,1,2
9572,1,2
9573,1,0
9574,1,0
9575,1,0
9576,1,0
9577,1,0
9578,1,0
9579,1,0
9580,1,0
9581,1,0
9582,1,0
9583,1,1
9584,1,1
9585,2,0
9586,1,1
9587,1,1
9588,2,1
9589,5,1
9590,1,2
9591,1,1
9592,1,1
9593,1,1
9594,4,1
9595,5,1
9596,4,2
9597,1,1
9598,1,2
9599,7,2
9600,1,2
9601,1,2
9602,1,3
9603,1,3
9604,1,3
9605,1,3
9606,1,2
9607,1,2
9608,1,2
9609,1,2
9610,1,2
9611,1,2
9612,1,1
9613,1,0
9614,2,0
9615,2,1
9616,1,1
9617,1,0
9618,1,0
9619,1,1
9620,2,0
9621,1,1
9622,1,0
9623,1,0
9624,1,2
9625,1,1
9626,1,1
9627,1,0
9628,1,0
9629,1,1
9630,1,0
9631,1,1
9632,1,1
9633,15,0
9634,3,10
9635,5,1
9636,4,1
9637,6,1
9638,3,1
9639,1,1
9640,1,2
9641,1,2
9642,7,1
9643,1,1
9644,1,1
9645,7,2
9646,1,1
9647,1,2
9648,1,2
9649,1,2
9650,1,2
9651,1,1
9652,1,1
9653,1,1
9654,1,1
9655,1,1
9656,1,1
9657,1,1
9658,1,1
9659,1,1
9660,1,1
9661,1,0
9662,1,0
9663,1,2
9664,1,1
9665,1,1
9666,1,1
9667,1,0
9668,2,1
9669,3,0
9670,1,1
9671,1,1
9672,1,1
9673,4,1
9674,3,1
9675,4,1
9676,1,1
9677,7,1
9678,1,1
9679,1,1
9680,8,1
9681,4,2
9682,2,1
9683,6,1
9684,4,1
9685,1,1
9686,1,2
9687,2,2
9688,7,2
9689,1,1
9690,1,2
9691,1,2
9692,1,1
9693,6,2
9694,1,2
9695,1,1
9696,1,2
9697,1,2
9698,1,1
9699,1,2
9700,1,1
9701,1,1
9702,1,1
9703,1,0
9704,1,0
9705,2,1
9706,2,1
9707,1,1
9708,1,0
9709,1,0
9710,3,1
9711,1,1
9712,1,1
9713,1,1
9714,1,1
9715,1,1
9716,1,1
9717,1,1
9718,1,0
9719,1,1
9720,1,1
9721,1,0
9722,5,2
9723,1,1
9724,3,2
9725,2,1
9726,1,1
9727,1,1
9728,5,2
9729,1,1
9730,1,1
9731,1,2
9732,1,2
9733,2,1
9734,5,1
9735,1,2
9736,1,1
9737,1,1
9738,3,2
9739,1,1
9740,1,2
9741,3,1
9742,4,1
9743,1,1
9744,1,1
9745,1,1
9746,1,1
9747,2,1
9748,1,1
9749,1,1
9750,1,0
9751,1,0
9752,1,0
9753,1,0
9754,1,0
9755,1,0
9756,1,1
9757,1,1
9758,1,0
9759,1,0
9760,2,1
9761,2,1
9762,2,1
9763,1,1
9764,1,1
9765,1,1
9766,1,1
9767,1,1
9768,1,1
9769,4,1
9770,4,2
9771,1,2
9772,6,2
9773,1,2
9774,1,2
9775,7,2
9776,1,2
9777,1,3
9778,1,2
9779,1,2
9780,1,2
9781,4,2
9782,3,1
9783,1,1
9784,1,2
9785,1,2
9786,7,3
9787,1,2
9788,16,3
9789,3,16
9790,6,1
9791,8,1
9792,4,1
9793,7,1
9794,1,2
9795,1,1
9796,1,1
9797,1,2
9798,1,2
9799,7,1
9800,1,1
9801,1,2
9802,1,1
9803,9,2
9804,1,2
9805,1,1
9806,6,2
9807,6,1
9808,1,1
9809,1,2
9810,1,1
9811,1,0
9812,1,1
9813,1,2
9814,7,2
9815,10,2
9816,6,3
9817,1,2
9818,7,2
9819,5,2
9820,1,2
9821,1,2
9822,1,2
9823,1,2
9824,7,2
9825,1,3
9826,1,3
9827,1,3
9828,1,2
9829,1,2
9830,1,2
9831,1,2
9832,2,2
9833,1,1
9834,4,1
9835,4,1
9836,1,1
9837,1,1
9838,1,2
9839,1,1
9840,1,1
9841,3,1
9842,1,1
9843,5,2
9844,3,1
9845,4,1
9846,1,1
9847,1,2
9848,1,1
9849,1,1
9850,1,1
9851,4,2
9852,1,1
9853,1,1
9854,1,1
9855,5,1
9856,4,2
9857,3,1
9858,1,2
9859,1,1
9860,1,1
9861,1,1
9862,1,1
9863,1,1
9864,1,1
9865,9,1
9866,1,5
9867,1,2
9868,1,1
9869,1,1
9870,1,1
9871,1,1
9872,1,1
9873,2,0
9874,1,1
9875,1,1
9876,1,0
9877,1,1
9878,1,1
9879,3,1
9880,3,1
9881,1,1
9882,3,1
9883,1,1
9884,2,2
9885,8,1
9886,1,2
9887,4,2
9888,1,1
9889,1,3
9890,1,2
9891,1,1
9892,1,1
9893,1,2
9894,1,2
9895,2,1
9896,1,1
9897,2,2
9898,1,1
9899,1,1
9900,1,0
9901,1,1
9902,1,1
9903,1,1
9904,1,0
9905,1,0
9906,1,0
9907,1,0
9908,1,1
9909,1,1
9910,4,1
9911,2,1
9912,1,2
9913,2,2
9914,1,1
9915,1,1
9916,2,1
9917,3,1
9918,3,2
9919,1,1
9920,5,1
9921,1,2
9922,1,2
9923,1,2
9924,1,2
9925,1,2
9926,1,2
9927,1,3
9928,1,3
9929,4,3
9930,3,2
9931,1,2
9932,1,3
9933,1,2
9934,1,2
9935,1,2
9936,1,2
9937,1,3
9938,1,3
9939,7,3
9940,1,1
9941,1,2
9942,1,2
9943,1,2
9944,5,2
9945,1,1
9946,1,1
9947,3,2
9948,1,1
9949,1,1
9950,1,1
9951,1,1
9952,1,2
9953,1,1
9954,2,0
9955,1,1
9956,1,1
9957,1,2
9958,1,1
9959,1,0
9960,1,3
9961,1,2
9962,1,1
9963,1,2
9964,1,2
9965,1,2
9966,1,2
9967,1,2
9968,1,2
9969,1,2
9970,1,2
9971,1,2
9972,7,2
9973,1,1
9974,1,2
9975,1,2
9976,1,2
9977,11,2
9978,1,4
9979,1,2
9980,1,2
9981,1,2
9982,3,1
9983,1,1
9984,7,1
9985,1,3
9986,1,2
9987,5,1
9988,1,1
9989,1,1
9990,1,2
9991,1,1
9992,2,1
9993,1,1
9994,1,2
9995,1,1
9996,1,1
9997,3,1
9998,1,1
9999,1,1
10000,2,1
10001,2,1
10002,1,1
10003,1,1
10004,1,0
10005,1,2
10006,1,1
10007,1,2
10008,1,1
10009,1,1
10010,1,1
10011,5,2
10012,1,1
10013,1,3
10014,4,2
10015,1,1
10016,1,1
10017,2,2
10018,1,1
10019,1,1
10020,1,1
10021,1,1
10022,1,2
10023,1,2
10024,1,1
10025,1,1
10026,2,0
10027,1,1
10028,1,0
10029,1,0
10030,1,0
10031,1,0
10032,1,0
10033,1,0
10034,1,1
10035,1,1
10036,1,1
10037,1,1
10038,1,1
10039,1,1
10040,2,2
10041,1,1
10042,1,1
10043,1,2
10044,1,2
10045,1,2
10046,1,2
10047,4,2
10048,1,1
10049,7,2
10050,1,1
10051,1,2
10052,5,2
10053,1,2
10054,8,3
10055,1,3
10056,1,2
10057,2,3
10058,1,2
10059,1,2
10060,8,2
10061,1,2
10062,1,2
10063,1,1
10064,8,3
10065,1,2
10066,1,1
10067,7,3
10068,1,2
10069,6,2
10070,1,2
10071,2,2
10072,1,1
10073,7,1
10074,1,2
10075,1,2
10076,1,1
10077,3,3
10078,1,1
10079,3,2
10080,1,1
10081,1,2
10082,1,1
10083,3,2
10084,1,1
10085,1,1
10086,1,0
10087,1,0
10088,1,0
10089,1,0
10090,1,0
10091,1,0
10092,1,1
10093,1,1
10094,1,0
10095,1,0
10096,1,1
10097,2,1
10098,1,1
10099,1,1
10100,1,0
10101,1,1
10102,1,1
10103,1,0
10104,6,1
10105,1,6
10106,1,1
10107,1,0
10108,1,1
10109,1,0
10110,3,0
10111,1,2
10112,1,1
10113,1,2
10114,1,1
10115,6,1
10116,1,2
10117,1,1
10118,1,1
10119,1,1
10120,1,0
10121,1,0
10122,1,1
10123,1,0
10124,1,0
10125,1,2
10126,1,2
10127,1,2
10128,1,2
10129,1,2
10130,1,2
10131,1,1
10132,2,0
10133,2,1
10134,1,1
10135,1,0
10136,1,0
10137,1,0
10138,12,3
10139,1,6
10140,1,2
10141,1,3
10142,5,3
10143,2,2
10144,4,2
10145,1,2
10146,4,2
10147,1,1
10148,1,2
10149,6,2
10150,1,1
10151,5,2
10152,1,1
10153,1,2
10154,7,2
10155,1,2
10156,6,2
10157,1,2
10158,1,2
10159,7,3
10160,6,2
10161,1,4
10162,1,3
10163,1,2
10164,7,2
10165,4,2
10166,4,3
10167,2,2
10168,4,3
10169,1,2
10170,8,2
10171,8,3
10172,1,3
10173,1,2
10174,1,3
10175,1,3
10176,1,3
10177,1,4
10178,2,3
10179,1,2
10180,1,2
10181,2,2
10182,1,1
10183,7,1
10184,1,6
10185,1,2
10186,8,2
10187,4,2
10188,6,4
10189,7,3
10190,2,3
10191,1,3
10192,1,3
10193,8,3
10194,1,3
10195,5,3
10196,1,2
10197,5,3
10198,1,2
10199,6,3
10200,5,2
10201,1,2
10202,1,4
10203,6,2
10204,1,2
10205,1,3
10206,6,2
10207,1,2
10208,1,2
10209,1,3
10210,1,3
10211,5,3
10212,3,1
10213,2,2
10214,1,2
10215,1,1
10216,1,2
10217,2,2
10218,1,1
10219,2,1
10220,3,1
10221,1,1
10222,1,1
10223,3,0
10224,1,3
10225,1,1
10226,2,1
10227,1,1
10228,1,1
10229,1,1
10230,1,1
10231,1,1
10232,1,0
10233,1,0
10234,1,0
10235,1,0
10236,1,0
10237,1,0
10238,11,1
10239,1,8
10240,1,2
10241,5,2
10242,5,1
10243,1,2
10244,4,3
10245,1,2
10246,1,3
10247,1,2
10248,1,2
10249,1,1
10250,1,2
10251,1,2
10252,1,2
10253,5,2
10254,1,2
10255,3,2
10256,4,2
10257,2,2
10258,1,2
10259,1,2
10260,1,1
10261,1,1
10262,1,1
10263,1,0
10264,1,0
10265,1,0
10266,1,0
10267,1,1
10268,1,0
10269,1,0
10270,1,1
10271,1,0
10272,1,0
10273,2,1
10274,2,1
10275,3,1
10276,1,1
10277,1,1
10278,1,1
10279,3,2
10280,1,1
10281,1,1
10282,1,2
10283,1,2
10284,2,2
10285,3,1
10286,1,1
10287,1,1
10288,1,2
10289,1,2
10290,1,2
10291,4,2
10292,2,1
10293,6,2
10294,1,1
10295,1,2
10296,4,2
10297,4,1
10298,1,2
10299,6,2
10300,5,2
10301,5,2
10302,3,2
10303,5,3
10304,3,2
10305,3,2
10306,3,2
10307,1,2
10308,1,1
10309,2,1
10310,5,1
10311,3,2
10312,3,2
10313,4,2
10314,1,2
10315,1,3
10316,4,1
10317,1,2
10318,2,1
10319,1,1
10320,1,1
10321,1,1
10322,1,1
10323,1,2
10324,1,2
10325,2,1
10326,1,1
10327,1,1
10328,1,2
10329,1,1
10330,1,1
10331,2,0
10332,2,2
10333,1,1
10334,1,1
10335,1,0
10336,1,1
10337,4,2
10338,5,2
10339,4,3
10340,2,2
10341,1,2
10342,2,1
10343,2,1
10344,3,1
10345,4,3
10346,3,2
10347,2,2
10348,3,2
10349,4,2
10350,4,3
10351,5,2
10352,3,3
10353,2,2
10354,1,2
10355,3,1
10356,2,2
10357,1,2
10358,4,1
10359,4,2
10360,1,2
10361,1,1
10362,3,2
10363,4,1
10364,1,3
10365,2,2
10366,4,2
10367,2,2
10368,2,2
10369,8,3
10370,4,3
10371,3,4
10372,1,2
10373,3,1
10374,3,1
10375,2,2
10376,3,1
10377,1,2
10378,2,1
10379,1,2
10380,1,1
10381,1,1
10382,1,1
10383,5,2
10384,3,2
10385,3,2
10386,3,3
10387,2,3
10388,3,1
10389,6,2
10390,1,2
10391,4,3
10392,6,3
10393,4,4
10394,8,4
10395,7,4
10396,4,6
10397,7,5
10398,4,5
10399,4,5
10400,5,5
10401,1,4
10402,1,3
10403,1,4
10404,1,3
10405,6,4
10406,5,3
10407,5,4
10408,4,3
10409,3,4
10410,2,3
10411,3,2
10412,2,2
10413,2,2
10414,1,2
10415,1,1
10416,2,1
10417,1,2
10418,1,0
10419,2,1
10420,1,1
10421,1,0
10422,1,0
10423,2,0
10424,2,1
10425,5,1
10426,1,3
10427,2,2
10428,2,1
10429,3,1
10430,2,2
10431,1,1
10432,6,2
10433,1,3
10434,2,2
10435,2,1
10436,1,1
10437,1,1
10438,2,1
10439,4,2
10440,5,2
10441,2,3
10442,5,2
10443,4,3
10444,1,4
10445,6,3
10446,6,3
10447,6,3
10448,4,3
10449,3,4
10450,7,3
10451,1,5
10452,4,4
10453,4,3
10454,1,3
10455,1,3
10456,5,4
10457,2,2
10458,4,3
10459,3,3
10460,3,3
10461,2,3
10462,3,4
10463,3,2
10464,3,2
10465,2,2
10466,2,2
10467,2,2
10468,3,2
10469,4,2
10470,1,3
10471,1,2
10472,2,1
10473,2,1
10474,2,2
10475,1,1
10476,1,1
10477,1,1
10478,1,1
10479,1,1
10480,1,1
10481,3,1
10482,6,4
10483,1,3
10484,4,1
10485,5,2
10486,5,4
10487,8,4
10488,12,6
10489,1,8
10490,5,3
10491,5,4
10492,1,5
10493,1,3
10494,3,2
10495,3,1
10496,5,2
10497,3,4
10498,2,2
10499,2,2
10500,2,2
10501,4,1
10502,2,3
10503,1,2
10504,3,2
10505,1,2
10506,6,2
10507,1,3
10508,7,3
10509,6,3
10510,3,4
10511,2,4
10512,3,3
10513,4,3
10514,5,2
10515,1,3
10516,4,3
10517,4,3
10518,1,2
10519,1,2
10520,2,2
10521,2,2
10522,1,2
10523,1,2
10524,1,1
10525,2,0
10526,1,1
10527,3,1
10528,1,2
10529,3,1
10530,3,2
10531,2,2
10532,1,2
10533,4,1
10534,1,3
10535,3,3
10536,1,2
10537,1,2
10538,1,2
10539,1,2
10540,3,1
10541,1,2
10542,1,1
10543,2,2
10544,1,1
10545,2,0
10546,1,2
10547,2,1
10548,1,1
10549,2,1
10550,4,1
10551,1,3
10552,6,2
10553,1,3
10554,10,2
10555,3,4
10556,6,4
10557,5,3
10558,5,4
10559,4,4
10560,1,4
10561,7,3
10562,1,4
10563,1,5
10564,4,4
10565,1,3
10566,7,4
10567,5,3
10568,2,3
10569,3,4
10570,1,3
10571,5,3
10572,2,2
10573,3,4
10574,1,2
10575,4,3
10576,1,3
10577,2,3
10578,17,1
10579,24,20
10580,24,26
10581,24,24
10582,12,24
10583,1,1
10584,5,1
10585,6,1
10586,6,3
10587,3,3
10588,1,2
10589,3,1
10590,1,1
10591,1,1
10592,1,0
10593,1,2
10594,1,1
10595,6,0
10596,1,7
10597,2,1
10598,1,1
10599,1,1
10600,2,1
10601,2,2
10602,3,1
10603,1,2
10604,3,1
10605,1,2
10606,1,1
10607,1,1
10608,3,1
10609,4,1
10610,5,2
10611,1,3
10612,1,2
10613,2,1
10614,1,1
10615,3,1
10616,1,1
10617,1,1
10618,2,1
10619,1,1
10620,3,1
10621,1,1
10622,5,1
10623,2,2
10624,3,2
10625,1,2
10626,1,1
10627,1,1
10628,1,1
10629,2,2
10630,1,1
10631,4,1
10632,4,1
10633,1,3
10634,6,2
10635,4,2
10636,5,2
10637,4,2
10638,2,3
10639,2,2
10640,3,1
10641,4,2
10642,3,2
10643,1,2
10644,1,2
10645,7,2
10646,6,2
10647,3,3
10648,5,3
10649,4,3
10650,3,3
10651,4,3
10652,4,2
10653,2,2
10654,6,2
10655,5,3
10656,4,3
10657,4,3
10658,5,3
10659,1,3
10660,1,2
10661,1,1
10662,1,1
10663,1,1
10664,2,1
10665,1,1
10666,1,0
10667,1,0
10668,1,0
10669,1,1
10670,1,0
10671,4,0
10672,2,5
10673,1,1
10674,3,1
10675,1,2
10676,3,1
10677,1,2
10678,1,1
10679,3,2
10680,1,1
10681,1,1
10682,9,2
10683,3,6
10684,1,3
10685,1,2
10686,2,1
10687,1,1
10688,2,1
10689,2,1
10690,3,1
10691,2,2
10692,4,1
10693,2,2
10694,7,2
10695,4,3
10696,3,4
10697,1,3
10698,4,2
10699,4,2
10700,1,2
10701,3,3
10702,1,3
10703,1,3
10704,2,1
10705,2,1
10706,1,1
10707,1,1
10708,1,2
10709,3,1
10710,3,1
10711,2,2
10712,1,2
10713,2,2
10714,2,1
10715,3,2
10716,2,2
10717,4,2
10718,2,2
10719,4,2
10720,4,2
10721,2,3
10722,3,3
10723,3,2
10724,3,1
10725,2,2
10726,2,2
10727,2,1
10728,3,1
10729,2,2
10730,2,2
10731,2,2
10732,2,2
10733,2,2
10734,2,2
10735,1,2
10736,3,2
10737,3,2
10738,6,2
10739,5,4
10740,5,4
10741,1,4
10742,1,3
10743,1,3
10744,1,2
10745,4,2
10746,1,2
10747,2,2
10748,4,3
10749,4,2
10750,4,2
10751,3,2
10752,3,2
10753,3,2
10754,2,2
10755,1,2
10756,1,1
10757,1,2
10758,1,2
10759,1,2
10760,1,2
10761,1,1
10762,1,1
10763,1,2
10764,5,3
10765,5,2
10766,5,2
10767,4,3
10768,3,4
10769,5,3
10770,1,4
10771,1,3
10772,5,3
10773,3,3
10774,7,3
10775,1,4
10776,3,4
10777,4,3
10778,8,3
10779,8,5
10780,7,5
10781,9,5
10782,4,7
10783,10,6
10784,6,6
10785,5,6
10786,7,7
10787,4,6
10788,11,6
10789,1,8
10790,8,4
10791,5,5
10792,9,4
10793,5,5
10794,5,5
10795,6,4
10796,3,5
10797,6,5
10798,1,4
10799,3,5
10800,3,2
10801,4,3
10802,4,3
10803,6,2
10804,4,4
10805,4,3
10806,3,3
10807,3,4
10808,3,3
10809,3,4
10810,3,3
10811,2,3
10812,3,3
10813,3,2
10814,1,2
10815,1,2
10816,2,1
10817,1,1
10818,1,1
10819,3,1
10820,1,2
10821,4,2
10822,2,2
10823,4,3
10824,3,3
10825,2,4
10826,1,4
10827,1,2
10828,1,2
10829,1,1
10830,1,2
10831,2,1
10832,2,1
10833,1,1
10834,4,1
10835,4,2
10836,3,2
10837,1,3
10838,4,2
10839,1,2
10840,2,2
10841,2,1
10842,3,1
10843,3,2
10844,3,2
10845,1,3
10846,2,2
10847,1,2
10848,3,2
10849,1,2
10850,1,1
10851,1,2
10852,2,1
10853,1,1
10854,1,1
10855,1,1
10856,2,1
10857,2,1
10858,1,1
10859,3,1
10860,4,2
10861,1,2
10862,2,2
10863,4,1
10864,3,2
10865,1,3
10866,3,2
10867,1,3
10868,1,2
10869,1,1
10870,1,1
10871,2,1
10872,7,2
10873,10,4
10874,5,8
10875,4,3
10876,4,2
10877,3,3
10878,1,2
10879,2,3
10880,1,1
10881,1,1
10882,2,2
10883,1,2
10884,2,1
10885,4,1
10886,3,3
10887,5,2
10888,4,3
10889,3,3
10890,5,3
10891,5,3
10892,3,4
10893,2,4
10894,7,3
10895,5,4
10896,6,4
10897,4,5
10898,4,4
10899,11,4
10900,6,12
10901,1,6
10902,4,4
10903,9,4
10904,3,7
10905,1,5
10906,1,3
10907,8,3
10908,6,3
10909,2,4
10910,3,3
10911,1,2
10912,4,2
10913,3,2
10914,1,3
10915,1,1
10916,6,3
10917,5,2
10918,6,3
10919,4,4
10920,2,3
10921,6,3
10922,4,3
10923,6,3
10924,3,3
10925,5,4
10926,1,3
10927,3,4
10928,8,3
10929,6,3
10930,4,4
10931,2,3
10932,4,4
10933,6,3
10934,4,3
10935,5,5
10936,4,5
10937,3,5
10938,4,3
10939,6,3
10940,4,4
10941,1,4
10942,1,3
10943,5,3
10944,3,2
10945,4,3
10946,3,3
10947,5,2
10948,4,3
10949,6,4
10950,5,4
10951,1,3
10952,2,4
10953,3,3
10954,5,2
10955,2,3
10956,3,3
10957,1,3
10958,2,2
10959,1,2
10960,1,2
10961,1,3
10962,1,3
10963,1,3
10964,9,3
10965,5,4
10966,1,3
10967,5,4
10968,1,3
10969,2,2
10970,2,1
10971,2,2
10972,2,2
10973,4,2
10974,4,3
10975,2,3
10976,2,3
10977,1,2
10978,3,1
10979,5,2
10980,1,3
10981,1,3
10982,1,2
10983,1,2
10984,2,1
10985,2,1
10986,1,2
10987,1,1
10988,1,1
10989,2,1
10990,5,2
10991,2,2
10992,1,2
10993,6,3
10994,5,2
10995,6,4
10996,6,5
10997,6,4
10998,1,5
10999,9,3
11000,4,6
11001,6,5
11002,7,4
11003,8,4
11004,8,5
11005,4,6
11006,7,6
11007,4,6
11008,5,7
11009,12,6
11010,5,16
11011,3,6
11012,4,4
11013,4,3
11014,5,4
11015,4,4
11016,2,3
11017,3,4
11018,3,3
11019,3,2
11020,3,3
11021,3,3
11022,2,2
11023,1,2
11024,2,1
11025,2,1
11026,1,2
11027,1,1
11028,1,1
11029,1,0
11030,1,0
11031,2,0
11032,1,1
11033,2,0
11034,1,1
11035,1,0
11036,1,0
11037,1,0
11038,1,0
11039,1,0
11040,3,1
11041,1,2
11042,1,0
11043,2,0
11044,1,2
11045,2,1
11046,1,2
11047,2,0
11048,2,2
11049,2,1
11050,4,1
11051,2,2
11052,1,2
11053,1,1
11054,7,2
11055,6,2
11056,2,2
11057,1,3
11058,1,3
11059,7,3
11060,6,2
11061,4,2
11062,4,2
11063,3,2
11064,4,2
11065,4,3
11066,4,3
11067,4,2
11068,2,3
11069,2,2
11070,4,2
11071,2,3
11072,3,2
11073,1,2
11074,1,2
11075,7,3
11076,4,3
11077,7,3
11078,5,4
11079,5,3
11080,5,4
11081,2,3
11082,4,3
11083,4,3
11084,3,3
11085,1,3
11086,1,2
11087,4,1
11088,4,3
11089,4,3
11090,2,3
11091,2,2
11092,3,2
11093,1,2
11094,3,2
11095,2,2
11096,2,2
11097,1,2
11098,2,1
11099,1,2
11100,1,1
11101,1,0
11102,2,0
11103,2,1
11104,4,2
11105,3,2
11106,4,2
11107,3,3
11108,3,3
11109,5,3
11110,5,3
11111,8,3
11112,1,5
11113,4,4
11114,6,3
11115,5,4
11116,4,3
11117,5,4
11118,1,3
11119,1,3
11120,1,4
11121,4,3
11122,1,3
11123,1,2
11124,2,1
11125,2,1
11126,3,2
11127,1,2
11128,1,2
11129,2,2
11130,2,1
11131,1,2
11132,2,1
11133,1,2
11134,1,0
11135,3,0
11136,3,3
11137,1,3
11138,1,0
11139,5,0
11140,1,6
11141,1,1
11142,2,1
11143,1,2
11144,1,0
11145,2,0
11146,2,1
11147,1,1
11148,4,1
11149,2,3
11150,2,2
11151,2,1
11152,4,2
11153,2,2
11154,5,2
11155,1,4
11156,5,2
11157,6,3
11158,1,3
11159,4,3
11160,6,3
11161,1,4
11162,4,2
11163,5,3
11164,8,3
11165,5,4
11166,6,3
11167,4,4
11168,11,4
11169,5,7
11170,8,4
11171,11,5
11172,4,8
11173,4,6
11174,5,5
11175,8,5
11176,6,4
11177,8,5
11178,4,7
11179,4,6
11180,1,5
11181,1,4
11182,1,3
11183,5,3
11184,6,3
11185,3,4
11186,4,4
11187,2,3
11188,2,3
11189,1,2
11190,2,2
11191,1,2
11192,5,1
11193,1,4
11194,1,3
11195,1,2
11196,1,2
11197,2,2
11198,1,2
11199,1,1
11200,1,1
11201,1,0
11202,1,1
11203,1,0
11204,1,1
11205,1,0
11206,4,1
11207,1,3
11208,6,1
11209,2,3
11210,1,2
11211,1,1
11212,1,1
11213,1,1
11214,1,1
11215,1,0
11216,1,0
11217,1,0
11218,2,1
11219,5,1
11220,1,2
11221,1,3
11222,1,3
11223,5,4
11224,4,3
11225,6,3
11226,4,4
11227,6,3
11228,5,4
11229,1,4
11230,3,4
11231,4,4
11232,4,3
11233,5,2
11234,3,4
11235,2,2
11236,3,2
11237,3,2
11238,3,2
11239,3,3
11240,1,3
11241,1,2
11242,1,1
11243,1,1
11244,1,0
11245,1,0
11246,1,0
11247,1,0
11248,1,0
11249,1,1
11250,2,1
11251,1,1
11252,1,1
11253,1,1
11254,1,1
11255,1,1
11256,1,2
11257,2,1
11258,2,1
11259,2,2
11260,2,1
11261,2,2
11262,1,2
11263,1,1
11264,1,1
11265,5,1
11266,5,3
11267,1,3
11268,7,3
11269,1,3
11270,1,3
11271,1,3
11272,1,1
11273,1,1
11274,1,1
11275,1,0
11276,2,0
11277,16,4
11278,1,20
11279,2,4
11280,1,2
11281,1,2
11282,1,2
11283,1,2
11284,1,2
11285,1,2
11286,1,2
11287,1,2
11288,1,2
11289,5,2
11290,1,1
11291,7,1
11292,1,2
11293,1,2
11294,1,2
11295,1,2
11296,7,2
11297,1,1
11298,1,2
11299,1,2
11300,1,2
11301,1,1
11302,1,1
11303,1,1
11304,3,1
11305,1,1
11306,1,1
11307,1,1
11308,7,1
11309,1,1
11310,6,2
11311,1,1
11312,1,2
11313,1,2
11314,10,2
11315,1,4
11316,1,2
11317,10,3
11318,1,6
11319,1,2
11320,7,2
11321,1,1
11322,1,2
11323,1,3
11324,1,2
11325,1,3
11326,1,2
11327,1,2
11328,2,2
11329,2,2
11330,7,2
11331,1,2
11332,1,2
11333,1,2
11334,1,2
11335,10,2
11336,5,2
11337,7,2
11338,1,2
11339,1,3
11340,1,2
11341,1,1
11342,1,1
11343,3,2
11344,1,1
11345,1,1
11346,1,1
11347,5,1
11348,1,1
11349,2,1
11350,2,1
11351,1,1
11352,1,1
11353,1,1
11354,1,1
11355,5,1
11356,2,1
11357,4,2
11358,1,2
11359,1,1
11360,3,2
11361,1,1
11362,2,1
11363,2,1
11364,1,1
11365,1,1
11366,1,0
11367,1,1
11368,3,0
11369,1,1
11370,1,1
11371,9,2
11372,5,3
11373,1,2
11374,8,3
11375,8,3
11376,1,2
11377,7,3
11378,2,3
11379,1,3
11380,6,3
11381,1,2
11382,1,3
11383,6,3
11384,1,2
11385,6,3
11386,1,2
11387,1,2
11388,1,3
11389,4,2
11390,1,2
11391,2,1
11392,1,1
11393,1,1
11394,1,1
11395,1,0
11396,1,0
11397,1,0
11398,1,0
11399,1,0
11400,1,0
11401,1,0
11402,2,0
11403,1,1
11404,1,0
11405,1,0
11406,1,0
11407,1,0
11408,1,0
11409,1,0
11410,1,0
11411,1,0
11412,1,1
11413,1,0
11414,1,0
11415,1,0
11416,1,0
11417,2,0
11418,2,1
11419,1,1
11420,1,1
11421,1,1
11422,1,2
11423,2,1
11424,1,1
11425,1,1
11426,1,2
11427,1,2
11428,10,2
11429,1,8
11430,1,1
11431,1,3
11432,1,3
11433,1,2
11434,1,2
11435,1,2
11436,1,3
11437,1,3
11438,1,3
11439,1,2
11440,1,2
11441,1,2
11442,1,2
11443,1,1
11444,6,2
11445,1,1
11446,1,2
11447,1,1
11448,1,1
11449,1,2
11450,1,2
11451,1,2
11452,6,2
11453,3,2
11454,2,1
11455,3,1
11456,2,1
11457,3,1
11458,1,1
11459,1,1
11460,1,0
11461,1,0
11462,1,0
11463,1,0
11464,1,0
11465,1,0
11466,1,0
11467,1,0
11468,1,0
11469,1,1
11470,1,0
11471,1,0
11472,1,0
11473,2,0
11474,1,1
11475,1,1
11476,1,1
11477,1,1
11478,1,1
11479,5,1
11480,1,2
11481,1,1
11482,1,1
11483,1,0
11484,8,2
11485,7,2
11486,5,4
11487,1,2
11488,1,4
11489,1,3
11490,1,3
11491,1,2
11492,1,3
11493,1,3
11494,1,1
11495,1,2
11496,1,1
11497,4,1
11498,1,1
11499,1,1
11500,1,1
11501,1,1
11502,1,1
11503,1,1
11504,1,1
11505,3,1
11506,5,1
11507,1,2
11508,1,1
11509,7,1
11510,1,3
11511,1,2
11512,1,1
11513,9,2
11514,1,3
11515,1,2
11516,1,2
11517,1,2
11518,1,2
11519,1,2
11520,3,2
11521,1,1
11522,1,2
11523,1,2
11524,3,2
11525,1,1
11526,1,1
11527,1,1
11528,1,0
11529,1,1
11530,1,0
11531,1,0
11532,1,0
11533,1,0
11534,1,0
11535,1,0
11536,1,0
11537,1,0
11538,1,0
11539,1,1
11540,1,0
11541,1,1
11542,1,0
11543,1,0
11544,1,0
11545,1,1
11546,1,0
11547,1,0
11548,1,1
11549,1,1
11550,1,1
11551,1,2
11552,1,2
11553,1,1
11554,1,1
11555,4,1
11556,1,1
11557,1,1
11558,20,3
11559,1,16
11560,1,1
11561,1,0
11562,1,0
11563,1,0
11564,1,1
11565,1,0
11566,1,1
11567,5,0
11568,6,0
11569,6,0
11570,1,0
11571,1,1
11572,7,1
11573,1,1
11574,1,1
11575,5,1
11576,1,1
11577,1,1
11578,6,1
11579,5,1
11580,1,1
11581,1,1
11582,1,0
11583,3,1
11584,1,1
11585,2,0
11586,1,1
11587,1,0
11588,1,0
11589,1,0
11590,1,0
11591,1,0
11592,1,0
11593,1,0
11594,1,0
11595,2,0
11596,1,1
11597,1,0
11598,1,0
11599,1,0
11600,3,1
11601,1,0
11602,1,0
11603,1,1
11604,1,1
11605,1,1
11606,1,1
11607,3,1
11608,1,1
11609,1,0
11610,1,0
11611,1,1
11612,1,1
11613,1,1
11614,4,1
11615,1,1
11616,1,1
11617,1,1
11618,1,1
11619,8,1
11620,1,1
11621,6,1
11622,1,1
11623,6,2
11624,1,1
11625,9,1
11626,5,2
11627,1,2
11628,1,2
11629,1,2
11630,1,2
11631,10,2
11632,1,3
11633,1,2
11634,1,2
11635,1,2
11636,1,2
11637,1,2
11638,1,1
11639,1,1
11640,3,1
11641,1,1
11642,1,0
11643,1,0
11644,1,0
11645,4,1
11646,1,1
11647,1,1
11648,1,1
11649,1,2
11650,1,2
11651,1,1
11652,1,0
11653,1,0
11654,2,0
11655,1,1
11656,1,1
11657,1,2
11658,6,1
11659,5,1
11660,1,1
11661,5,2
11662,7,2
11663,5,2
11664,1,2
11665,1,2
11666,1,2
11667,1,2
11668,1,2
11669,3,3
11670,4,1
11671,3,1
11672,1,1
11673,1,1
11674,1,1
11675,1,1
11676,1,0
11677,2,1
11678,1,1
11679,1,1
11680,1,0
11681,3,0
11682,2,2
11683,1,1
11684,1,1
11685,1,0
11686,1,0
11687,1,0
11688,1,1
11689,1,1
11690,3,1
11691,1,1
11692,1,1
11693,1,1
11694,1,2
11695,1,2
11696,1,2
11697,1,2
11698,1,2
11699,1,2
11700,1,2
11701,6,2
11702,4,1
11703,1,2
11704,1,2
11705,1,3
11706,1,2
11707,1,2
11708,1,1
11709,1,1
11710,1,1
11711,1,0
11712,1,0
11713,1,0
11714,1,0
11715,1,0
11716,1,0
11717,1,0
11718,4,0
11719,1,3
11720,1,0
11721,1,0
11722,1,0
11723,1,0
11724,1,0
11725,1,0
11726,1,0
11727,1,1
11728,1,1
11729,1,0
11730,2,1
11731,1,1
11732,1,0
11733,2,0
11734,2,1
11735,2,1
11736,1,1
11737,1,0
11738,1,2
11739,1,1
11740,1,2
11741,1,2
11742,1,2
11743,1,3
11744,1,2
11745,1,2
11746,6,2
11747,5,1
11748,1,1
11749,1,1
11750,1,1
11751,1,2
11752,1,2
11753,1,1
11754,1,1
11755,1,1
11756,2,0
11757,1,1
11758,1,1
11759,1,0
11760,1,0
11761,1,0
11762,1,0
11763,1,0
11764,1,0
11765,26,0
11766,1,9
11767,1,3
11768,1,1
11769,1,0
11770,1,0
11771,2,1
11772,5,1
11773,2,1
11774,4,1
11775,5,1
11776,1,1
11777,1,0
11778,1,0
11779,1,0
11780,57,0
11781,1,5
11782,4,0
11783,1,1
11784,1,2
11785,1,2
11786,12,1
11787,11,4
11788,8,3
11789,1,2
11790,1,3
11791,1,2
11792,1,2
11793,1,2
11794,1,1
11795,1,1
11796,1,2
11797,1,2
11798,4,0
11799,1,1
11800,1,1
11801,17,0
11802,1,10
11803,1,1
11804,1,0
11805,1,1
11806,1,1
11807,1,1
11808,6,0
11809,1,0
11810,1,1
11811,1,1
11812,1,1
11813,1,1
11814,1,0
11815,1,0
11816,1,0
11817,1,0
11818,1,0
11819,1,0
11820,1,0
11821,1,0
11822,1,2
11823,4,0
11824,1,0
11825,7,0
11826,10,1
11827,1,2
11828,1,1
11829,1,0
11830,1,0
11831,7,0
11832,1,1
11833,1,1
11834,14,0
11835,1,6
11836,1,0
11837,1,0
11838,1,1
11839,1,0
11840,1,0
11841,1,0
11842,1,0
11843,1,1
11844,7,0
11845,1,1
11846,1,1
11847,1,1
11848,1,0
11849,1,0
11850,1,0
11851,1,0
11852,1,0
11853,1,0
11854,1,0
11855,1,0
11856,3,0
11857,1,1
11858,1,0
11859,1,0
11860,1,0
11861,2,0
11862,3,0
11863,1,0
11864,1,0
11865,6,0
11866,1,1
11867,1,1
11868,1,0
11869,10,0
11870,1,3
11871,1,1
11872,32,0
11873,1,2
11874,1,0
11875,1,0
11876,30,0
11877,1,3
11878,1,1
11879,1,0
11880,1,1
11881,4,0
11882,1,0
11883,11,0
11884,1,2
11885,1,1
11886,1,0
11887,1,0
11888,1,0
11889,1,0
11890,1,0
11891,1,0
11892,1,0
11893,1,0
11894,1,0
11895,1,0
11896,1,0
11897,1,0
11898,1,0
11899,1,0
11900,1,0
11901,1,0
11902,7,0
11903,1,1
11904,1,0
11905,1,0
11906,1,0
11907,1,0
11908,1,0
11909,1,0
11910,5,0
11911,2,0
11912,1,0
11913,3,0
11914,3,0
11915,1,0
11916,1,0
11917,1,0
11918,4,0
11919,8,0
11920,1,1
11921,1,0
11922,1,0
11923,1,2
11924,1,0
11925,1,0
11926,1,0
11927,1,0
11928,1,0
11929,1,0
11930,1,0
11931,3,0
11932,4,1
11933,1,1
11934,2,0
11935,1,0
11936,1,0
11937,1,0
11938,2,0
11939,1,0
11940,3,0
11941,4,0
11942,4,1
11943,3,1
11944,5,1
11945,1,1
11946,1,1
11947,5,1
11948,5,1
11949,1,1
11950,4,1
11951,2,1
11952,2,1
11953,1,1
11954,1,0
11955,2,0
11956,2,1
11957,1,1
11958,1,1
11959,2,0
11960,3,0
11961,2,1
11962,2,1
11963,1,1
11964,2,0
11965,1,1
11966,1,0
11967,1,0
11968,2,0
11969,1,1
11970,1,1
11971,1,0
11972,1,0
11973,2,0
11974,3,1
11975,2,1
11976,4,1
11977,5,1
11978,1,1
11979,7,1
11980,6,2
11981,8,2
11982,6,2
11983,4,3
11984,6,2
11985,4,2
11986,7,2
11987,6,3
11988,6,3
11989,4,3
11990,1,3
11991,9,3
11992,6,3
11993,9,4
11994,9,4
11995,6,4
11996,11,4
11997,6,5
11998,7,5
11999,10,6
12000,4,7
12001,3,6
12002,2,3
12003,5,4
12004,1,2
12005,4,3
12006,2,4
12007,4,3
12008,4,2
12009,3,2
12010,3,2
12011,1,2
12012,4,3
12013,1,2
12014,2,2
12015,2,2
12016,2,2
12017,1,1
12018,2,1
12019,1,1
12020,2,1
12021,2,2
12022,3,2
12023,3,1
12024,3,2
12025,4,2
12026,4,2
12027,2,2
12028,1,2
12029,1,1
12030,2,1
12031,1,1
12032,1,1
12033,1,2
12034,1,1
12035,3,2
12036,1,2
12037,3,2
12038,1,2
12039,2,2
12040,2,1
12041,1,2
12042,2,2
12043,2,1
12044,1,1
12045,1,1
12046,1,1
12047,1,1
12048,1,0
12049,1,0
12050,1,0
12051,1,0
12052,1,0
12053,1,0
12054,1,0
12055,1,0
12056,2,0
12057,1,1
12058,2,0
12059,1,1
12060,1,0
12061,1,0
12062,1,0
12063,2,0
12064,4,1
12065,1,2
12066,2,2
12067,1,1
12068,1,0
12069,2,0
12070,3,1
12071,2,2
12072,3,1
12073,3,2
12074,5,2
12075,4,3
12076,5,4
12077,8,3
12078,3,5
12079,1,4
12080,6,3
12081,5,3
12082,3,3
12083,3,3
12084,5,2
12085,5,2
12086,6,3
12087,10,5
12088,6,7
12089,5,5
12090,4,6
12091,5,5
12092,5,5
12093,4,4
12094,1,4
12095,7,2
12096,6,4
12097,1,4
12098,2,4
12099,1,3
12100,1,3
12101,2,1
12102,3,1
12103,6,2
12104,8,4
12105,7,4
12106,6,5
12107,2,5
12108,5,4
12109,5,4
12110,5,3
12111,3,3
12112,4,4
12113,4,4
12114,5,4
12115,6,4
12116,1,5
12117,5,2
12118,16,3
12119,5,24
12120,3,2
12121,4,2
12122,9,1
12123,7,5
12124,6,3
12125,8,3
12126,7,3
12127,6,4
12128,4,3
12129,6,3
12130,7,3
12131,4,3
12132,5,3
12133,4,3
12134,11,3
12135,3,6
12136,1,4
12137,8,3
12138,5,3
12139,4,3
12140,7,3
12141,1,4
12142,4,3
12143,4,2
12144,4,2
12145,3,2
12146,3,2
12147,2,2
12148,1,1
12149,1,2
12150,1,1
12151,2,0
12152,4,2
12153,2,3
12154,4,1
12155,5,2
12156,4,3
12157,1,3
12158,2,2
12159,4,2
12160,1,3
12161,5,2
12162,4,2
12163,2,3
12164,6,3
12165,5,3
12166,4,4
12167,12,2
12168,1,8
12169,7,4
12170,6,3
12171,6,3
12172,1,3
12173,6,3
12174,8,3
12175,6,4
12176,7,5
12177,6,4
12178,4,5
12179,8,4
12180,6,5
12181,7,5
12182,4,5
12183,4,5
12184,6,5
12185,6,4
12186,5,4
12187,1,4
12188,4,4
12189,2,2
12190,1,2
12191,2,2
12192,1,1
12193,1,1
12194,1,1
12195,2,1
12196,1,2
12197,2,0
12198,1,2
12199,2,1
12200,1,1
12201,1,1
12202,1,0
12203,2,0
12204,1,2
12205,1,0
12206,1,1
12207,1,0
12208,1,0
12209,1,0
12210,1,0
12211,2,0
12212,1,1
12213,1,0
12214,2,0
12215,1,1
12216,1,1
12217,1,0
12218,1,1
12219,1,0
12220,9,1
12221,2,9
12222,7,3
12223,1,4
12224,1,3
12225,1,1
12226,1,1
12227,1,1
12228,1,0
12229,1,1
12230,1,1
12231,1,0
12232,1,0
12233,3,0
12234,2,2
12235,2,1
12236,2,1
12237,2,1
12238,2,2
12239,2,2
12240,2,2
12241,2,1
12242,2,2
12243,3,2
12244,2,2
12245,3,2
12246,3,2
12247,3,2
12248,3,2
12249,4,2
12250,3,2
12251,3,3
12252,3,3
12253,2,2
12254,2,2
12255,2,2
12256,3,2
12257,1,2
12258,3,2
12259,6,2
12260,1,4
12261,7,3
12262,3,2
12263,2,3
12264,3,2
12265,2,2
12266,5,1
12267,7,3
12268,3,4
12269,1,2
12270,1,2
12271,1,1
12272,2,1
12273,2,1
12274,1,2
12275,2,1
12276,2,1
12277,2,1
12278,3,2
12279,1,2
12280,2,2
12281,1,2
12282,1,1
12283,2,1
12284,1,2
12285,1,1
12286,1,1
12287,1,0
12288,2,0
12289,1,1
12290,2,0
12291,1,2
12292,1,1
12293,1,0
12294,1,1
12295,8,2
12296,1,5
12297,5,2
12298,4,2
12299,6,3
12300,4,3
12301,6,4
12302,4,3
12303,3,3
12304,6,3
12305,2,4
12306,7,4
12307,6,3
12308,3,4
12309,5,4
12310,4,4
12311,5,3
12312,4,4
12313,3,3
12314,4,4
12315,2,3
12316,2,3
12317,4,4
12318,2,3
12319,5,4
12320,4,4
12321,3,4
12322,4,4
12323,1,3
12324,2,2
12325,2,2
12326,2,1
12327,1,2
12328,1,1
12329,1,0
12330,1,1
12331,3,1
12332,2,2
12333,2,1
12334,4,2
12335,4,2
12336,2,3
12337,1,2
12338,1,1
12339,2,1
12340,1,1
12341,3,1
12342,3,2
12343,4,3
12344,3,2
12345,5,3
12346,4,3
12347,3,3
12348,2,4
12349,5,4
12350,1,4
12351,1,3
12352,4,4
12353,6,2
12354,3,4
12355,2,3
12356,1,3
12357,10,4
12358,9,7
12359,9,7
12360,4,7
12361,2,5
12362,7,4
12363,2,4
12364,10,3
12365,9,8
12366,7,7
12367,6,6
12368,6,5
12369,9,4
12370,3,6
12371,6,5
12372,2,6
12373,4,5
12374,3,3
12375,2,4
12376,2,2
12377,4,2
12378,1,3
12379,1,2
12380,1,2
12381,3,1
12382,1,2
12383,4,4
12384,4,2
12385,1,2
12386,1,1
12387,1,1
12388,1,0
12389,1,0
12390,1,0
12391,3,1
12392,2,3
12393,1,1
12394,2,1
12395,1,2
12396,7,1
12397,4,11
12398,1,2
12399,1,2
12400,1,2
12401,4,3
12402,2,1
12403,3,2
12404,6,2
12405,6,2
12406,2,1
12407,3,3
12408,3,2
12409,4,2
12410,1,2
12411,2,2
12412,1,2
12413,4,1
12414,1,3
12415,3,1
12416,1,2
12417,1,1
12418,1,1
12419,1,1
12420,4,1
12421,8,5
12422,1,5
12423,2,1
12424,1,1
12425,2,1
12426,2,1
12427,1,1
12428,4,1
12429,4,6
12430,5,2
12431,1,3
12432,1,1
12433,1,1
12434,1,2
12435,1,3
12436,2,2
12437,4,1
12438,2,2
12439,1,1
12440,2,1
12441,3,1
12442,1,2
12443,1,2
12444,1,1
12445,1,1
12446,1,0
12447,1,0
12448,2,5
12449,1,3
12450,3,1
12451,3,1
12452,7,1
12453,6,3
12454,1,3
12455,1,3
12456,1,3
12457,30,5
12458,28,23
12459,26,26
12460,3,27
12461,5,1
12462,2,1
12463,1,1
12464,1,1
12465,1,1
12466,1,0
12467,3,0
12468,1,1
12469,1,1
12470,1,1
12471,1,1
12472,3,2
12473,1,1
12474,5,0
12475,4,2
12476,1,1
12477,1,1
12478,1,0
12479,3,0
12480,1,1
12481,1,1
12482,1,0
12483,2,0
12484,4,1
12485,3,1
12486,7,1
12487,6,2
12488,2,2
12489,3,2
12490,1,2
12491,6,1
12492,5,1
12493,3,2
12494,5,1
12495,6,2
12496,5,2
12497,1,2
12498,1,3
12499,1,1
12500,1,1
12501,1,1
12502,1,1
12503,1,1
12504,1,1
12505,1,0
12506,1,0
12507,1,0
12508,7,0
12509,1,5
12510,3,1
12511,3,1
12512,1,1
12513,1,0
12514,1,0
12515,1,0
12516,1,4
12517,2,1
12518,1,0
12519,1,1
12520,1,0
12521,1,1
12522,1,1
12523,1,1
12524,1,0
12525,8,0
12526,1,4
12527,3,1
12528,5,1
12529,1,1
12530,1,1
12531,11,0
12532,9,10
12533,2,4
12534,1,2
12535,1,0
12536,1,0
12537,1,0
12538,1,4
12539,1,2
12540,16,0
12541,3,7
12542,1,1
12543,1,0
12544,1,0
12545,1,0
12546,3,1
12547,1,1
12548,1,1
12549,7,0
12550,1,2
12551,1,0
12552,1,0
12553,1,0
12554,57,0
12555,4,4
12556,4,2
12557,1,1
12558,2,1
12559,1,1
12560,1,1
12561,1,1
12562,1,0
12563,1,3
12564,1,1
12565,1,0
12566,2,0
12567,2,0
12568,1,0
12569,1,0
12570,2,0
12571,1,0
12572,1,0
12573,1,0
12574,1,0
12575,1,0
12576,2,0
12577,2,1
12578,2,0
12579,1,1
12580,1,0
12581,1,0
12582,1,0
12583,1,0
12584,5,0
12585,1,2
12586,5,1
12587,3,1
12588,2,1
12589,2,1
12590,1,0
12591,1,1
12592,1,1
12593,4,1
12594,1,1
12595,1,1
12596,1,1
12597,1,1
12598,1,0
12599,1,0
12600,22,0
12601,1,5
12602,1,1
12603,1,0
12604,1,0
12605,1,0
12606,1,0
12607,1,0
12608,2,0
12609,3,1
12610,2,1
12611,8,0
12612,1,2
12613,3,1
12614,1,0
12615,1,0
12616,1,1
12617,1,1
12618,1,0
12619,1,0
12620,1,3
12621,6,2
12622,3,2
12623,1,0
12624,11,0
12625,1,4
12626,1,1
12627,4,0
12628,1,0
12629,1,1
12630,1,0
12631,2,0
12632,1,0
12633,4,0
12634,1,1
12635,1,0
12636,1,0
12637,2,0
12638,1,0
12639,1,0
12640,1,0
12641,1,0
12642,1,0
12643,2,0
12644,1,0
12645,4,0
12646,1,1
12647,2,0
12648,2,0
12649,4,0
12650,5,1
12651,1,1
12652,1,1
12653,1,0
12654,1,0
12655,7,0
12656,1,3
12657,22,0
12658,1,6
12659,3,1
12660,2,1
12661,4,1
12662,2,0
12663,4,0
12664,6,1
12665,7,1
12666,4,1
12667,1,1
12668,1,1
12669,1,1
12670,1,0
12671,38,0
12672,1,5
12673,1,2
12674,1,1
12675,1,0
12676,46,0
12677,7,5
12678,9,3
12679,2,4
12680,6,2
12681,1,1
12682,1,2
12683,3,1
12684,5,1
12685,4,1
12686,3,1
12687,3,2
12688,3,1
12689,3,1
12690,1,1
12691,1,1
12692,3,1
12693,2,1
12694,1,1
12695,2,1
12696,1,1
12697,2,0
12698,1,1
12699,1,0
12700,2,0
12701,1,1
12702,1,0
12703,1,0
12704,6,0
12705,1,3
12706,6,1
12707,3,1
12708,3,1
12709,1,1
12710,1,1
12711,2,1
12712,1,1
12713,2,1
12714,2,1
12715,2,1
12716,1,1
12717,1,1
12718,1,1
12719,4,1
12720,5,1
12721,4,2
12722,5,2
12723,6,2
12724,6,2
12725,6,3
12726,5,3
12727,5,3
12728,2,3
12729,5,2
12730,3,2
12731,2,3
12732,7,2
12733,5,2
12734,7,3
12735,8,3
12736,5,4
12737,1,4
12738,1,3
12739,9,2
12740,1,6
12741,7,3
12742,1,3
12743,4,2
12744,5,2
12745,15,2
12746,3,13
12747,2,2
12748,3,1
12749,1,1
12750,4,0
12751,4,1
12752,1,1
12753,1,1
12754,11,1
12755,3,7
12756,2,2
12757,3,1
12758,1,1
12759,3,1
12760,1,1
12761,1,1
12762,3,1
12763,4,1
12764,4,2
12765,1,2
12766,4,1
12767,1,2
12768,1,2
12769,9,2
12770,3,3
12771,7,2
12772,5,2
12773,4,2
12774,9,2
12775,3,2
12776,1,4
12777,8,3
12778,5,2
12779,6,3
12780,9,2
12781,5,3
12782,6,3
12783,5,2
12784,8,3
12785,6,4
12786,7,4
12787,1,5
12788,10,3
12789,2,6
12790,7,4
12791,4,2
12792,4,3
12793,4,2
12794,2,3
12795,6,1
12796,6,3
12797,5,3
12798,5,2
12799,2,4
12800,6,3
12801,3,3
12802,4,3
12803,1,3
12804,6,3
12805,2,2
12806,3,3
12807,1,2
12808,1,2
12809,1,1
12810,2,1
12811,1,1
12812,1,1
12813,1,0
12814,1,0
12815,1,2
12816,1,0
12817,1,0
12818,1,0
12819,1,8
12820,1,1
12821,1,0
12822,1,0
12823,1,1
12824,1,0
12825,1,0
12826,1,0
12827,1,8
12828,11,1
12829,10,11
12830,1,7
12831,1,3
12832,1,0
12833,1,0
12834,1,0
12835,1,0
12836,1,6
12837,1,0
12838,1,0
12839,1,0
12840,1,0
12841,1,0
12842,1,0
12843,2,1
12844,2,1
12845,1,1
12846,1,0
12847,1,1
12848,1,1
12849,1,2
12850,1,2
12851,1,2
12852,1,2
12853,1,2
12854,1,1
12855,1,2
12856,1,2
12857,1,2
12858,10,2
12859,7,2
12860,1,1
12861,1,2
12862,1,3
12863,1,2
12864,1,2
12865,1,1
12866,1,2
12867,1,1
12868,1,2
12869,1,1
12870,1,1
12871,1,1
12872,1,0
12873,1,1
12874,6,1
12875,4,2
12876,1,1
12877,1,1
12878,1,0
12879,1,0
12880,1,0
12881,1,0
12882,45,0
12883,1,9
12884,1,0
12885,1,0
12886,1,0
12887,1,0
12888,1,0
12889,1,0
12890,1,0
12891,109,0
12892,1,5
12893,1,2
12894,1,0
12895,1,0
12896,31,0
12897,10,5
12898,1,4
12899,1,1
12900,11,0
12901,1,5
12902,1,0
12903,1,0
12904,1,0
12905,5,0
12906,5,1
12907,1,1
12908,1,1
12909,1,1
12910,2,1
12911,1,1
12912,4,1
12913,1,0
12914,1,1
12915,1,0
12916,1,1
12917,6,1
12918,1,1
12919,1,1
12920,1,0
12921,1,0
12922,34,0
12923,1,6
12924,1,2
12925,1,0
12926,1,0
12927,1,0
12928,1,0
12929,1,0
12930,1,0
12931,1,0
12932,1,2
12933,1,0
12934,1,2
12935,5,0
12936,1,0
12937,1,0
12938,6,0
12939,1,1
12940,1,1
12941,1,0
12942,1,0
12943,1,0
12944,1,1
12945,1,1
12946,1,0
12947,1,0
12948,1,0
12949,1,0
12950,1,0
12951,16,0
12952,1,3
12953,3,0
12954,1,0
12955,1,0
12956,1,0
12957,1,1
12958,1,0
12959,2,0
12960,1,0
12961,1,0
12962,1,0
12963,9,0
12964,1,1
12965,1,0
12966,2,0
12967,1,0
12968,1,0
12969,1,0
12970,1,0
12971,1,0
12972,1,0
12973,1,0
12974,12,0
12975,1,3
12976,3,0
12977,1,0
12978,1,1
12979,1,1
12980,13,0
12981,1,4
12982,1,0
12983,6,0
12984,1,1
12985,1,1
12986,3,0
12987,1,0
12988,1,0
12989,27,0
12990,9,3
12991,6,3
12992,8,2
12993,8,3
12994,7,3
12995,5,2
12996,1,2
12997,8,3
12998,4,2
12999,1,1
13000,1,2
13001,1,3
13002,4,3
13003,1,1
13004,1,2
13005,1,2
13006,2,2
13007,2,1
13008,1,1
13009,1,1
13010,1,1
13011,1,1
13012,2,1
13013,1,1
13014,2,1
13015,1,1
13016,2,0
13017,1,1
13018,1,0
13019,1,1
13020,1,1
13021,1,0
13022,1,0
13023,1,0
13024,1,0
13025,1,0
13026,13,0
13027,1,9
13028,1,2
13029,1,4
13030,1,0
13031,1,0
13032,1,0
13033,1,0
13034,1,0
13035,1,0
13036,1,0
13037,1,0
13038,1,0
13039,1,0
13040,1,0
13041,1,0
13042,63,0
13043,1,5
13044,1,0
13045,1,0
13046,1,0
13047,24,0
13048,1,3
13049,1,0
13050,1,0
13051,1,0
13052,47,0
13053,1,2
13054,1,1
13055,1,1
13056,7,0
13057,1,1
13058,1,0
13059,13,0
13060,1,2
13061,19,1
13062,1,5
13063,1,1
13064,1,0
13065,1,0
13066,20,0
13067,1,3
13068,1,0
13069,1,0
13070,12,1
13071,9,3
13072,7,3
13073,1,3
13074,1,2
13075,1,2
13076,1,2
13077,11,1
13078,1,5
13079,4,1
13080,1,1
13081,1,1
13082,1,1
13083,1,1
13084,1,0
13085,1,1
13086,1,1
13087,9,1
13088,6,2
13089,1,1
13090,1,1
13091,1,2
13092,1,2
13093,2,1
13094,10,1
13095,1,4
13096,1,1
13097,1,2
13098,1,2
13099,4,2
13100,1,1
13101,6,1
13102,1,1
13103,1,2
13104,5,1
13105,1,1
13106,1,1
13107,1,1
13108,1,1
13109,2,1
13110,1,1
13111,1,0
13112,1,0
13113,1,0
13114,1,0
13115,1,0
13116,7,0
13117,6,5
13118,2,1
13119,1,2
13120,1,2
13121,1,2
13122,1,2
13123,1,2
13124,1,2
13125,1,2
13126,1,2
13127,3,2
13128,1,2
13129,1,1
13130,1,2
13131,1,2
13132,1,2
13133,1,1
13134,1,0
13135,1,1
13136,1,0
13137,49,0
13138,1,6
13139,1,1
13140,1,0
13141,1,0
13142,1,0
13143,1,0
13144,1,1
13145,1,0
13146,1,0
13147,1,0
13148,1,0
13149,53,0
13150,1,5
13151,9,1
13152,9,3
13153,9,3
13154,1,4
13155,1,1
13156,9,1
13157,14,4
13158,1,7
13159,5,2
13160,7,1
13161,5,2
13162,1,2
13163,1,1
13164,1,2
13165,1,1
13166,2,1
13167,1,1
13168,1,1
13169,1,1
13170,1,1
13171,2,0
13172,1,1
13173,1,1
13174,1,0
13175,1,1
13176,1,1
13177,2,0
13178,2,1
13179,3,1
13180,2,1
13181,1,1
13182,1,1
13183,1,0
13184,1,0
13185,1,0
13186,1,0
13187,163,0
13188,1,8
13189,1,2
13190,1,0
13191,1,0
13192,1,0
13193,1,3
13194,1,4
13195,1,2
13196,1,1
13197,1,1
13198,1,1
13199,1,1
13200,1,0
13201,1,0
13202,19,0
13203,1,4
13204,1,0
13205,1,0
13206,1,0
13207,1,0
13208,1,0
13209,2,0
13210,1,0
13211,1,0
13212,1,0
13213,1,0
13214,43,0
13215,1,2
13216,1,1
13217,1,0
13218,1,0
13219,1,1
13220,1,1
13221,1,1
13222,6,1
13223,2,0
13224,1,0
13225,1,1
13226,1,1
13227,1,1
13228,1,0
13229,1,1
13230,1,1
13231,1,1
13232,3,0
13233,2,0
13234,1,0
13235,1,0
13236,1,0
13237,1,0
13238,6,0
13239,3,1
13240,2,0
13241,1,0
13242,1,0
13243,1,0
13244,1,0
13245,1,0
13246,1,0
13247,1,0
13248,1,0
13249,1,0
13250,1,0
13251,1,0
13252,1,0
13253,1,0
13254,105,0
13255,1,3
13256,1,1
13257,21,0
13258,1,3
13259,1,1
13260,1,1
13261,7,1
13262,2,1
13263,1,1
13264,1,0
13265,1,1
13266,1,1
13267,1,1
13268,1,1
13269,1,0
13270,1,0
13271,1,0
13272,30,0
13273,1,3
13274,1,0
13275,1,0
13276,1,0
13277,1,0
13278,1,1
13279,1,0
13280,1,0
13281,1,0
13282,1,0
13283,1,0
13284,1,0
13285,1,0
13286,1,0
13287,1,0
13288,1,0
13289,8,0
13290,1,1
13291,27,0
13292,1,3
13293,1,2
13294,72,0
13295,7,3
13296,4,3
13297,6,2
13298,4,2
13299,1,2
13300,3,1
13301,3,1
13302,4,1
13303,1,1
13304,4,1
13305,1,1
13306,4,1
13307,1,1
13308,1,1
13309,1,1
13310,1,1
13311,2,1
13312,1,1
13313,2,0
13314,1,1
13315,1,0
13316,1,0
13317,1,0
13318,1,1
13319,2,0
13320,1,1
13321,1,0
13322,1,0
13323,2,0
13324,2,1
13325,5,1
13326,1,1
13327,1,1
13328,3,1
13329,3,1
13330,2,1
13331,2,1
13332,5,1
13333,4,1
13334,4,1
13335,3,2
13336,3,1
13337,5,1
13338,7,2
13339,5,2
13340,5,2
13341,1,2
13342,1,2
13343,1,2
13344,7,2
13345,15,2
13346,5,13
13347,4,2
13348,9,2
13349,9,3
13350,4,2
13351,4,3
13352,3,2
13353,1,2
13354,4,2
13355,2,2
13356,3,1
13357,3,2
13358,3,1
13359,3,2
13360,3,1
13361,1,2
13362,2,1
13363,3,1
13364,1,1
13365,3,1
13366,3,1
13367,2,1
13368,3,1
13369,1,1
13370,1,1
13371,1,1
13372,1,1
13373,1,1
13374,1,0
13375,1,0
13376,3,0
13377,1,2
13378,1,1
13379,3,0
13380,1,2
13381,2,1
13382,1,1
13383,1,1
13384,1,1
13385,3,0
13386,4,1
13387,3,1
13388,1,1
13389,2,1
13390,1,1
13391,3,1
13392,2,1
13393,1,1
13394,1,1
13395,2,0
13396,2,1
13397,1,1
13398,3,1
13399,2,1
13400,3,1
13401,2,1
13402,1,2
13403,4,2
13404,5,2
13405,1,2
13406,5,2
13407,6,2
13408,1,3
13409,1,2
13410,2,2
13411,5,3
13412,7,2
13413,5,3
13414,5,3
13415,6,3
13416,7,4
13417,1,4
13418,2,3
13419,6,3
13420,8,3
13421,6,3
13422,4,4
13423,5,3
13424,3,3
13425,6,3
13426,5,4
13427,2,3
13428,1,3
13429,5,3
13430,3,3
13431,2,1
13432,2,1
13433,1,1
13434,1,1
13435,1,1
13436,1,0
13437,1,0
13438,2,0
13439,1,1
13440,1,0
13441,3,0
13442,2,3
13443,1,1
13444,1,0
13445,1,0
13446,2,0
13447,1,2
13448,1,0
13449,1,0
13450,2,0
13451,1,1
13452,2,1
13453,1,1
13454,2,1
13455,1,1
13456,3,1
13457,1,4
13458,1,1
13459,4,1
13460,3,2
13461,2,2
13462,3,2
13463,5,1
13464,4,2
13465,4,3
13466,2,3
13467,4,2
13468,1,2
13469,1,2
13470,3,2
13471,5,2
13472,5,3
13473,2,2
13474,4,2
13475,4,2
13476,1,2
13477,5,2
13478,4,3
13479,3,2
13480,2,3
13481,1,2
13482,4,3
13483,3,2
13484,1,3
13485,2,2
13486,3,3
13487,2,2
13488,1,2
13489,1,2
13490,2,1
13491,2,1
13492,1,1
13493,1,1
13494,2,0
13495,1,2
13496,3,0
13497,2,4
13498,1,1
13499,1,0
13500,3,1
13501,1,2
13502,1,1
13503,1,1
13504,2,1
13505,1,2
13506,2,0
13507,1,2
13508,1,0
13509,1,1
13510,1,1
13511,1,1
13512,1,2
13513,3,3
13514,1,3
13515,1,2
13516,1,2
13517,1,1
13518,1,4
13519,1,1
13520,1,1
13521,1,2
13522,1,3
13523,2,3
13524,2,2
13525,1,2
13526,7,1
13527,7,5
13528,4,2
13529,2,3
13530,4,2
13531,2,2
13532,1,3
13533,1,3
13534,6,2
13535,3,3
13536,2,2
13537,3,2
13538,1,2
13539,1,1
13540,2,0
13541,4,2
13542,1,3
13543,1,1
13544,2,0
13545,2,2
13546,3,1
13547,3,2
13548,1,2
13549,2,1
13550,2,1
13551,1,1
13552,1,0
13553,1,0
13554,3,0
13555,1,3
13556,1,0
13557,1,1
13558,6,2
13559,2,2
13560,4,3
13561,4,2
13562,3,2
13563,1,3
13564,2,3
13565,4,2
13566,3,2
13567,4,3
13568,3,2
13569,3,3
13570,2,2
13571,1,2
13572,1,2
13573,1,1
13574,1,1
13575,1,1
13576,1,0
13577,1,1
13578,2,0
13579,3,1
13580,2,2
13581,2,1
13582,6,1
13583,4,3
13584,2,2
13585,2,3
13586,2,2
13587,4,1
13588,6,2
13589,3,3
13590,4,3
13591,9,4
13592,1,7
13593,4,3
13594,8,3
13595,4,5
13596,4,3
13597,1,3
13598,8,2
13599,8,5
13600,7,4
13601,3,4
13602,1,3
13603,8,3
13604,1,3
13605,7,4
13606,10,3
13607,8,5
13608,5,7
13609,7,5
13610,1,4
13611,1,5
13612,7,3
13613,12,3
13614,8,9
13615,2,5
13616,1,2
13617,11,1
13618,3,15
13619,1,3
13620,5,2
13621,3,2
13622,5,1
13623,4,2
13624,1,3
13625,1,3
13626,1,3
13627,1,1
13628,2,1
13629,1,1
13630,1,1
13631,1,1
13632,1,0
13633,1,0
13634,1,0
13635,15,0
13636,10,9
13637,2,9
13638,2,3
13639,1,2
13640,4,2
13641,6,1
13642,2,3
13643,3,2
13644,4,2
13645,4,2
13646,3,2
13647,9,2
13648,6,5
13649,5,4
13650,5,3
13651,7,4
13652,1,3
13653,5,4
13654,9,3
13655,1,5
13656,3,3
13657,3,3
13658,5,3
13659,4,2
13660,3,3
13661,4,2
13662,4,3
13663,5,3
13664,3,2
13665,4,3
13666,5,3
13667,3,2
13668,6,3
13669,1,3
13670,3,2
13671,4,3
13672,1,2
13673,1,3
13674,1,2
13675,4,3
13676,3,2
13677,2,3
13678,1,2
13679,4,3
13680,4,2
13681,5,3
13682,3,3
13683,1,2
13684,1,2
13685,1,2
13686,1,2
13687,1,1
13688,3,1
13689,1,3
13690,1,1
13691,2,0
13692,2,1
13693,2,1
13694,2,1
13695,1,1
13696,1,0
13697,1,0
13698,2,1
13699,4,1
13700,3,2
13701,2,1
13702,4,2
13703,3,3
13704,5,2
13705,4,3
13706,1,3
13707,1,3
13708,3,3
13709,2,2
13710,1,2
13711,1,1
13712,2,1
13713,2,1
13714,1,1
13715,2,1
13716,3,1
13717,4,2
13718,1,2
13719,1,2
13720,4,2
13721,3,3
13722,1,2
13723,1,1
13724,1,1
13725,1,1
13726,2,1
13727,1,1
13728,2,3
13729,4,2
13730,3,2
13731,1,2
13732,1,2
13733,1,1
13734,2,1
13735,1,1
13736,1,1
13737,1,1
13738,1,1
13739,2,1
13740,1,1
13741,1,1
13742,1,1
13743,1,1
13744,1,0
13745,3,0
13746,3,4
13747,4,2
13748,1,2
13749,8,2
13750,4,5
13751,6,3
13752,3,4
13753,3,3
13754,3,2
13755,1,3
13756,1,2
13757,1,2
13758,4,2
13759,2,2
13760,1,2
13761,1,2
13762,1,1
13763,4,2
13764,5,2
13765,3,2
13766,3,3
13767,1,3
13768,5,3
13769,5,2
13770,3,3
13771,2,3
13772,1,2
13773,1,2
13774,4,1
13775,5,3
13776,3,3
13777,1,2
13778,1,1
13779,2,1
13780,1,2
13781,2,2
13782,2,1
13783,2,1
13784,3,2
13785,2,2
13786,1,1
13787,1,0
13788,3,0
13789,4,4
13790,1,2
13791,4,1
13792,3,2
13793,1,2
13794,1,2
13795,1,1
13796,1,1
13797,1,0
13798,1,0
13799,2,0
13800,2,1
13801,2,1
13802,2,1
13803,4,1
13804,6,2
13805,1,3
13806,5,3
13807,5,3
13808,1,3
13809,1,2
13810,4,2
13811,3,3
13812,7,3
13813,4,4
13814,2,4
13815,7,4
13816,5,4
13817,5,4
13818,3,4
13819,3,3
13820,6,4
13821,3,3
13822,2,4
13823,2,4
13824,5,3
13825,2,3
13826,2,2
13827,4,2
13828,2,3
13829,2,3
13830,1,3
13831,2,2
13832,1,1
13833,1,1
13834,1,1
13835,1,1
13836,1,1
13837,1,0
13838,1,0
13839,2,0
13840,1,1
13841,1,1
13842,2,0
13843,1,1
13844,1,1
13845,2,2
13846,2,1
13847,1,1
13848,1,1
13849,4,2
13850,5,2
13851,1,3
13852,2,2
13853,3,4
13854,1,2
13855,6,1
13856,5,4
13857,1,3
13858,1,2
13859,5,2
13860,2,2
13861,1,4
13862,1,3
13863,1,1
13864,2,1
13865,4,1
13866,3,3
13867,1,2
13868,3,1
13869,2,2
13870,4,1
13871,3,3
13872,4,2
13873,2,3
13874,4,3
13875,1,3
13876,1,3
13877,6,2
13878,1,3
13879,1,2
13880,2,1
13881,1,1
13882,1,1
13883,3,1
13884,1,2
13885,1,1
13886,1,1
13887,1,0
13888,3,0
13889,2,3
13890,3,1
13891,2,2
13892,2,2
13893,3,1
13894,1,2
13895,1,1
13896,1,1
13897,1,0
13898,1,3
13899,1,3
13900,7,0
13901,2,6
13902,1,2
13903,20,0
13904,6,19
13905,1,3
13906,7,2
13907,4,2
13908,1,2
13909,1,0
13910,36,0
13911,1,11
13912,1,1
13913,1,0
13914,1,0
13915,1,0
13916,1,0
13917,2,0
13918,1,1
13919,1,0
13920,1,0
13921,1,0
13922,1,0
13923,3,0
13924,1,1
13925,1,0
13926,1,0
13927,1,0
13928,2,0
13929,2,1
13930,2,0
13931,3,0
13932,3,1
13933,5,1
13934,1,1
13935,1,1
13936,1,0
13937,7,0
13938,5,2
13939,1,1
13940,6,1
13941,1,1
13942,5,1
13943,4,1
13944,1,1
13945,6,1
13946,4,1
13947,5,1
13948,5,1
13949,3,2
13950,3,1
13951,2,1
13952,4,1
13953,3,1
13954,3,1
13955,3,1
13956,2,1
13957,1,1
13958,1,1
13959,1,0
13960,1,0
13961,1,0
13962,1,0
13963,1,0
13964,1,1
13965,7,0
13966,1,5
13967,1,1
13968,1,0
13969,1,0
13970,1,0
13971,1,0
13972,1,0
13973,1,0
13974,1,0
13975,1,0
13976,4,1
13977,1,1
13978,14,0
13979,1,9
13980,1,0
13981,14,0
13982,14,5
13983,3,4
13984,6,5
13985,9,3
13986,3,5
13987,1,3
13988,1,0
13989,31,0
13990,1,11
13991,9,2
13992,10,2
13993,3,4
13994,6,3
13995,1,2
13996,8,1
13997,5,3
13998,1,1
13999,1,2
14000,1,1
14001,1,2
14002,1,2
14003,1,1
14004,1,1
14005,1,0
14006,1,0
14007,1,0
14008,1,0
14009,1,0
14010,1,0
14011,1,0
14012,1,0
14013,1,0
14014,1,0
14015,1,0
14016,1,0
14017,1,0
14018,1,0
14019,1,0
14020,1,0
14021,1,0
14022,1,0
14023,3,0
14024,3,2
14025,2,1
14026,4,1
14027,2,1
14028,1,1
14029,4,1
14030,1,1
14031,3,1
14032,3,1
14033,2,1
14034,2,1
14035,1,1
14036,1,1
14037,21,0
14038,3,8
14039,6,4
14040,9,2
14041,8,3
14042,4,4
14043,7,3
14044,6,3
14045,4,3
14046,5,3
14047,6,2
14048,5,2
14049,6,2
14050,3,2
14051,3,2
14052,1,2
14053,4,1
14054,1,2
14055,1,2
14056,1,2
14057,16,1
14058,2,14
14059,3,1
14060,7,1
14061,6,1
14062,5,2
14063,8,1
14064,1,2
14065,1,1
14066,5,2
14067,8,1
14068,8,2
14069,3,3
14070,6,2
14071,6,2
14072,1,2
14073,1,2
14074,5,3
14075,1,2
14076,1,2
14077,4,1
14078,17,1
14079,4,13
14080,5,1
14081,4,1
14082,4,1
14083,5,1
14084,6,1
14085,4,2
14086,1,2
14087,1,1
14088,8,2
14089,2,2
14090,3,2
14091,1,1
14092,1,2
14093,1,1
14094,5,2
14095,5,1
14096,5,1
14097,5,2
14098,1,2
14099,5,2
14100,1,1
14101,6,2
14102,1,2
14103,1,2
14104,2,1
14105,1,1
14106,1,1
14107,1,0
14108,1,0
14109,1,0
14110,1,0
14111,4,0
14112,2,2
14113,2,1
14114,1,1
14115,1,1
14116,1,2
14117,3,1
14118,1,1
14119,1,1
14120,7,1
14121,2,2
14122,1,2
14123,1,1
14124,3,1
14125,1,1
14126,1,1
14127,1,0
14128,3,0
14129,4,2
14130,2,1
14131,3,1
14132,3,1
14133,1,1
14134,1,1
14135,1,1
14136,6,2
14137,1,2
14138,4,1
14139,1,2
14140,6,2
14141,4,2
14142,1,1
14143,2,1
14144,1,1
14145,1,1
14146,4,1
14147,2,2
14148,1,1
14149,1,1
14150,1,0
14151,1,0
14152,1,0
14153,1,0
14154,1,0
14155,2,0
14156,1,1
14157,1,1
14158,1,1
14159,1,1
14160,1,1
14161,1,2
14162,1,1
14163,1,2
14164,1,2
14165,1,2
14166,1,2
14167,1,2
14168,1,2
14169,1,2
14170,1,2
14171,1,2
14172,1,2
14173,1,2
14174,1,1
14175,1,1
14176,1,0
14177,1,0
14178,1,0
14179,1,1
14180,1,1
14181,1,0
14182,1,0
14183,1,2
14184,5,1
14185,5,2
14186,2,1
14187,1,2
14188,1,1
14189,1,2
14190,1,1
14191,1,2
14192,1,2
14193,1,2
14194,1,2
14195,1,2
14196,1,3
14197,1,3
14198,8,2
14199,1,2
14200,1,2
14201,17,1
14202,6,13
14203,1,3
14204,6,0
14205,6,1
14206,3,2
14207,1,1
14208,1,1
14209,1,1
14210,1,2
14211,1,1
14212,1,1
14213,1,0
14214,1,0
14215,7,0
14216,2,4
14217,1,1
14218,1,0
14219,1,0
14220,1,0
14221,1,0
14222,1,0
14223,15,0
14224,30,6
14225,1,19
14226,1,0
14227,1,0
14228,9,4
14229,7,5
14230,1,5
14231,7,2
14232,1,3
14233,1,1
14234,8,1
14235,1,3
14236,1,2
14237,1,1
14238,1,0
14239,1,0
14240,1,1
14241,1,1
14242,1,1
14243,1,1
14244,1,0
14245,1,0
14246,1,0
14247,3,0
14248,1,2
14249,1,1
14250,2,0
14251,1,1
14252,2,0
14253,1,1
14254,1,1
14255,1,0
14256,1,1
14257,2,1
14258,1,1
14259,1,1
14260,1,1
14261,1,1
14262,1,1
14263,1,0
14264,1,0
14265,1,0
14266,1,1
14267,1,1
14268,2,1
14269,1,1
14270,1,1
14271,1,2
14272,1,2
14273,1,1
14274,1,1
14275,1,1
14276,1,2
14277,1,1
14278,1,0
14279,1,0
14280,1,0
14281,30,0
14282,1,11
14283,1,2
14284,1,1
14285,1,1
14286,1,1
14287,1,1
14288,1,0
14289,1,0
14290,34,0
14291,1,3
14292,1,1
14293,1,1
14294,4,0
14295,1,0
14296,1,1
14297,1,0
14298,1,0
14299,1,0
14300,1,0
14301,1,0
14302,1,0
14303,1,0
14304,1,0
14305,1,0
14306,1,0
14307,4,0
14308,4,1
14309,1,0
14310,1,0
14311,1,0
14312,1,0
14313,1,0
14314,1,1
14315,1,0
14316,1,1
14317,1,0
14318,1,0
14319,1,0
14320,1,0
14321,1,0
14322,1,0
14323,1,0
14324,1,1
14325,1,0
14326,1,0
14327,14,0
14328,1,5
14329,1,0
14330,1,0
14331,1,0
14332,1,0
14333,1,0
14334,1,0
14335,1,0
14336,1,0
14337,1,0
14338,1,0
14339,1,0
14340,1,0
14341,1,0
14342,1,0
14343,1,0
14344,1,0
14345,1,0
14346,4,0
14347,3,0
14348,1,0
14349,1,0
14350,1,0
14351,7,1
14352,4,2
14353,4,1
14354,5,0
14355,1,1
14356,1,1
14357,1,1
14358,1,1
14359,1,0
14360,1,1
14361,1,0
14362,1,0
14363,1,0
14364,1,0
14365,1,0
14366,1,0
14367,23,0
14368,30,5
14369,23,18
14370,1,22
14371,1,4
14372,1,1
14373,1,1
14374,3,0
14375,1,0
14376,2,0
14377,2,1
14378,1,1
14379,1,0
14380,1,0
14381,1,0
14382,2,0
14383,3,1
14384,3,1
14385,3,1
14386,3,1
14387,4,1
14388,1,1
14389,1,1
14390,7,1
14391,1,1
14392,6,1
14393,4,2
14394,1,2
14395,7,2
14396,6,2
14397,7,1
14398,1,2
14399,1,2
14400,6,2
14401,1,2
14402,1,2
14403,6,2
14404,1,2
14405,1,3
14406,1,2
14407,1,2
14408,1,2
14409,1,2
14410,1,2
14411,1,2
14412,1,1
14413,1,1
14414,1,2
14415,1,2
14416,1,1
14417,1,2
14418,1,1
14419,1,1
14420,1,0
14421,1,0
14422,3,1
14423,1,1
14424,1,0
14425,1,1
14426,1,0
14427,1,2
14428,1,2
14429,1,2
14430,1,1
14431,1,1
14432,1,1
14433,1,1
14434,1,1
14435,1,1
14436,1,1
14437,1,2
14438,1,2
14439,1,1
14440,1,1
14441,1,2
14442,4,2
14443,2,1
14444,1,2
14445,1,1
14446,1,0
14447,2,0
14448,4,1
14449,3,2
14450,2,1
14451,3,1
14452,2,1
14453,1,1
14454,1,1
14455,1,0
14456,1,0
14457,5,0
14458,1,3
14459,1,1
14460,1,1
14461,3,1
14462,1,1
14463,4,2
14464,5,1
14465,1,2
14466,1,1
14467,2,2
14468,1,2
14469,7,2
14470,8,2
14471,9,2
14472,1,2
14473,9,2
14474,11,2
14475,6,4
14476,1,2
14477,4,3
14478,1,2
14479,6,3
14480,6,2
14481,4,2
14482,6,2
14483,1,3
14484,1,3
14485,1,3
14486,1,3
14487,1,4
14488,1,3
14489,1,3
14490,1,3
14491,1,3
14492,1,2
14493,1,3
14494,4,1
14495,3,1
14496,1,1
14497,1,1
14498,1,1
14499,1,0
14500,1,0
14501,5,2
14502,1,1
14503,1,1
14504,1,1
14505,1,1
14506,1,1
14507,1,1
14508,1,1
14509,1,1
14510,7,1
14511,1,3
14512,1,2
14513,1,3
14514,9,2
14515,1,3
14516,6,2
14517,1,2
14518,1,3
14519,8,2
14520,1,3
14521,4,2
14522,1,1
14523,6,2
14524,4,1
14525,4,1
14526,1,2
14527,1,1
14528,1,1
14529,1,1
14530,1,1
14531,1,0
14532,2,0
14533,1,1
14534,1,1
14535,1,0
14536,2,0
14537,1,1
14538,1,1
14539,1,1
14540,1,1
14541,1,0
14542,1,0
14543,1,1
14544,1,0
14545,1,1
14546,1,0
14547,1,0
14548,1,3
14549,1,1
14550,1,0
14551,1,0
14552,1,0
14553,1,0
14554,1,7
14555,1,0
14556,1,0
14557,1,0
14558,1,0
14559,1,0
14560,1,0
14561,1,0
14562,1,0
14563,1,0
14564,1,0
14565,8,0
14566,1,7
14567,1,5
14568,1,2
14569,1,0
14570,1,2
14571,1,1
14572,1,0
14573,1,0
14574,1,3
14575,1,0
14576,1,0
14577,1,0
14578,1,0
14579,58,0
14580,2,7
14581,3,3
14582,1,2
14583,1,3
14584,11,0
14585,1,4
14586,7,1
14587,1,1
14588,1,1
14589,1,1
14590,4,0
14591,10,1
14592,1,3
14593,1,0
14594,1,1
14595,1,1
14596,1,1
14597,1,1
14598,1,1
14599,1,1
14600,1,1
14601,1,1
14602,9,1
14603,1,1
14604,1,1
14605,1,2
14606,1,0
14607,1,0
14608,27,0
14609,11,5
14610,1,5
14611,1,0
14612,1,2
14613,6,1
14614,1,1
14615,1,1
14616,2,2
14617,1,2
14618,1,2
14619,1,1
14620,1,1
14621,1,1
14622,1,1
14623,1,1
14624,8,2
14625,1,1
14626,1,2
14627,1,2
14628,1,2
14629,1,2
14630,1,1
14631,1,1
14632,1,1
14633,1,1
14634,1,1
14635,1,1
14636,1,1
14637,1,0
14638,1,1
14639,1,0
14640,1,0
14641,2,0
14642,2,1
14643,1,1
14644,1,1
14645,4,0
14646,1,1
14647,1,1
14648,1,0
14649,5,0
14650,3,1
14651,2,1
14652,1,1
14653,1,1
14654,1,1
14655,1,1
14656,1,1
14657,1,1
14658,2,0
14659,1,1
14660,2,0
14661,1,1
14662,1,1
14663,1,1
14664,1,1
14665,1,1
14666,1,1
14667,3,1
14668,4,1
14669,5,1
14670,1,1
14671,1,1
14672,1,1
14673,1,1
14674,1,1
14675,1,0
14676,1,0
14677,1,0
14678,1,0
14679,1,0
14680,1,0
14681,1,0
14682,1,0
14683,1,0
14684,1,0
14685,1,0
14686,2,1
14687,2,1
14688,1,0
14689,1,0
14690,1,0
14691,1,0
14692,1,1
14693,1,1
14694,1,1
14695,1,1
14696,1,0
14697,1,0
14698,1,0
14699,2,0
14700,1,1
14701,1,0
14702,4,0
14703,1,2
14704,1,2
14705,7,1
14706,1,1
14707,1,2
14708,1,2
14709,1,0
14710,1,1
14711,8,0
14712,1,7
14713,8,1
14714,4,2
14715,1,2
14716,1,2
14717,1,2
14718,6,1
14719,1,1
14720,1,2
14721,1,1
14722,10,0
14723,1,6
14724,1,1
14725,4,1
14726,1,1
14727,2,0
14728,1,0
14729,1,0
14730,1,0
14731,1,0
14732,2,1
14733,1,0
14734,1,0
14735,1,0
14736,1,0
14737,1,1
14738,1,1
14739,1,1
14740,1,0
14741,1,1
14742,1,1
14743,2,1
14744,1,0
14745,1,0
14746,1,0
14747,1,1
14748,1,0
14749,1,1
14750,1,1
14751,1,1
14752,6,1
14753,1,1
14754,1,1
14755,5,1
14756,1,1
14757,3,1
14758,6,1
14759,2,2
14760,1,1
14761,6,1
14762,5,1
14763,1,1
14764,4,2
14765,1,2
14766,2,1
14767,2,1
14768,1,0
14769,5,0
14770,2,3
14771,2,1
14772,1,1
14773,1,0
14774,2,0
14775,1,1
14776,5,0
14777,2,3
14778,1,1
14779,4,1
14780,3,1
14781,6,1
14782,5,1
14783,2,1
14784,4,2
14785,6,2
14786,5,2
14787,5,2
14788,1,2
14789,5,2
14790,1,2
14791,9,2
14792,7,3
14793,4,3
14794,8,3
14795,11,3
14796,5,4
14797,6,5
14798,2,4
14799,6,4
14800,5,3
14801,5,4
14802,4,3
14803,3,3
14804,2,2
14805,2,2
14806,2,2
14807,2,2
14808,2,1
14809,5,1
14810,5,3
14811,1,2
14812,1,1
14813,1,0
14814,1,1
14815,2,0
14816,3,1
14817,2,2
14818,1,1
14819,1,1
14820,2,1
14821,2,2
14822,2,1
14823,1,1
14824,2,0
14825,2,2
14826,1,1
14827,1,1
14828,1,1
14829,1,0
14830,2,0
14831,1,1
14832,6,2
14833,2,3
14834,2,3
14835,2,2
14836,1,1
14837,1,1
14838,1,1
14839,1,1
14840,2,1
14841,2,1
14842,1,1
14843,3,1
14844,3,3
14845,2,2
14846,3,2
14847,1,2
14848,2,1
14849,1,1
14850,7,2
14851,5,4
14852,2,3
14853,1,3
14854,2,1
14855,3,1
14856,2,2
14857,1,2
14858,3,1
14859,2,2
14860,3,1
14861,2,2
14862,3,2
14863,3,2
14864,2,2
14865,2,2
14866,1,2
14867,1,1
14868,2,1
14869,2,1
14870,1,2
14871,1,0
14872,2,1
14873,1,2
14874,1,0
14875,1,0
14876,2,0
14877,1,1
14878,1,0
14879,1,0
14880,2,0
14881,1,1
14882,3,1
14883,4,2
14884,2,2
14885,3,2
14886,7,3
14887,6,3
14888,4,4
14889,4,3
14890,4,3
14891,4,3
14892,3,4
14893,4,3
14894,4,3
14895,1,4
14896,9,2
14897,4,10
14898,3,3
14899,4,3
14900,4,4
14901,4,3
14902,4,3
14903,2,3
14904,2,3
14905,3,2
14906,2,2
14907,5,1
14908,2,3
14909,2,2
14910,2,2
14911,2,1
14912,4,1
14913,1,2
14914,1,2
14915,2,1
14916,5,1
14917,4,2
14918,1,2
14919,1,1
14920,1,1
14921,3,1
14922,2,2
14923,1,2
14924,3,2
14925,3,2
14926,1,2
14927,1,2
14928,1,2
14929,2,2
14930,2,1
14931,5,2
14932,2,3
14933,3,2
14934,1,2
14935,2,2
14936,4,2
14937,2,2
14938,4,2
14939,3,3
14940,2,2
14941,1,2
14942,1,2
14943,1,1
14944,1,1
14945,3,1
14946,1,3
14947,1,1
14948,1,0
14949,1,0
14950,2,0
14951,1,1
14952,1,0
14953,1,0
14954,3,1
14955,1,2
14956,2,1
14957,3,2
14958,6,2
14959,1,2
14960,6,3
14961,5,2
14962,3,3
14963,1,3
14964,3,4
14965,1,2
14966,1,2
14967,1,1
14968,1,1
14969,1,1
14970,1,1
14971,1,0
14972,1,0
14973,1,0
14974,2,0
14975,1,1
14976,1,1
14977,1,1
14978,1,0
14979,1,0
14980,1,0
14981,1,0
14982,1,1
14983,1,0
14984,1,0
14985,1,0
14986,1,0
14987,1,0
14988,1,0
14989,2,0
14990,4,1
14991,1,2
14992,1,2
14993,2,1
14994,2,4
14995,1,2
14996,1,1
14997,1,1
14998,1,1
14999,1,1
15000,1,1
15001,2,1
15002,1,2
15003,1,1
15004,1,1
15005,1,1
15006,2,1
15007,3,1
15008,3,3
15009,3,2
15010,4,2
15011,1,2
15012,3,2
15013,1,2
15014,2,2
15015,1,1
15016,1,1
15017,1,1
15018,1,1
15019,2,1
15020,2,2
15021,2,2
15022,2,1
15023,3,1
15024,4,2
15025,1,3
15026,2,1
15027,5,2
15028,3,2
15029,1,3
15030,3,3
15031,4,2
15032,1,3
15033,2,2
15034,1,3
15035,3,2
15036,4,1
15037,4,3
15038,2,3
15039,1,2
15040,3,2
15041,5,2
15042,6,3
15043,3,3
15044,2,3
15045,1,2
15046,4,2
15047,1,3
15048,1,2
15049,1,1
15050,5,0
15051,1,5
15052,1,2
15053,1,1
15054,1,3
15055,3,1
15056,3,2
15057,4,2
15058,4,2
15059,3,2
15060,1,3
15061,1,1
15062,1,1
15063,1,1
15064,1,0
15065,1,1
15066,1,1
15067,4,0
15068,1,2
15069,6,2
15070,1,2
15071,1,2
15072,4,4
15073,1,1
15074,1,3
15075,6,4
15076,1,2
15077,2,2
15078,3,3
15079,6,2
15080,7,3
15081,5,2
15082,4,2
15083,3,3
15084,1,3
15085,4,3
15086,1,3
15087,2,3
15088,1,2
15089,4,2
15090,3,3
15091,2,2
15092,1,2
15093,1,2
15094,1,1
15095,2,1
15096,1,1
15097,1,0
15098,1,0
15099,1,0
15100,1,0
15101,1,0
15102,1,0
15103,1,0
15104,1,0
15105,1,0
15106,1,0
15107,1,0
15108,1,0
15109,1,0
15110,3,2
15111,2,1
15112,1,2
15113,3,1
15114,2,3
15115,1,1
15116,3,1
15117,1,2
15118,1,1
15119,4,0
15120,4,4
15121,2,2
15122,1,2
15123,2,2
15124,2,1
15125,1,1
15126,1,1
15127,4,2
15128,4,2
15129,5,3
15130,2,4
15131,2,3
15132,4,2
15133,1,3
15134,4,2
15135,6,3
15136,3,3
15137,5,3
15138,6,4
15139,5,4
15140,6,4
15141,2,5
15142,7,4
15143,7,4
15144,7,5
15145,5,5
15146,4,6
15147,4,5
15148,5,4
15149,7,4
15150,11,5
15151,2,8
15152,3,5
15153,3,3
15154,6,2
15155,4,4
15156,5,3
15157,1,4
15158,7,2
15159,6,4
15160,7,4
15161,1,5
15162,11,4
15163,2,9
15164,4,3
15165,2,4
15166,1,3
15167,1,4
15168,1,4
15169,10,1
15170,1,6
15171,1,2
15172,8,1
15173,2,5
15174,1,3
15175,5,2
15176,1,2
15177,8,1
15178,11,4
15179,4,5
15180,1,2
15181,9,1
15182,1,5
15183,4,4
15184,1,2
15185,1,3
15186,4,1
15187,11,2
15188,4,11
15189,4,2
15190,1,2
15191,6,2
15192,4,2
15193,5,3
15194,5,2
15195,2,3
15196,5,3
15197,2,3
15198,1,4
15199,1,2
15200,1,3
15201,1,2
15202,1,3
15203,5,2
15204,2,2
15205,1,2
15206,1,2
15207,2,3
15208,1,1
15209,1,2
15210,1,1
15211,4,1
15212,4,1
15213,1,2
15214,1,2
15215,2,1
15216,1,1
15217,1,1
15218,1,0
15219,1,0
15220,1,0
15221,1,0
15222,1,0
15223,1,0
15224,1,0
15225,1,0
15226,3,0
15227,2,2
15228,1,1
15229,1,1
15230,1,0
15231,2,0
15232,2,2
15233,1,1
15234,2,1
15235,1,1
15236,1,1
15237,1,1
15238,4,2
15239,5,2
15240,5,2
15241,6,2
15242,4,3
15243,4,3
15244,1,3
15245,5,3
15246,1,2
15247,6,3
15248,5,3
15249,5,3
15250,8,3
15251,5,4
15252,2,3
15253,6,4
15254,5,4
15255,6,3
15256,3,3
15257,3,4
15258,1,3
15259,1,4
15260,5,3
15261,1,3
15262,2,2
15263,1,1
15264,1,1
15265,2,1
15266,1,2
15267,1,0
15268,1,0
15269,1,0
15270,1,0
15271,1,0
15272,1,0
15273,5,0
15274,2,5
15275,1,1
15276,1,1
15277,1,1
15278,1,1
15279,1,1
15280,1,0
15281,2,0
15282,2,1
15283,2,1
15284,1,1
15285,2,1
15286,3,2
15287,1,1
15288,2,2
15289,1,2
15290,3,2
15291,6,2
15292,1,4
15293,2,3
15294,2,2
15295,1,2
15296,1,2
15297,1,2
15298,1,2
15299,3,2
15300,2,2
15301,6,3
15302,1,2
15303,1,3
15304,1,3
15305,2,2
15306,2,3
15307,1,2
15308,1,2
15309,1,2
15310,1,1
15311,1,1
15312,1,0
15313,1,0
15314,1,1
15315,1,0
15316,2,0
15317,2,1
15318,1,1
15319,4,0
15320,1,5
15321,1,0
15322,1,0
15323,1,0
15324,4,1
15325,3,3
15326,3,2
15327,2,2
15328,3,2
15329,2,1
15330,1,2
15331,3,1
15332,4,1
15333,5,3
15334,5,2
15335,1,3
15336,3,1
15337,1,2
15338,1,2
15339,5,2
15340,2,2
15341,4,2
15342,2,2
15343,1,2
15344,1,2
15345,1,1
15346,2,1
15347,1,1
15348,1,1
15349,2,1
15350,3,1
15351,5,2
15352,2,2
15353,1,2
15354,3,1
15355,1,1
15356,1,1
15357,1,1
15358,1,1
15359,1,1
15360,2,1
15361,3,1
15362,2,2
15363,1,1
15364,2,1
15365,1,1
15366,4,1
15367,3,2
15368,3,2
15369,2,2
15370,4,2
15371,3,3
15372,5,2
15373,4,2
15374,3,3
15375,1,2
15376,1,3
15377,1,2
15378,2,2
15379,2,1
15380,1,2
15381,1,1
15382,1,1
15383,2,1
15384,1,2
15385,2,1
15386,4,1
15387,2,3
15388,5,1
15389,5,2
15390,1,3
15391,2,3
15392,2,2
15393,1,2
15394,1,2
15395,5,2
15396,4,3
15397,5,3
15398,3,3
15399,2,3
15400,4,3
15401,6,3
15402,7,4
15403,5,4
15404,7,4
15405,6,6
15406,5,5
15407,4,5
15408,5,5
15409,3,4
15410,5,3
15411,1,4
15412,4,3
15413,3,3
15414,4,3
15415,3,2
15416,2,3
15417,2,2
15418,4,2
15419,1,3
15420,3,2
15421,5,2
15422,4,3
15423,2,3
15424,4,2
15425,1,2
15426,1,2
15427,5,2
15428,3,3
15429,3,3
15430,1,2
15431,3,2
15432,1,2
15433,1,1
15434,2,1
15435,1,2
15436,1,1
15437,1,1
15438,1,1
15439,2,0
15440,1,1
15441,1,1
15442,1,0
15443,1,0
15444,1,0
15445,1,0
15446,1,0
15447,2,0
15448,1,1
15449,2,1
15450,1,1
15451,1,1
15452,2,1
15453,4,1
15454,1,3
15455,1,2
15456,5,2
15457,5,3
15458,3,3
15459,5,3
15460,1,4
15461,1,3
15462,4,3
15463,2,2
15464,4,2
15465,3,3
15466,1,3
15467,4,3
15468,2,3
15469,1,3
15470,1,1
15471,1,1
15472,1,1
15473,12,1
15474,12,16
15475,10,5
15476,9,10
15477,2,7
15478,1,4
15479,2,2
15480,1,2
15481,2,1
15482,2,1
15483,2,1
15484,1,1
15485,1,1
15486,1,1
15487,1,2
15488,1,2
15489,3,2
15490,1,1
15491,1,1
15492,2,1
15493,1,1
15494,5,2
15495,4,3
15496,3,2
15497,1,2
15498,2,2
15499,1,2
15500,1,1
15501,2,1
15502,2,1
15503,1,1
15504,1,1
15505,1,1
15506,3,0
15507,3,3
15508,5,2
15509,3,3
15510,3,2
15511,2,2
15512,4,2
15513,2,2
15514,4,2
15515,3,2
15516,2,2
15517,3,2
15518,1,2
15519,2,1
15520,1,1
15521,1,1
15522,1,1
15523,1,1
15524,1,0
15525,1,0
15526,2,0
15527,1,1
15528,3,0
15529,1,3
15530,1,0
15531,2,0
15532,1,2
15533,2,1
15534,2,2
15535,3,1
15536,1,3
15537,2,1
15538,3,1
15539,1,2
15540,1,1
15541,1,1
15542,1,0
15543,1,1
15544,1,0
15545,5,0
15546,4,5
15547,1,2
15548,1,2
15549,1,1
15550,1,1
15551,2,1
15552,1,1
15553,1,2
15554,1,1
15555,1,2
15556,3,1
15557,1,2
15558,2,1
15559,1,2
15560,4,1
15561,1,3
15562,1,1
15563,2,1
15564,1,1
15565,1,0
15566,1,2
15567,5,3
15568,3,3
15569,3,2
15570,1,3
15571,1,3
15572,1,3
15573,1,3
15574,1,2
15575,6,1
15576,2,3
15577,2,2
15578,1,1
15579,2,1
15580,1,1
15581,2,1
15582,1,1
15583,1,1
15584,1,1
15585,1,1
15586,1,1
15587,1,0
15588,1,1
15589,1,1
15590,2,1
15591,2,1
15592,2,1
15593,2,2
15594,1,1
15595,1,1
15596,2,1
15597,3,1
15598,3,2
15599,3,2
15600,2,2
15601,1,2
15602,1,1
15603,1,1
15604,2,1
15605,1,1
15606,2,1
15607,2,1
15608,1,1
15609,5,1
15610,1,2
15611,1,2
15612,5,2
15613,5,2
15614,4,3
15615,4,3
15616,4,3
15617,3,2
15618,4,2
15619,4,3
15620,1,3
15621,1,2
15622,1,1
15623,1,1
15624,1,1
15625,1,0
15626,1,0
15627,2,0
15628,3,1
15629,1,1
15630,3,1
15631,2,2
15632,1,1
15633,3,2
15634,1,2
15635,4,1
15636,2,2
15637,3,2
15638,1,2
15639,1,1
15640,1,2
15641,1,2
15642,8,3
15643,3,3
15644,3,3
15645,9,2
15646,3,4
15647,4,4
15648,9,3
15649,4,5
15650,6,4
15651,7,3
15652,7,5
15653,3,5
15654,4,5
15655,9,3
15656,5,7
15657,8,4
15658,7,6
15659,5,5
15660,4,5
15661,2,5
15662,3,4
15663,1,3
15664,4,4
15665,1,3
15666,2,2
15667,3,2
15668,3,3
15669,3,3
15670,3,3
15671,4,2
15672,1,3
15673,2,2
15674,1,2
15675,1,1
15676,1,1
15677,1,0
15678,1,0
15679,1,0
15680,1,1
15681,1,0
15682,2,0
15683,1,1
15684,1,1
15685,1,1
15686,1,3
15687,6,2
15688,6,2
15689,7,2
15690,4,2
15691,1,3
15692,1,1
15693,1,1
15694,1,1
15695,1,1
15696,1,2
15697,1,3
15698,1,1
15699,1,2
15700,1,2
15701,1,2
15702,4,2
15703,1,3
15704,3,1
15705,1,2
15706,1,2
15707,1,2
15708,6,3
15709,4,2
15710,1,2
15711,5,3
15712,6,3
15713,2,3
15714,1,3
15715,4,2
15716,1,3
15717,1,3
15718,1,2
15719,1,2
15720,1,1
15721,4,1
15722,6,4
15723,4,3
15724,1,3
15725,1,3
15726,2,2
15727,1,1
15728,1,1
15729,1,1
15730,1,1
15731,1,1
15732,8,1
15733,1,11
15734,1,3
15735,1,2
15736,1,3
15737,1,2
15738,1,3
15739,1,3
15740,11,3
15741,5,9
15742,1,2
15743,1,3
15744,1,3
15745,1,3
15746,1,3
15747,7,2
15748,1,2
15749,1,3
15750,12,3
15751,8,6
15752,1,4
15753,1,3
15754,1,4
15755,7,3
15756,1,2
15757,1,2
15758,1,3
15759,1,3
15760,1,3
15761,1,3
15762,1,2
15763,3,2
15764,8,2
15765,1,3
15766,5,2
15767,5,1
15768,1,2
15769,1,3
15770,1,3
15771,8,2
15772,1,3
15773,1,3
15774,1,2
15775,1,3
15776,5,3
15777,1,1
15778,1,3
15779,1,3
15780,10,3
15781,1,3
15782,1,2
15783,7,2
15784,2,2
15785,1,3
15786,13,2
15787,1,11
15788,1,2
15789,1,3
15790,1,3
15791,1,2
15792,1,2
15793,1,2
15794,1,2
15795,1,2
15796,4,2
15797,1,1
15798,1,2
15799,1,2
15800,1,2
15801,1,2
15802,1,2
15803,1,2
15804,1,2
15805,5,1
15806,1,1
15807,1,1
15808,1,1
15809,1,1
15810,1,1
15811,1,1
15812,1,1
15813,1,1
15814,1,1
15815,1,1
15816,1,1
15817,1,2
15818,1,1
15819,1,1
15820,1,1
15821,1,1
15822,1,1
15823,1,1
15824,1,1
15825,1,1
15826,4,1
15827,1,1
15828,1,1
15829,1,1
15830,1,2
15831,6,1
15832,1,1
15833,1,2
15834,1,2
15835,1,1
15836,1,1
15837,1,2
15838,1,1
15839,1,2
15840,1,2
15841,1,2
15842,8,2
15843,1,1
15844,1,2
15845,1,2
15846,1,2
15847,1,2
15848,1,1
15849,2,2
15850,1,1
15851,1,1
15852,1,2
15853,1,1
15854,1,1
15855,1,1
15856,1,1
15857,1,0
15858,1,0
15859,1,0
15860,1,1
15861,7,1
15862,1,2
15863,1,1
15864,2,2
15865,1,1
15866,1,1
15867,5,1
15868,1,1
15869,1,1
15870,2,1
15871,1,1
15872,6,1
15873,6,1
15874,1,1
15875,1,1
15876,1,2
15877,1,2
15878,1,2
15879,1,2
15880,1,2
15881,4,2
15882,1,1
15883,10,2
15884,1,2
15885,1,2
15886,8,3
15887,1,2
15888,9,2
15889,4,2
15890,1,3
15891,1,3
15892,1,2
15893,1,3
15894,1,2
15895,1,2
15896,1,3
15897,1,3
15898,1,2
15899,1,2
15900,2,2
15901,1,2
15902,1,2
15903,11,2
15904,1,6
15905,1,2
15906,5,2
15907,2,1
15908,1,1
15909,1,1
15910,1,2
15911,1,1
15912,1,1
15913,1,1
15914,1,1
15915,1,1
15916,1,0
15917,2,0
15918,1,1
15919,1,0
15920,1,0
15921,3,0
15922,1,1
15923,1,1
15924,1,1
15925,2,1
15926,1,1
15927,1,0
15928,1,1
15929,4,1
15930,1,1
15931,1,1
15932,1,0
15933,1,0
15934,1,0
15935,1,0
15936,1,0
15937,1,0
15938,1,0
15939,1,0
15940,2,1
15941,3,0
15942,2,1
15943,2,1
15944,1,1
15945,1,1
15946,1,2
15947,8,2
15948,4,2
15949,1,2
15950,8,2
15951,6,2
15952,1,3
15953,1,2
15954,1,1
15955,1,0
15956,1,0
15957,2,1
15958,1,1
15959,1,1
15960,1,0
15961,1,1
15962,2,1
15963,1,1
15964,1,1
15965,1,0
15966,3,1
15967,1,1
15968,1,1
15969,1,1
15970,2,1
15971,1,2
15972,1,1
15973,1,0
15974,1,0
15975,1,0
15976,1,0
15977,1,1
15978,2,0
15979,1,1
15980,2,0
15981,1,1
15982,1,0
15983,1,2
15984,1,1
15985,1,1
15986,1,1
15987,1,1
15988,1,2
15989,1,1
15990,1,2
15991,4,2
15992,1,1
15993,5,1
15994,1,1
15995,6,1
15996,4,2
15997,1,1
15998,1,2
15999,1,2
16000,8,3
16001,6,2
16002,1,3
16003,9,2
16004,12,3
16005,1,6
16006,1,4
16007,1,2
16008,1,3
16009,9,3
16010,1,3
16011,14,2
16012,1,11
16013,1,1
16014,1,2
16015,1,1
16016,1,1
16017,1,0
16018,1,1
16019,1,1
16020,2,1
16021,4,1
16022,5,1
16023,8,1
16024,6,2
16025,1,2
16026,6,1
16027,5,2
16028,5,2
16029,1,2
16030,6,1
16031,1,2
16032,1,1
16033,1,1
16034,1,1
16035,2,1
16036,2,1
16037,1,1
16038,1,1
16039,1,1
16040,1,2
16041,1,2
16042,1,1
16043,1,2
16044,1,2
16045,2,2
16046,1,2
16047,1,2
16048,1,2
16049,1,1
16050,1,2
16051,1,1
16052,1,1
16053,1,1
16054,1,1
16055,1,2
16056,1,2
16057,8,2
16058,7,1
16059,3,2
16060,1,4
16061,1,2
16062,1,3
16063,5,3
16064,1,1
16065,1,2
16066,6,2
16067,4,1
16068,1,2
16069,1,2
16070,1,2
16071,1,1
16072,1,2
16073,1,1
16074,1,1
16075,1,0
16076,2,1
16077,2,1
16078,1,1
16079,1,1
16080,1,1
16081,2,1
16082,1,1
16083,1,1
16084,3,1
16085,1,1
16086,1,1
16087,1,1
16088,1,2
16089,1,1
16090,1,1
16091,1,2
16092,1,2
16093,1,1
16094,1,1
16095,1,1
16096,1,1
16097,1,0
16098,6,0
16099,3,4
16100,2,1
16101,1,1
16102,1,2
16103,1,2
16104,1,2
16105,1,2
16106,6,3
16107,7,2
16108,1,2
16109,1,2
16110,1,3
16111,1,2
16112,1,3
16113,1,2
16114,1,2
16115,7,2
16116,1,2
16117,1,2
16118,1,3
16119,1,2
16120,1,3
16121,1,2
16122,1,1
16123,1,2
16124,1,1
16125,1,1
16126,1,0
16127,2,0
16128,1,1
16129,1,0
16130,2,0
16131,1,1
16132,1,0
16133,1,0
16134,1,0
16135,1,0
16136,4,0
16137,1,2
16138,1,1
16139,1,0
16140,1,0
16141,3,0
16142,1,2
16143,11,0
16144,1,10
16145,1,1
16146,1,1
16147,1,1
16148,9,1
16149,1,2
16150,1,1
16151,1,0
16152,1,1
16153,1,0
16154,1,0
16155,1,1
16156,1,0
16157,1,0
16158,12,0
16159,1,6
16160,1,0
16161,1,1
16162,1,0
16163,1,1
16164,1,1
16165,1,1
16166,1,1
16167,1,1
16168,1,1
16169,1,1
16170,1,1
16171,1,1
16172,1,1
16173,2,1
16174,2,1
16175,5,1
16176,5,1
16177,1,1
16178,10,1
16179,3,3
16180,1,1
16181,1,1
16182,4,1
16183,1,1
16184,1,1
16185,5,1
16186,10,1
16187,7,4
16188,5,2
16189,1,1
16190,1,2
16191,1,2
16192,8,2
16193,1,2
16194,7,2
16195,1,1
16196,1,2
16197,1,2
16198,1,2
16199,1,2
16200,1,1
16201,1,2
16202,10,2
16203,2,4
16204,1,2
16205,7,2
16206,7,1
16207,1,2
16208,9,1
16209,2,4
16210,1,2
16211,2,3
16212,1,1
16213,1,1
16214,1,1
16215,4,1
16216,1,2
16217,1,1
16218,1,1
16219,1,1
16220,1,0
16221,1,1
16222,1,1
16223,1,1
16224,1,0
16225,3,0
16226,1,1
16227,1,1
16228,1,1
16229,2,1
16230,3,1
16231,1,1
16232,2,1
16233,1,1
16234,2,0
16235,1,1
16236,1,0
16237,1,1
16238,1,1
16239,2,0
16240,1,1
16241,1,0
16242,1,1
16243,1,1
16244,1,1
16245,1,1
16246,3,1
16247,1,1
16248,1,1
16249,1,2
16250,1,1
16251,1,1
16252,1,1
16253,4,2
16254,3,1
16255,1,1
16256,1,1
16257,5,1
16258,1,2
16259,1,1
16260,1,2
16261,1,2
16262,3,1
16263,1,2
16264,4,2
16265,1,1
16266,3,2
16267,1,1
16268,1,1
16269,1,1
16270,5,1
16271,1,3
16272,3,1
16273,1,1
16274,1,1
16275,3,1
16276,1,1
16277,1,1
16278,3,1
16279,1,1
16280,1,2
16281,3,1
16282,1,1
16283,1,1
16284,1,0
16285,1,0
16286,1,0
16287,1,0
16288,1,0
16289,1,0
16290,1,0
16291,1,0
16292,1,1
16293,1,1
16294,1,1
16295,1,1
16296,1,1
16297,1,1
16298,1,1
16299,1,1
16300,1,1
16301,1,1
16302,6,1
16303,1,2
16304,1,1
16305,1,1
16306,1,1
16307,1,0
16308,1,1
16309,1,1
16310,1,1
16311,1,0
16312,1,0
16313,5,0
16314,1,3
16315,1,1
16316,1,0
16317,1,2
16318,1,1
16319,3,1
16320,1,1
16321,1,1
16322,3,1
16323,1,1
16324,1,2
16325,1,1
16326,1,2
16327,1,2
16328,1,2
16329,6,3
16330,6,1
16331,1,1
16332,1,2
16333,1,2
16334,6,2
16335,1,2
16336,1,2
16337,9,2
16338,1,3
16339,1,2
16340,1,3
16341,7,2
16342,1,2
16343,1,2
16344,1,2
16345,5,2
16346,1,2
16347,1,1
16348,1,1
16349,1,1
16350,1,1
16351,1,1
16352,1,1
16353,1,0
16354,1,0
16355,1,0
16356,1,1
16357,1,1
16358,1,0
16359,1,1
16360,1,0
16361,1,0
16362,1,0
16363,1,1
16364,1,2
16365,1,1
16366,1,1
16367,1,1
16368,1,1
16369,1,0
16370,1,0
16371,1,0
16372,1,0
16373,1,0
16374,5,0
16375,1,3
16376,1,1
16377,1,2
16378,8,3
16379,1,2
16380,1,2
16381,8,3
16382,1,2
16383,8,3
16384,1,3
16385,1,3
16386,3,4
16387,1,3
16388,1,2
16389,10,3
16390,4,3
16391,3,2
16392,5,2
16393,1,2
16394,5,3
16395,4,2
16396,5,2
16397,1,2
16398,1,3
16399,5,3
16400,1,2
16401,1,2
16402,1,3
16403,1,3
16404,1,2
16405,1,1
16406,1,1
16407,1,1
16408,1,1
16409,1,0
16410,1,0
16411,1,0
16412,1,1
16413,1,2
16414,1,2
16415,1,2
16416,1,2
16417,6,2
16418,1,1
16419,6,2
16420,1,2
16421,6,3
16422,4,2
16423,2,3
16424,7,2
16425,6,2
16426,1,2
16427,1,3
16428,1,3
16429,10,3
16430,1,4
16431,1,2
16432,1,4
16433,1,3
16434,1,3
16435,1,2
16436,1,2
16437,2,2
16438,1,1
16439,1,1
16440,2,2
16441,2,1
16442,5,1
16443,1,2
16444,1,2
16445,1,1
16446,2,1
16447,1,1
16448,1,2
16449,1,1
16450,1,0
16451,1,1
16452,1,2
16453,2,1
16454,1,1
16455,1,1
16456,1,1
16457,2,1
16458,1,1
16459,1,1
16460,1,1
16461,3,1
16462,2,1
16463,2,1
16464,1,1
16465,1,2
16466,1,2
16467,1,2
16468,1,2
16469,1,2
16470,1,2
16471,2,1
16472,5,1
16473,1,2
16474,1,1
16475,5,1
16476,2,2
16477,2,1
16478,1,2
16479,5,1
16480,1,3
16481,1,1
16482,1,1
16483,3,0
16484,1,3
16485,3,2
16486,3,1
16487,2,2
16488,3,1
16489,2,1
16490,2,1
16491,4,1
16492,1,2
16493,1,1
16494,1,1
16495,1,2
16496,1,1
16497,2,1
16498,2,1
16499,4,1
16500,1,2
16501,1,2
16502,4,3
16503,2,2
16504,1,2
16505,2,2
16506,1,1
16507,1,1
16508,1,1
16509,1,1
16510,1,2
16511,3,2
16512,1,1
16513,2,1
16514,1,2
16515,1,1
16516,2,2
16517,10,1
16518,1,14
16519,1,1
16520,1,1
16521,6,1
16522,4,1
16523,2,1
16524,1,1
16525,2,1
16526,1,1
16527,1,1
16528,1,0
16529,1,0
16530,1,0
16531,1,0
16532,1,0
16533,5,0
16534,8,2
16535,5,3
16536,5,2
16537,7,2
16538,3,3
16539,6,3
16540,6,2
16541,6,2
16542,5,2
16543,5,2
16544,6,2
16545,5,3
16546,6,2
16547,1,3
16548,6,2
16549,8,3
16550,5,4
16551,3,4
16552,7,3
16553,6,4
16554,6,4
16555,3,3
16556,1,3
16557,1,2
16558,4,4
16559,6,2
16560,2,2
16561,3,4
16562,2,2
16563,1,2
16564,2,2
16565,1,1
16566,1,1
16567,1,1
16568,1,0
16569,1,0
16570,3,0
16571,1,2
16572,2,0
16573,1,2
16574,1,0
16575,3,1
16576,2,2
16577,1,1
16578,40,1
16579,16,15
16580,18,13
16581,1,21
16582,1,0
16583,1,0
16584,3,0
16585,3,0
16586,2,0
16587,2,1
16588,3,0
16589,1,1
16590,1,0
16591,5,0
16592,2,1
16593,3,1
16594,3,1
16595,1,1
16596,4,1
16597,4,1
16598,1,1
16599,1,1
16600,1,1
16601,1,1
16602,5,1
16603,2,1
16604,2,1
16605,1,1
16606,1,1
16607,1,1
16608,1,1
16609,1,1
16610,5,1
16611,1,1
16612,1,1
16613,8,2
16614,7,1
16615,1,1
16616,6,1
16617,1,1
16618,1,1
16619,6,2
16620,4,1
16621,2,1
16622,1,1
16623,2,1
16624,2,1
16625,1,1
16626,1,1
16627,1,1
16628,7,1
16629,4,2
16630,1,2
16631,2,1
16632,1,1
16633,1,1
16634,6,1
16635,1,2
16636,1,1
16637,6,1
16638,4,2
16639,3,1
16640,3,2
16641,4,1
16642,5,2
16643,1,1
16644,2,1
16645,4,1
16646,2,1
16647,3,1
16648,1,1
16649,4,1
16650,1,2
16651,1,1
16652,4,1
16653,1,1
16654,3,1
16655,1,1
16656,3,1
16657,1,1
16658,2,1
16659,2,1
16660,3,1
16661,1,1
16662,1,0
16663,4,1
16664,5,1
16665,3,1
16666,3,2
16667,1,2
16668,3,2
16669,1,1
16670,2,1
16671,3,2
16672,1,1
16673,2,1
16674,1,1
16675,1,1
16676,1,1
16677,1,1
16678,1,1
16679,1,1
16680,1,0
16681,1,0
16682,1,0
16683,1,0
16684,2,1
16685,2,2
16686,1,1
16687,1,0
16688,1,0
16689,1,1
16690,1,1
16691,1,1
16692,1,0
16693,1,0
16694,2,0
16695,1,1
16696,1,0
16697,1,0
16698,1,1
16699,1,0
16700,1,0
16701,1,1
16702,2,0
16703,1,1
16704,1,0
16705,1,0
16706,1,0
16707,1,0
16708,1,0
16709,2,0
16710,1,1
16711,1,0
16712,1,1
16713,1,1
16714,1,2
16715,1,2
16716,2,2
16717,1,2
16718,11,2
16719,1,5
16720,8,2
16721,6,2
16722,1,2
16723,1,4
16724,1,4
16725,1,3
16726,1,3
16727,7,3
16728,2,2
16729,5,4
16730,2,1
16731,1,3
16732,1,3
16733,1,1
16734,1,2
16735,1,1
16736,2,1
16737,1,1
16738,1,0
16739,1,1
16740,1,0
16741,1,0
16742,1,0
16743,1,1
16744,1,0
16745,3,0
16746,10,1
16747,2,6
16748,2,2
16749,4,2
16750,2,2
16751,7,3
16752,1,2
16753,6,3
16754,1,2
16755,1,3
16756,1,3
16757,5,2
16758,3,1
16759,3,2
16760,6,2
16761,5,2
16762,1,2
16763,4,2
16764,4,1
16765,5,2
16766,2,2
16767,4,3
16768,1,2
16769,6,2
16770,3,2
16771,3,2
16772,4,2
16773,1,2
16774,1,1
16775,6,2
16776,4,3
16777,4,2
16778,1,2
16779,1,2
16780,1,1
16781,1,1
16782,3,1
16783,1,2
16784,3,2
16785,2,2
16786,2,2
16787,1,1
16788,1,1
16789,1,1
16790,2,1
16791,1,2
16792,1,1
16793,1,0
16794,1,1
16795,4,1
16796,1,5
16797,1,2
16798,1,0
16799,1,1
16800,1,0
16801,1,0
16802,1,0
16803,1,0
16804,1,0
16805,1,0
16806,3,0
16807,1,2
16808,1,0
16809,1,1
16810,1,1
16811,1,0
16812,1,0
16813,1,1
16814,1,1
16815,4,0
16816,1,5
16817,1,1
16818,3,1
16819,1,2
16820,4,1
16821,2,2
16822,1,1
16823,1,2
16824,1,1
16825,2,1
16826,3,2
16827,1,1
16828,1,1
16829,1,0
16830,1,0
16831,1,0
16832,1,0
16833,1,1
16834,4,0
16835,4,4
16836,2,2
16837,3,2
16838,2,2
16839,1,1
16840,1,1
16841,1,1
16842,6,1
16843,3,2
16844,1,2
16845,1,2
16846,1,1
16847,4,0
16848,1,2
16849,3,0
16850,3,2
16851,3,2
16852,5,2
16853,3,2
16854,2,2
16855,2,2
16856,1,2
16857,1,1
16858,5,2
16859,1,2
16860,3,2
16861,2,1
16862,5,2
16863,5,2
16864,2,3
16865,1,2
16866,1,2
16867,2,3
16868,6,2
16869,1,2
16870,5,3
16871,4,1
16872,4,2
16873,1,3
16874,4,2
16875,7,1
16876,2,1
16877,1,4
16878,1,3
16879,1,3
16880,5,2
16881,6,3
16882,1,3
16883,1,2
16884,10,4
16885,4,4
16886,1,4
16887,8,2
16888,6,5
16889,1,4
16890,1,5
16891,8,3
16892,7,4
16893,5,3
16894,2,3
16895,7,2
16896,5,3
16897,5,2
16898,4,3
16899,2,3
16900,4,3
16901,2,2
16902,1,3
16903,1,4
16904,1,3
16905,4,3
16906,5,2
16907,1,2
16908,1,3
16909,5,4
16910,2,2
16911,3,4
16912,5,3
16913,5,2
16914,3,4
16915,4,3
16916,2,3
16917,2,1
16918,2,1
16919,2,1
16920,6,2
16921,1,3
16922,6,3
16923,2,2
16924,1,5
16925,1,4
16926,11,4
16927,7,5
16928,1,3
16929,2,5
16930,7,5
16931,9,2
16932,6,6
16933,6,4
16934,1,3
16935,2,4
16936,1,2
16937,1,4
16938,1,4
16939,1,4
16940,7,4
16941,5,2
16942,5,3
16943,3,2
16944,2,4
16945,5,3
16946,1,2
16947,1,2
16948,5,1
16949,4,4
16950,2,2
16951,3,3
16952,3,2
16953,1,1
16954,1,2
16955,1,2
16956,1,1
16957,2,0
16958,2,2
16959,2,2
16960,1,1
16961,2,1
16962,3,1
16963,1,4
16964,1,1
16965,1,0
16966,1,0
16967,2,2
16968,2,1
16969,1,1
16970,1,1
16971,1,1
16972,1,2
16973,5,2
16974,3,2
16975,2,3
16976,1,2
16977,3,2
16978,1,2
16979,1,2
16980,4,2
16981,1,3
16982,6,3
16983,2,2
16984,4,3
16985,2,2
16986,4,3
16987,3,3
16988,4,2
16989,5,3
16990,3,4
16991,2,3
16992,4,3
16993,3,3
16994,1,2
16995,1,2
16996,1,3
16997,1,3
16998,1,2
16999,1,1
17000,1,2
17001,2,1
17002,2,1
17003,1,1
17004,1,1
17005,2,0
17006,1,2
17007,1,2
17008,1,2
17009,1,1
17010,1,1
17011,1,2
17012,1,2
17013,1,1
17014,2,0
17015,1,1
17016,2,2
17017,1,1
17018,2,1
17019,1,1
17020,1,1
17021,1,2
17022,3,3
17023,4,2
17024,4,2
17025,1,2
17026,1,2
17027,1,1
17028,1,2
17029,4,2
17030,3,2
17031,1,2
17032,1,1
17033,4,2
17034,1,2
17035,4,2
17036,1,2
17037,1,1
17038,1,1
17039,13,1
17040,4,20
17041,5,1
17042,2,1
17043,4,1
17044,1,1
17045,2,0
17046,5,1
17047,2,1
17048,1,1
17049,3,1
17050,3,1
17051,1,1
17052,2,1
17053,2,1
17054,1,1
17055,1,0
17056,2,0
17057,2,1
17058,1,1
17059,1,0
17060,2,0
17061,2,1
17062,4,1
17063,1,1
17064,1,1
17065,3,1
17066,1,1
17067,1,1
17068,1,0
17069,1,0
17070,1,1
17071,1,1
17072,4,0
17073,4,2
17074,2,1
17075,7,2
17076,3,2
17077,1,2
17078,1,1
17079,5,1
17080,6,2
17081,1,1
17082,1,1
17083,1,2
17084,4,1
17085,1,1
17086,1,2
17087,1,1
17088,1,1
17089,1,2
17090,1,1
17091,2,1
17092,1,1
17093,1,2
17094,1,1
17095,1,1
17096,1,1
17097,1,0
17098,1,1
17099,2,0
17100,1,1
17101,1,0
17102,1,2
17103,1,1
17104,1,2
17105,7,1
17106,2,1
17107,8,2
17108,5,2
17109,4,1
17110,1,2
17111,2,1
17112,2,1
17113,1,1
17114,3,1
17115,5,2
17116,1,2
17117,1,2
17118,5,1
17119,1,2
17120,5,1
17121,5,2
17122,1,1
17123,2,2
17124,1,1
17125,4,1
17126,3,2
17127,1,2
17128,1,1
17129,1,1
17130,6,2
17131,4,2
17132,6,2
17133,3,2
17134,1,3
17135,2,3
17136,1,2
17137,4,3
17138,1,1
17139,1,3
17140,5,2
17141,5,2
17142,1,2
17143,4,2
17144,4,2
17145,3,2
17146,3,1
17147,1,1
17148,2,1
17149,1,1
17150,1,1
17151,1,1
17152,1,0
17153,2,0
17154,1,1
17155,2,1
17156,1,1
17157,1,0
17158,1,0
17159,4,0
17160,1,3
17161,1,0
17162,2,0
17163,3,2
17164,2,2
17165,1,1
17166,1,2
17167,1,1
17168,1,1
17169,1,1
17170,4,1
17171,3,3
17172,2,2
17173,2,1
17174,2,1
17175,2,1
17176,3,1
17177,2,1
17178,2,1
17179,2,1
17180,1,1
17181,1,2
17182,1,1
17183,2,1
17184,1,1
17185,2,1
17186,1,1
17187,1,0
17188,1,1
17189,2,1
17190,2,1
17191,4,1
17192,2,2
17193,4,2
17194,1,1
17195,3,1
17196,5,2
17197,6,2
17198,4,3
17199,5,2
17200,4,2
17201,1,3
17202,1,2
17203,1,1
17204,2,1
17205,2,1
17206,1,2
17207,2,0
17208,2,2
17209,1,1
17210,1,2
17211,1,1
17212,2,1
17213,2,1
17214,1,1
17215,1,1
17216,1,1
17217,3,1
17218,1,2
17219,1,1
17220,1,0
17221,1,0
17222,1,0
17223,1,1
17224,1,0
17225,1,0
17226,1,1
17227,3,1
17228,1,2
17229,1,0
17230,4,1
17231,1,2
17232,1,1
17233,1,2
17234,1,2
17235,1,1
17236,4,2
17237,5,1
17238,1,3
17239,1,3
17240,1,3
17241,1,3
17242,1,3
17243,4,3
17244,1,1
17245,1,2
17246,4,2
17247,5,2
17248,1,3
17249,4,3
17250,1,2
17251,4,2
17252,1,2
17253,3,1
17254,4,1
17255,1,2
17256,1,2
17257,1,1
17258,4,1
17259,1,2
17260,1,1
17261,1,1
17262,3,1
17263,3,3
17264,1,2
17265,4,1
17266,7,2
17267,3,3
17268,3,3
17269,2,2
17270,2,1
17271,2,2
17272,2,1
17273,2,2
17274,1,2
17275,2,1
17276,6,2
17277,7,2
17278,2,3
17279,6,3
17280,1,2
17281,1,4
17282,6,4
17283,6,2
17284,1,2
17285,1,2
17286,6,5
17287,1,2
17288,6,4
17289,1,2
17290,1,4
17291,7,4
17292,9,2
17293,4,4
17294,3,4
17295,9,4
17296,4,5
17297,7,5
17298,7,4
17299,6,6
17300,5,4
17301,4,5
17302,5,4
17303,6,5
17304,4,4
17305,6,5
17306,5,5
17307,2,4
17308,4,5
17309,3,4
17310,1,4
17311,1,4
17312,3,3
17313,5,3
17314,5,3
17315,3,3
17316,8,3
17317,5,5
17318,4,4
17319,6,4
17320,4,5
17321,9,3
17322,4,8
17323,3,4
17324,3,3
17325,1,3
17326,2,2
17327,1,1
17328,1,1
17329,6,3
17330,5,2
17331,5,3
17332,2,4
17333,5,2
17334,6,4
17335,4,3
17336,4,4
17337,5,3
17338,2,5
17339,6,4
17340,3,4
17341,4,4
17342,6,3
17343,2,2
17344,7,3
17345,6,5
17346,4,3
17347,6,4
17348,2,3
17349,5,5
17350,4,4
17351,2,4
17352,5,5
17353,2,4
17354,3,4
17355,4,4
17356,6,3
17357,5,2
17358,2,3
17359,2,4
17360,1,3
17361,1,2
17362,1,5
17363,1,3
17364,1,4
17365,3,5
17366,1,2
17367,1,2
17368,1,2
17369,7,3
17370,2,3
17371,1,3
17372,1,2
17373,1,2
17374,1,2
17375,2,1
17376,2,1
17377,1,1
17378,1,1
17379,3,2
17380,2,2
17381,5,1
17382,3,2
17383,1,2
17384,3,2
17385,1,2
17386,1,2
17387,1,1
17388,2,1
17389,1,1
17390,1,1
17391,4,2
17392,3,2
17393,2,1
17394,1,2
17395,2,1
17396,4,3
17397,2,2
17398,6,1
17399,1,3
17400,1,2
17401,4,2
17402,1,2
17403,7,1
17404,5,8
17405,2,3
17406,2,2
17407,2,2
17408,5,1
17409,2,3
17410,1,3
17411,4,2
17412,1,3
17413,2,2
17414,1,2
17415,1,1
17416,1,1
17417,1,1
17418,2,1
17419,2,2
17420,3,2
17421,1,2
17422,3,2
17423,1,2
17424,1,2
17425,1,1
17426,3,3
17427,1,2
17428,1,3
17429,1,2
17430,6,2
17431,1,2
17432,1,3
17433,6,4
17434,4,2
17435,1,3
17436,1,2
17437,1,2
17438,1,1
17439,1,2
17440,1,1
17441,1,1
17442,1,1
17443,1,0
17444,1,0
17445,1,0
17446,1,1
17447,2,0
17448,1,2
17449,1,1
17450,3,1
17451,1,2
17452,1,1
17453,1,1
17454,3,1
17455,1,2
17456,1,1
17457,1,1
17458,1,1
17459,1,1
17460,1,0
17461,1,0
17462,1,1
17463,1,2
17464,1,2
17465,6,3
17466,1,2
17467,1,4
17468,1,2
17469,4,4
17470,1,2
17471,4,3
17472,4,2
17473,1,3
17474,5,3
17475,1,2
17476,1,1
17477,1,3
17478,1,2
17479,1,1
17480,1,2
17481,1,1
17482,1,2
17483,2,1
17484,1,1
17485,1,1
17486,1,0
17487,2,0
17488,2,1
17489,1,1
17490,1,2
17491,1,2
17492,1,3
17493,8,4
17494,3,3
17495,2,3
17496,1,2
17497,1,1
17498,1,0
17499,1,3
17500,1,3
17501,1,2
17502,1,3
17503,1,3
17504,1,2
17505,1,1
17506,1,1
17507,1,2
17508,1,2
17509,5,2
17510,1,4
17511,1,2
17512,1,2
17513,1,3
17514,1,4
17515,1,4
17516,2,4
17517,2,1
17518,2,1
17519,1,1
17520,1,1
17521,1,0
17522,1,1
17523,1,0
17524,4,0
17525,1,4
17526,1,1
17527,1,1
17528,1,1
17529,1,2
17530,5,2
17531,1,2
17532,1,3
17533,1,1
17534,1,2
17535,1,2
17536,1,1
17537,1,1
17538,1,0
17539,1,0
17540,1,0
17541,1,0
17542,1,0
17543,1,0
17544,1,0
17545,1,0
17546,1,0
17547,1,1
17548,1,1
17549,1,0
17550,1,1
17551,3,1
17552,1,1
17553,5,1
17554,1,2
17555,1,2
17556,2,2
17557,3,1
17558,2,2
17559,1,2
17560,1,1
17561,6,2
17562,4,3
17563,1,2
17564,2,2
17565,1,3
17566,5,3
17567,5,1
17568,2,2
17569,1,3
17570,1,1
17571,1,1
17572,2,1
17573,4,1
17574,3,2
17575,2,2
17576,2,2
17577,1,1
17578,2,1
17579,1,1
17580,1,1
17581,3,1
17582,1,2
17583,1,1
17584,1,2
17585,3,2
17586,1,1
17587,1,1
17588,1,1
17589,1,0
17590,1,1
17591,2,0
17592,3,1
17593,2,3
17594,2,1
17595,1,1
17596,7,2
17597,1,3
17598,6,2
17599,1,1
17600,5,2
17601,1,1
17602,1,1
17603,1,2
17604,1,3
17605,1,3
17606,1,2
17607,2,1
17608,4,1
17609,2,2
17610,1,2
17611,1,1
17612,1,1
17613,1,1
17614,1,0
17615,1,0
17616,1,0
17617,1,0
17618,1,0
17619,1,0
17620,1,2
17621,1,3
17622,5,2
17623,1,2
17624,2,1
17625,2,1
17626,1,1
17627,1,2
17628,1,1
17629,1,2
17630,1,1
17631,1,0
17632,1,0
17633,1,0
17634,1,2
17635,1,1
17636,1,0
17637,1,1
17638,1,1
17639,1,1
17640,4,1
17641,3,2
17642,2,1
17643,1,2
17644,1,2
17645,3,1
17646,1,2
17647,1,0
17648,1,1
17649,1,0
17650,1,0
17651,1,0
17652,1,0
17653,2,0
17654,3,1
17655,2,2
17656,1,1
17657,2,1
17658,1,1
17659,3,3
17660,1,2
17661,1,2
17662,1,1
17663,1,3
17664,5,2
17665,1,3
17666,1,2
17667,1,2
17668,1,2
17669,1,2
17670,4,2
17671,3,2
17672,1,2
17673,2,1
17674,2,1
17675,2,1
17676,1,2
17677,1,2
17678,1,2
17679,1,1
17680,1,0
17681,2,1
17682,1,1
17683,4,0
17684,4,5
17685,2,2
17686,1,1
17687,1,1
17688,1,1
17689,1,1
17690,6,1
17691,1,5
17692,1,1
17693,1,1
17694,2,1
17695,22,1
17696,1,17
17697,1,2
17698,51,1
17699,1,10
17700,1,1
17701,1,0
17702,1,0
17703,2,0
17704,1,0
17705,1,0
17706,1,0
17707,17,0
17708,3,3
17709,1,1
17710,1,0
17711,1,0
17712,1,0
17713,3,0
17714,1,0
17715,1,0
17716,1,1
17717,1,1
17718,1,1
17719,13,1
17720,1,5
17721,5,1
17722,1,0
17723,1,1
17724,20,0
17725,7,4
17726,1,2
17727,1,0
17728,4,1
17729,1,1
17730,6,1
17731,1,1
17732,1,1
17733,1,1
17734,1,1
17735,1,1
17736,1,1
17737,1,1
17738,1,1
17739,1,1
17740,1,1
17741,2,1
17742,1,1
17743,1,0
17744,3,1
17745,1,1
17746,1,0
17747,1,0
17748,1,1
17749,3,0
17750,4,1
17751,1,1
17752,1,1
17753,1,1
17754,1,1
17755,1,1
17756,1,1
17757,2,0
17758,3,0
17759,3,1
17760,1,1
17761,1,1
17762,1,1
17763,1,1
17764,1,1
17765,1,1
17766,4,1
17767,1,1
17768,1,1
17769,1,1
17770,1,1
17771,1,1
17772,6,1
17773,1,1
17774,1,1
17775,3,1
17776,1,1
17777,1,1
17778,5,2
17779,2,1
17780,1,2
17781,3,2
17782,1,1
17783,1,1
17784,1,0
17785,3,0
17786,1,1
17787,1,1
17788,1,1
17789,1,0
17790,1,0
17791,1,0
17792,1,0
17793,1,0
17794,1,1
17795,1,0
17796,1,1
17797,1,2
17798,1,1
17799,1,1
17800,6,1
17801,1,1
17802,5,1
17803,1,1
17804,1,1
17805,1,2
17806,8,2
17807,1,1
17808,1,2
17809,1,2
17810,1,2
17811,1,1
17812,1,1
17813,3,0
17814,1,1
17815,1,2
17816,1,1
17817,1,0
17818,1,0
17819,8,0
17820,5,4
17821,1,3
17822,2,0
17823,2,1
17824,4,1
17825,1,1
17826,1,1
17827,1,0
17828,2,0
17829,2,1
17830,2,1
17831,2,1
17832,1,1
17833,2,1
17834,1,1
17835,1,1
17836,1,0
17837,1,1
17838,1,0
17839,1,1
17840,1,1
17841,1,1
17842,1,2
17843,1,1
17844,1,0
17845,1,0
17846,1,4
17847,1,3
17848,10,0
17849,1,6
17850,1,1
17851,1,2
17852,1,1
17853,1,2
17854,1,2
17855,5,1
17856,1,1
17857,1,0
17858,1,1
17859,1,1
17860,1,1
17861,1,0
17862,1,0
17863,1,0
17864,1,0
17865,1,1
17866,1,0
17867,1,1
17868,1,1
17869,1,0
17870,2,0
17871,5,1
17872,1,2
17873,5,0
17874,2,2
17875,1,1
17876,1,1
17877,1,0
17878,5,0
17879,1,2
17880,1,0
17881,1,1
17882,1,2
17883,1,2
17884,1,2
17885,1,2
17886,1,2
17887,1,2
17888,1,1
17889,1,1
17890,1,1
17891,1,1
17892,1,1
17893,6,1
17894,1,1
17895,1,1
17896,1,1
17897,1,0
17898,2,0
17899,1,1
17900,2,0
17901,1,1
17902,1,0
17903,1,0
17904,1,0
17905,1,0
17906,1,0
17907,1,0
17908,1,0
17909,1,0
17910,1,2
17911,1,1
17912,1,1
17913,1,1
17914,2,0
17915,3,0
17916,3,1
17917,1,1
17918,1,1
17919,1,1
17920,10,1
17921,9,2
17922,1,3
17923,1,1
17924,7,2
17925,2,1
17926,1,3
17927,1,2
17928,1,2
17929,8,2
17930,1,1
17931,1,2
17932,1,3
17933,4,3
17934,4,2
17935,1,1
17936,10,2
17937,1,3
17938,1,2
17939,1,2
17940,1,1
17941,1,2
17942,1,1
17943,1,0
17944,1,0
17945,1,0
17946,1,0
17947,1,0
17948,1,5
17949,8,2
17950,1,4
17951,1,2
17952,1,2
17953,1,2
17954,8,2
17955,2,2
17956,1,1
17957,1,0
17958,1,0
17959,1,3
17960,1,2
17961,1,2
17962,1,3
17963,1,2
17964,1,2
17965,1,2
17966,1,2
17967,1,2
17968,1,2
17969,1,1
17970,1,1
17971,1,2
17972,1,2
17973,1,1
17974,1,1
17975,1,0
17976,1,1
17977,1,0
17978,1,0
17979,1,0
17980,1,0
17981,2,0
17982,1,0
17983,1,0
17984,1,1
17985,1,0
17986,1,1
17987,2,1
17988,1,1
17989,7,0
17990,1,5
17991,1,1
17992,1,1
17993,7,2
17994,1,1
17995,1,1
17996,1,1
17997,1,1
17998,6,1
17999,6,1
18000,1,0
18001,1,1
18002,1,2
18003,1,0
18004,1,1
18005,1,1
18006,1,1
18007,1,1
18008,1,0
18009,5,0
18010,1,2
18011,1,0
18012,1,0
18013,1,0
18014,1,2
18015,1,0
18016,1,0
18017,1,0
18018,4,1
18019,1,1
18020,1,1
18021,9,1
18022,1,4
18023,2,1
18024,1,1
18025,1,1
18026,1,2
18027,8,2
18028,1,1
18029,7,2
18030,2,1
18031,3,2
18032,2,1
18033,2,0
18034,1,1
18035,1,1
18036,1,1
18037,2,1
18038,5,1
18039,1,1
18040,4,1
18041,1,1
18042,1,1
18043,1,1
18044,1,1
18045,1,0
18046,1,1
18047,4,0
18048,1,2
18049,1,1
18050,1,1
18051,1,0
18052,1,1
18053,1,1
18054,1,1
18055,4,1
18056,1,0
18057,1,1
18058,1,1
18059,1,2
18060,1,1
18061,1,1
18062,1,2
18063,1,2
18064,1,0
18065,1,0
18066,7,0
18067,1,3
18068,3,1
18069,1,1
18070,9,1
18071,1,3
18072,1,2
18073,1,2
18074,1,0
18075,1,0
18076,30,0
18077,1,7
18078,1,3
18079,1,2
18080,1,1
18081,1,0
18082,13,0
18083,1,4
18084,1,0
18085,1,0
18086,1,1
18087,1,0
18088,1,0
18089,1,0
18090,1,1
18091,4,0
18092,1,0
18093,1,0
18094,10,0
18095,4,3
18096,1,1
18097,1,1
18098,1,1
18099,1,1
18100,1,1
18101,1,0
18102,14,0
18103,1,5
18104,1,1
18105,1,0
18106,1,1
18107,1,1
18108,15,0
18109,1,3
18110,1,1
18111,1,1
18112,1,1
18113,1,1
18114,1,1
18115,1,0
18116,1,1
18117,1,0
18118,1,0
18119,1,0
18120,1,0
18121,1,0
18122,2,0
18123,1,0
18124,1,0
18125,1,0
18126,1,0
18127,1,0
18128,1,0
18129,1,0
18130,7,0
18131,1,2
18132,8,0
18133,5,1
18134,1,1
18135,2,0
18136,3,0
18137,2,1
18138,6,1
18139,8,1
18140,5,1
18141,1,1
18142,5,1
18143,2,1
18144,5,1
18145,3,1
18146,6,1
18147,7,1
18148,6,1
18149,5,2
18150,3,2
18151,2,1
18152,6,1
18153,2,2
18154,3,1
18155,5,1
18156,2,2
18157,4,1
18158,7,2
18159,7,2
18160,2,2
18161,3,3
18162,4,1
18163,3,2
18164,1,2
18165,1,2
18166,2,1
18167,2,1
18168,1,1
18169,3,1
18170,2,1
18171,3,1
18172,1,1
18173,2,1
18174,1,1
18175,3,1
18176,2,1
18177,3,1
18178,2,1
18179,3,1
18180,4,1
18181,3,2
18182,7,2
18183,4,3
18184,1,2
18185,2,1
18186,1,1
18187,1,1
18188,1,1
18189,1,1
18190,1,0
18191,1,0
18192,1,0
18193,2,0
18194,2,1
18195,3,1
18196,1,1
18197,1,1
18198,1,0
18199,1,1
18200,7,0
18201,2,9
18202,4,1
18203,2,1
18204,2,2
18205,1,1
18206,1,1
18207,1,0
18208,3,0
18209,2,2
18210,1,1
18211,2,1
18212,1,1
18213,1,0
18214,2,0
18215,1,1
18216,2,0
18217,1,1
18218,2,1
18219,4,1
18220,1,2
18221,2,1
18222,1,1
18223,3,1
18224,1,1
18225,3,2
18226,1,1
18227,6,1
18228,1,2
18229,1,1
18230,2,1
18231,1,1
18232,2,0
18233,3,1
18234,3,2
18235,3,1
18236,3,1
18237,2,2
18238,2,1
18239,2,1
18240,2,1
18241,2,1
18242,2,1
18243,1,1
18244,1,1
18245,1,0
18246,1,0
18247,2,0
18248,2,1
18249,6,1
18250,7,3
18251,3,3
18252,4,3
18253,2,2
18254,8,2
18255,7,2
18256,2,2
18257,1,4
18258,7,3
18259,6,2
18260,7,2
18261,2,2
18262,1,4
18263,4,3
18264,3,2
18265,1,2
18266,1,2
18267,5,4
18268,5,1
18269,5,2
18270,2,2
18271,3,3
18272,1,2
18273,1,1
18274,1,1
18275,3,1
18276,2,2
18277,1,1
18278,1,1
18279,1,1
18280,1,0
18281,1,0
18282,4,0
18283,4,2
18284,3,2
18285,1,2
18286,3,1
18287,4,1
18288,3,2
18289,3,2
18290,5,2
18291,4,3
18292,4,3
18293,3,3
18294,1,3
18295,4,2
18296,1,2
18297,1,1
18298,7,2
18299,5,3
18300,3,3
18301,3,3
18302,3,3
18303,6,2
18304,2,3
18305,5,3
18306,3,3
18307,1,3
18308,3,3
18309,4,2
18310,7,3
18311,3,4
18312,3,3
18313,3,3
18314,4,2
18315,1,3
18316,5,2
18317,7,3
18318,2,3
18319,1,3
18320,10,4
18321,5,4
18322,4,4
18323,6,6
18324,4,3
18325,6,5
18326,6,4
18327,3,4
18328,5,5
18329,6,3
18330,6,4
18331,6,4
18332,2,4
18333,3,6
18334,6,3
18335,4,3
18336,6,3
18337,5,3
18338,2,4
18339,1,3
18340,2,4
18341,3,2
18342,4,2
18343,1,3
18344,4,4
18345,1,2
18346,1,3
18347,1,3
18348,3,3
18349,1,2
18350,4,2
18351,5,2
18352,6,3
18353,4,4
18354,6,4
18355,11,5
18356,2,7
18357,3,5
18358,10,3
18359,6,11
18360,7,5
18361,3,4
18362,1,2
18363,1,5
18364,6,4
18365,3,3
18366,1,5
18367,1,3
18368,8,3
18369,7,7
18370,6,3
18371,1,3
18372,8,4
18373,1,3
18374,1,2
18375,1,4
18376,1,4
18377,1,4
18378,1,2
18379,1,1
18380,5,4
18381,5,2
18382,4,2
18383,7,2
18384,1,2
18385,1,1
18386,1,3
18387,7,3
18388,5,3
18389,1,2
18390,1,1
18391,2,5
18392,5,3
18393,1,2
18394,6,1
18395,2,2
18396,1,3
18397,1,3
18398,1,2
18399,3,1
18400,1,2
18401,1,1
18402,5,1
18403,1,3
18404,2,2
18405,1,1
18406,1,1
18407,1,1
18408,1,2
18409,1,3
18410,2,1
18411,1,3
18412,1,1
18413,11,0
18414,1,17
18415,1,1
18416,4,0
18417,4,1
18418,2,1
18419,3,1
18420,2,1
18421,4,1
18422,1,1
18423,2,1
18424,3,1
18425,3,1
18426,1,1
18427,1,1
18428,1,1
18429,4,1
18430,1,1
18431,1,1
18432,2,1
18433,1,1
18434,1,0
18435,1,0
18436,1,0
18437,2,0
18438,1,1
18439,1,0
18440,1,0
18441,1,0
18442,1,0
18443,1,0
18444,1,1
18445,4,1
18446,3,1
18447,3,1
18448,9,2
18449,2,2
18450,1,3
18451,3,2
18452,1,1
18453,9,1
18454,1,5
18455,4,1
18456,1,1
18457,7,0
18458,5,2
18459,4,1
18460,1,2
18461,1,1
18462,4,2
18463,7,1
18464,4,2
18465,5,2
18466,1,2
18467,4,2
18468,1,1
18469,1,1
18470,7,3
18471,6,2
18472,4,1
18473,4,2
18474,6,3
18475,2,2
18476,1,3
18477,8,2
18478,11,3
18479,1,4
18480,7,2
18481,3,2
18482,3,3
18483,1,4
18484,3,3
18485,1,2
18486,1,2
18487,1,1
18488,1,1
18489,1,1
18490,2,1
18491,1,1
18492,1,0
18493,2,0
18494,1,1
18495,2,0
18496,1,1
18497,1,0
18498,3,0
18499,2,3
18500,1,1
18501,1,1
18502,2,0
18503,1,2
18504,2,0
18505,2,1
18506,1,1
18507,4,1
18508,4,2
18509,2,2
18510,4,2
18511,2,1
18512,3,2
18513,3,1
18514,2,2
18515,1,2
18516,1,1
18517,1,0
18518,1,0
18519,1,0
18520,1,0
18521,1,1
18522,3,3
18523,4,2
18524,6,2
18525,1,3
18526,8,2
18527,3,2
18528,3,3
18529,2,5
18530,2,3
18531,6,1
18532,6,2
18533,1,2
18534,1,2
18535,1,3
18536,1,1
18537,2,3
18538,7,2
18539,8,1
18540,2,2
18541,2,2
18542,4,4
18543,2,2
18544,1,4
18545,6,3
18546,4,2
18547,4,2
18548,1,3
18549,2,2
18550,3,3
18551,3,2
18552,3,2
18553,3,1
18554,1,2
18555,3,2
18556,2,2
18557,2,1
18558,2,1
18559,1,1
18560,1,1
18561,1,0
18562,1,0
18563,1,0
18564,1,0
18565,1,0
18566,1,0
18567,1,0
18568,1,0
18569,1,0
18570,1,0
18571,1,0
18572,1,1
18573,1,0
18574,1,0
18575,2,0
18576,1,1
18577,1,0
18578,1,2
18579,8,3
18580,6,5
18581,2,5
18582,1,1
18583,3,1
18584,3,1
18585,3,2
18586,3,2
18587,4,1
18588,2,2
18589,5,1
18590,8,3
18591,2,5
18592,1,3
18593,1,3
18594,2,1
18595,1,4
18596,1,2
18597,9,0
18598,12,8
18599,10,8
18600,3,6
18601,3,3
18602,1,4
18603,1,4
18604,1,4
18605,6,3
18606,8,2
18607,5,4
18608,11,2
18609,9,6
18610,2,6
18611,6,4
18612,6,4
18613,1,3
18614,1,1
18615,4,1
18616,9,3
18617,1,6
18618,5,2
18619,4,2
18620,1,2
18621,1,1
18622,4,1
18623,2,3
18624,1,2
18625,2,2
18626,2,1
18627,1,1
18628,1,1
18629,1,1
18630,1,1
18631,3,2
18632,3,2
18633,1,2
18634,1,1
18635,1,1
18636,1,1
18637,5,1
18638,3,2
18639,3,1
18640,4,2
18641,1,2
18642,4,2
18643,2,3
18644,1,2
18645,1,3
18646,1,1
18647,1,3
18648,1,2
18649,1,3
18650,1,2
18651,1,3
18652,1,1
18653,1,1
18654,1,1
18655,1,2
18656,2,3
18657,5,1
18658,5,2
18659,1,3
18660,6,2
18661,1,3
18662,4,1
18663,2,2
18664,4,1
18665,1,3
18666,1,1
18667,2,2
18668,1,1
18669,1,1
18670,1,1
18671,2,1
18672,1,1
18673,2,0
18674,5,1
18675,7,5
18676,2,6
18677,6,4
18678,4,3
18679,3,2
18680,2,3
18681,8,2
18682,7,9
18683,3,4
18684,4,4
18685,3,2
18686,2,3
18687,7,2
18688,2,3
18689,6,2
18690,4,3
18691,1,3
18692,1,2
18693,1,1
18694,4,3
18695,3,2
18696,2,2
18697,2,1
18698,5,1
18699,4,3
18700,4,3
18701,2,3
18702,17,3
18703,1,21
18704,50,1
18705,28,12
18706,6,24
18707,2,4
18708,6,2
18709,5,1
18710,6,2
18711,5,2
18712,2,2
18713,2,1
18714,7,3
18715,2,2
18716,3,3
18717,4,2
18718,4,1
18719,3,2
18720,1,2
18721,1,1
18722,3,1
18723,1,1
18724,2,1
18725,3,1
18726,2,1
18727,4,1
18728,2,2
18729,4,1
18730,1,1
18731,4,1
18732,1,1
18733,1,1
18734,1,1
18735,1,1
18736,1,1
18737,1,0
18738,1,0
18739,1,0
18740,1,0
18741,1,0
18742,2,0
18743,1,1
18744,2,0
18745,1,1
18746,1,0
18747,3,0
18748,3,2
18749,1,1
18750,1,1
18751,1,0
18752,3,0
18753,4,2
18754,4,2
18755,1,2
18756,1,2
18757,1,0
18758,1,1
18759,1,0
18760,1,0
18761,1,0
18762,1,0
18763,2,0
18764,1,1
18765,1,0
18766,1,0
18767,1,0
18768,1,0
18769,3,0
18770,5,2
18771,2,2
18772,1,2
18773,6,1
18774,3,2
18775,1,2
18776,2,2
18777,1,3
18778,4,1
18779,5,1
18780,2,2
18781,1,2
18782,1,1
18783,2,2
18784,1,1
18785,2,2
18786,4,2
18787,4,2
18788,3,1
18789,2,1
18790,6,1
18791,1,1
18792,5,2
18793,6,1
18794,2,2
18795,3,3
18796,1,3
18797,1,3
18798,1,3
18799,1,3
18800,1,2
18801,1,2
18802,1,1
18803,1,1
18804,3,2
18805,2,1
18806,3,2
18807,1,1
18808,1,2
18809,1,1
18810,1,1
18811,3,1
18812,1,1
18813,2,1
18814,2,1
18815,2,1
18816,1,1
18817,3,1
18818,1,1
18819,2,1
18820,1,1
18821,1,0
18822,1,0
18823,1,1
18824,1,0
18825,1,0
18826,1,0
18827,1,0
18828,1,0
18829,1,0
18830,1,0
18831,1,0
18832,2,0
18833,1,2
18834,1,0
18835,1,0
18836,1,0
18837,1,0
18838,2,0
18839,1,1
18840,1,0
18841,1,0
18842,1,0
18843,2,0
18844,3,1
18845,5,2
18846,3,2
18847,2,2
18848,1,2
18849,5,2
18850,1,2
18851,1,2
18852,1,2
18853,1,1
18854,1,2
18855,4,2
18856,1,2
18857,1,1
18858,3,2
18859,3,2
18860,1,1
18861,1,1
18862,1,1
18863,1,1
18864,1,2
18865,1,1
18866,3,2
18867,2,1
18868,3,2
18869,1,1
18870,1,1
18871,4,2
18872,1,2
18873,1,2
18874,1,1
18875,1,0
18876,3,0
18877,1,2
18878,1,0
18879,1,0
18880,1,0
18881,1,0
18882,1,0
18883,1,0
18884,1,0
18885,3,0
18886,1,2
18887,1,1
18888,2,0
18889,1,2
18890,3,0
18891,1,3
18892,2,1
18893,2,1
18894,2,1
18895,3,1
18896,2,1
18897,1,2
18898,1,1
18899,1,2
18900,1,2
18901,8,2
18902,1,3
18903,5,1
18904,1,2
18905,1,2
18906,10,0
18907,1,10
18908,8,2
18909,4,2
18910,2,1
18911,3,2
18912,2,2
18913,6,2
18914,4,2
18915,1,3
18916,6,2
18917,3,2
18918,4,3
18919,2,2
18920,5,2
18921,3,2
18922,2,2
18923,3,2
18924,1,1
18925,2,1
18926,1,2
18927,1,2
18928,1,1
18929,2,1
18930,1,1
18931,2,1
18932,5,2
18933,1,2
18934,1,1
18935,1,2
18936,1,1
18937,1,1
18938,1,1
18939,2,1
18940,3,1
18941,1,1
18942,1,1
18943,2,2
18944,1,1
18945,1,1
18946,1,0
18947,1,0
18948,3,0
18949,1,2
18950,1,1
18951,1,0
18952,2,0
18953,1,1
18954,1,0
